exRNA000003	exRNA000004	exRNA000005	exRNA000008	exRNA000009	exRNA000015	exRNA000016	exRNA000017	exRNA000027	exRNA000028	exRNA000029	exRNA000035	exRNA000036	exRNA000040	exRNA000042	exRNA000043	exRNA000044	exRNA000047	exRNA000050	exRNA000053	exRNA000056	exRNA000058	exRNA000059	exRNA000060	exRNA000061	exRNA000066	exRNA000067	exRNA000077	exRNA000084	exRNA000089	exRNA000091	exRNA000097	exRNA000098	exRNA000110	exRNA000130	exRNA000139	exRNA000145	exRNA000161	exRNA000164	exRNA000165	exRNA000172	exRNA000173	exRNA000183	exRNA000211	exRNA000226	exRNA000250	exRNA000251	exRNA000290	exRNA000311	exRNA000312	exRNA000317	exRNA000326	exRNA000344	exRNA000348	exRNA000394	exRNA000408	exRNA000561	exRNA000565	exRNA000673	exRNA000760	exRNA000822	exRNA000841
-0.16681948	0.0	0.0	0.0	0.0	0.0	0.0	0.0	0.0	0.0	0.0	0.0	0.0	0.0	0.0	0.0	0.0	0.0	0.0	0.0	0.0	0.0	0.0	0.0	0.0	0.0	0.0	0.0	0.0	0.0	-0.32235616	0.0	0.0	0.0	0.02349383	0.0	-0.17207989	0.0	0.0	0.0	0.0	0.0	0.0	0.07218147	0.0	0.0	0.0	0.0	0.0	0.0	0.0	0.0	0.0	0.0	0.0	0.0	0.0	0.0	0.24149925	0.0	0.0	0.0
0.061207153	0.0	0.0	0.0	0.0	0.0	0.0	0.0	0.0	0.0	0.0	0.0	0.0	0.0	0.0	0.0	0.0	0.0	0.0	0.0	0.0	0.0	0.0	0.0	0.0	0.0	0.0	0.0	0.0	0.0	0.09001199	0.0	0.0	0.0	0.02349383	0.0	0.40383846	0.0	0.0	0.0	0.0	0.0	0.0	-0.06849599	0.0	0.0	0.0	0.0	0.0	0.0	0.0	0.0	0.0	0.0	0.0	0.0	0.0	0.0	0.24149925	0.0	0.0	0.0
0.061207153	0.0	0.0	0.0	0.0	0.0	0.0	0.0	0.0	0.0	0.0	0.0	0.0	0.0	0.0	0.0	0.0	0.0	0.0	0.0	0.0	0.0	0.0	0.0	0.0	0.0	0.0	0.0	0.0	0.0	0.09001199	0.0	0.0	0.0	0.02349383	0.0	-0.17207989	0.0	0.0	0.0	0.0	0.0	0.0	-0.06849599	0.0	0.0	0.0	0.0	0.0	0.0	0.0	0.0	0.0	0.0	0.0	0.0	0.0	0.0	0.24149925	0.0	0.0	0.0
-0.16681948	0.0	0.0	0.0	0.0	0.0	0.0	0.0	0.0	0.0	0.0	0.0	0.0	0.0	0.0	0.0	0.0	0.0	0.0	0.0	0.0	0.0	0.0	0.0	0.0	0.0	0.0	0.0	0.0	0.0	-0.32235616	0.0	0.0	0.0	-0.2514051	0.0	-0.17207989	0.0	0.0	0.0	0.0	0.0	0.0	0.07218147	0.0	0.0	0.0	0.0	0.0	0.0	0.0	0.0	0.0	0.0	0.0	0.0	0.0	0.0	0.24149925	0.0	0.0	0.0
-0.16681948	0.0	0.0	0.0	0.0	0.0	0.0	0.0	0.0	0.0	0.0	0.0	0.0	0.0	0.0	0.0	0.0	0.0	0.0	0.0	0.0	0.0	0.0	0.0	0.0	0.0	0.0	0.0	0.0	0.0	-0.32235616	0.0	0.0	0.0	0.02349383	0.0	-0.17207989	0.0	0.0	0.0	0.0	0.0	0.0	0.07218147	0.0	0.0	0.0	0.0	0.0	0.0	0.0	0.0	0.0	0.0	0.0	0.0	0.0	0.0	0.24149925	0.0	0.0	0.0
0.061207153	0.0	0.0	0.0	0.0	0.0	0.0	0.0	0.0	0.0	0.0	0.0	0.0	0.0	0.0	0.0	0.0	0.0	0.0	0.0	0.0	0.0	0.0	0.0	0.0	0.0	0.0	0.0	0.0	0.0	0.09001199	0.0	0.0	0.0	0.02349383	0.0	-0.17207989	0.0	0.0	0.0	0.0	0.0	0.0	0.07218147	0.0	0.0	0.0	0.0	0.0	0.0	0.0	0.0	0.0	0.0	0.0	0.0	0.0	0.0	0.24149925	0.0	0.0	0.0
0.061207153	0.0	0.0	0.0	0.0	0.0	0.0	0.0	0.0	0.0	0.0	0.0	0.0	0.0	0.0	0.0	0.0	0.0	0.0	0.0	0.0	0.0	0.0	0.0	0.0	0.0	0.0	0.0	0.0	0.0	0.09001199	0.0	0.0	0.0	0.02349383	0.0	0.1987723	0.0	0.0	0.0	0.0	0.0	0.0	0.07218147	0.0	0.0	0.0	0.0	0.0	0.0	0.0	0.0	0.0	0.0	0.0	0.0	0.0	0.0	0.24149925	0.0	0.0	0.0
0.061207153	0.0	0.0	0.0	0.0	0.0	0.0	0.0	0.0	0.0	0.0	0.0	0.0	0.0	0.0	0.0	0.0	0.0	0.0	0.0	0.0	0.0	0.0	0.0	0.0	0.0	0.0	0.0	0.0	0.0	0.09001199	0.0	0.0	0.0	0.02349383	0.0	0.40383846	0.0	0.0	0.0	0.0	0.0	0.0	0.07218147	0.0	0.0	0.0	0.0	0.0	0.0	0.0	0.0	0.0	0.0	0.0	0.0	0.0	0.0	-0.13413513	0.0	0.0	0.0
-0.16681948	0.0	0.0	0.0	0.0	0.0	0.0	0.0	0.0	0.0	0.0	0.0	0.0	0.0	0.0	0.0	0.0	0.0	0.0	0.0	0.0	0.0	0.0	0.0	0.0	0.0	0.0	0.0	0.0	0.0	-0.32235616	0.0	0.0	0.0	-0.2514051	0.0	0.016681336	0.0	0.0	0.0	0.0	0.0	0.0	-0.06849599	0.0	0.0	0.0	0.0	0.0	0.0	0.0	0.0	0.0	0.0	0.0	0.0	0.0	0.0	0.24149925	0.0	0.0	0.0
0.061207153	0.0	0.0	0.0	0.0	0.0	0.0	0.0	0.0	0.0	0.0	0.0	0.0	0.0	0.0	0.0	0.0	0.0	0.0	0.0	0.0	0.0	0.0	0.0	0.0	0.0	0.0	0.0	0.0	0.0	0.09001199	0.0	0.0	0.0	0.02349383	0.0	-0.17207989	0.0	0.0	0.0	0.0	0.0	0.0	0.07218147	0.0	0.0	0.0	0.0	0.0	0.0	0.0	0.0	0.0	0.0	0.0	0.0	0.0	0.0	0.24149925	0.0	0.0	0.0
-0.16681948	0.0	0.0	0.0	0.0	0.0	0.0	0.0	0.0	0.0	0.0	0.0	0.0	0.0	0.0	0.0	0.0	0.0	0.0	0.0	0.0	0.0	0.0	0.0	0.0	0.0	0.0	0.0	0.0	0.0	-0.32235616	0.0	0.0	0.0	-0.2514051	0.0	-0.17207989	0.0	0.0	0.0	0.0	0.0	0.0	0.07218147	0.0	0.0	0.0	0.0	0.0	0.0	0.0	0.0	0.0	0.0	0.0	0.0	0.0	0.0	0.24149925	0.0	0.0	0.0
-0.16681948	0.0	0.0	0.0	0.0	0.0	0.0	0.0	0.0	0.0	0.0	0.0	0.0	0.0	0.0	0.0	0.0	0.0	0.0	0.0	0.0	0.0	0.0	0.0	0.0	0.0	0.0	0.0	0.0	0.0	-0.32235616	0.0	0.0	0.0	-0.2514051	0.0	-0.17207989	0.0	0.0	0.0	0.0	0.0	0.0	0.07218147	0.0	0.0	0.0	0.0	0.0	0.0	0.0	0.0	0.0	0.0	0.0	0.0	0.0	0.0	0.24149925	0.0	0.0	0.0
0.061207153	0.0	0.0	0.0	0.0	0.0	0.0	0.0	0.0	0.0	0.0	0.0	0.0	0.0	0.0	0.0	0.0	0.0	0.0	0.0	0.0	0.0	0.0	0.0	0.0	0.0	0.0	0.0	0.0	0.0	0.09001199	0.0	0.0	0.0	0.02349383	0.0	-0.17207989	0.0	0.0	0.0	0.0	0.0	0.0	-0.06849599	0.0	0.0	0.0	0.0	0.0	0.0	0.0	0.0	0.0	0.0	0.0	0.0	0.0	0.0	-0.13413513	0.0	0.0	0.0
0.061207153	0.0	0.0	0.0	0.0	0.0	0.0	0.0	0.0	0.0	0.0	0.0	0.0	0.0	0.0	0.0	0.0	0.0	0.0	0.0	0.0	0.0	0.0	0.0	0.0	0.0	0.0	0.0	0.0	0.0	0.09001199	0.0	0.0	0.0	0.02349383	0.0	-0.17207989	0.0	0.0	0.0	0.0	0.0	0.0	0.07218147	0.0	0.0	0.0	0.0	0.0	0.0	0.0	0.0	0.0	0.0	0.0	0.0	0.0	0.0	0.24149925	0.0	0.0	0.0
0.061207153	0.0	0.0	0.0	0.0	0.0	0.0	0.0	0.0	0.0	0.0	0.0	0.0	0.0	0.0	0.0	0.0	0.0	0.0	0.0	0.0	0.0	0.0	0.0	0.0	0.0	0.0	0.0	0.0	0.0	0.09001199	0.0	0.0	0.0	0.02349383	0.0	0.1987723	0.0	0.0	0.0	0.0	0.0	0.0	0.07218147	0.0	0.0	0.0	0.0	0.0	0.0	0.0	0.0	0.0	0.0	0.0	0.0	0.0	0.0	-0.13413513	0.0	0.0	0.0
-0.16681948	0.0	0.0	0.0	0.0	0.0	0.0	0.0	0.0	0.0	0.0	0.0	0.0	0.0	0.0	0.0	0.0	0.0	0.0	0.0	0.0	0.0	0.0	0.0	0.0	0.0	0.0	0.0	0.0	0.0	-0.32235616	0.0	0.0	0.0	-0.2514051	0.0	-0.17207989	0.0	0.0	0.0	0.0	0.0	0.0	0.07218147	0.0	0.0	0.0	0.0	0.0	0.0	0.0	0.0	0.0	0.0	0.0	0.0	0.0	0.0	0.24149925	0.0	0.0	0.0
-0.16681948	0.0	0.0	0.0	0.0	0.0	0.0	0.0	0.0	0.0	0.0	0.0	0.0	0.0	0.0	0.0	0.0	0.0	0.0	0.0	0.0	0.0	0.0	0.0	0.0	0.0	0.0	0.0	0.0	0.0	-0.32235616	0.0	0.0	0.0	-0.2514051	0.0	-0.17207989	0.0	0.0	0.0	0.0	0.0	0.0	0.07218147	0.0	0.0	0.0	0.0	0.0	0.0	0.0	0.0	0.0	0.0	0.0	0.0	0.0	0.0	0.24149925	0.0	0.0	0.0
0.061207153	0.0	0.0	0.0	0.0	0.0	0.0	0.0	0.0	0.0	0.0	0.0	0.0	0.0	0.0	0.0	0.0	0.0	0.0	0.0	0.0	0.0	0.0	0.0	0.0	0.0	0.0	0.0	0.0	0.0	0.09001199	0.0	0.0	0.0	0.02349383	0.0	-0.17207989	0.0	0.0	0.0	0.0	0.0	0.0	-0.06849599	0.0	0.0	0.0	0.0	0.0	0.0	0.0	0.0	0.0	0.0	0.0	0.0	0.0	0.0	-0.13413513	0.0	0.0	0.0
-0.16681948	0.0	0.0	0.0	0.0	0.0	0.0	0.0	0.0	0.0	0.0	0.0	0.0	0.0	0.0	0.0	0.0	0.0	0.0	0.0	0.0	0.0	0.0	0.0	0.0	0.0	0.0	0.0	0.0	0.0	-0.32235616	0.0	0.0	0.0	0.02349383	0.0	-0.17207989	0.0	0.0	0.0	0.0	0.0	0.0	0.07218147	0.0	0.0	0.0	0.0	0.0	0.0	0.0	0.0	0.0	0.0	0.0	0.0	0.0	0.0	0.24149925	0.0	0.0	0.0
0.061207153	0.0	0.0	0.0	0.0	0.0	0.0	0.0	0.0	0.0	0.0	0.0	0.0	0.0	0.0	0.0	0.0	0.0	0.0	0.0	0.0	0.0	0.0	0.0	0.0	0.0	0.0	0.0	0.0	0.0	0.09001199	0.0	0.0	0.0	0.02349383	0.0	-0.17207989	0.0	0.0	0.0	0.0	0.0	0.0	-0.06849599	0.0	0.0	0.0	0.0	0.0	0.0	0.0	0.0	0.0	0.0	0.0	0.0	0.0	0.0	0.24149925	0.0	0.0	0.0
-0.16681948	0.0	0.0	0.0	0.0	0.0	0.0	0.0	0.0	0.0	0.0	0.0	0.0	0.0	0.0	0.0	0.0	0.0	0.0	0.0	0.0	0.0	0.0	0.0	0.0	0.0	0.0	0.0	0.0	0.0	-0.32235616	0.0	0.0	0.0	0.02349383	0.0	-0.17207989	0.0	0.0	0.0	0.0	0.0	0.0	0.07218147	0.0	0.0	0.0	0.0	0.0	0.0	0.0	0.0	0.0	0.0	0.0	0.0	0.0	0.0	0.24149925	0.0	0.0	0.0
-0.16681948	0.0	0.0	0.0	0.0	0.0	0.0	0.0	0.0	0.0	0.0	0.0	0.0	0.0	0.0	0.0	0.0	0.0	0.0	0.0	0.0	0.0	0.0	0.0	0.0	0.0	0.0	0.0	0.0	0.0	-0.1046048	0.0	0.0	0.0	0.02349383	0.0	-0.17207989	0.0	0.0	0.0	0.0	0.0	0.0	0.07218147	0.0	0.0	0.0	0.0	0.0	0.0	0.0	0.0	0.0	0.0	0.0	0.0	0.0	0.0	0.24149925	0.0	0.0	0.0
0.061207153	0.0	0.0	0.0	0.0	0.0	0.0	0.0	0.0	0.0	0.0	0.0	0.0	0.0	0.0	0.0	0.0	0.0	0.0	0.0	0.0	0.0	0.0	0.0	0.0	0.0	0.0	0.0	0.0	0.0	0.09001199	0.0	0.0	0.0	0.02349383	0.0	-0.17207989	0.0	0.0	0.0	0.0	0.0	0.0	0.07218147	0.0	0.0	0.0	0.0	0.0	0.0	0.0	0.0	0.0	0.0	0.0	0.0	0.0	0.0	-0.13413513	0.0	0.0	0.0
0.061207153	0.0	0.0	0.0	0.0	0.0	0.0	0.0	0.0	0.0	0.0	0.0	0.0	0.0	0.0	0.0	0.0	0.0	0.0	0.0	0.0	0.0	0.0	0.0	0.0	0.0	0.0	0.0	0.0	0.0	0.09001199	0.0	0.0	0.0	0.02349383	0.0	0.40383846	0.0	0.0	0.0	0.0	0.0	0.0	0.07218147	0.0	0.0	0.0	0.0	0.0	0.0	0.0	0.0	0.0	0.0	0.0	0.0	0.0	0.0	0.24149925	0.0	0.0	0.0
0.061207153	0.0	0.0	0.0	0.0	0.0	0.0	0.0	0.0	0.0	0.0	0.0	0.0	0.0	0.0	0.0	0.0	0.0	0.0	0.0	0.0	0.0	0.0	0.0	0.0	0.0	0.0	0.0	0.0	0.0	0.09001199	0.0	0.0	0.0	0.02349383	0.0	-0.17207989	0.0	0.0	0.0	0.0	0.0	0.0	0.07218147	0.0	0.0	0.0	0.0	0.0	0.0	0.0	0.0	0.0	0.0	0.0	0.0	0.0	0.0	0.24149925	0.0	0.0	0.0
0.061207153	0.0	0.0	0.0	0.0	0.0	0.0	0.0	0.0	0.0	0.0	0.0	0.0	0.0	0.0	0.0	0.0	0.0	0.0	0.0	0.0	0.0	0.0	0.0	0.0	0.0	0.0	0.0	0.0	0.0	0.09001199	0.0	0.0	0.0	0.02349383	0.0	0.40383846	0.0	0.0	0.0	0.0	0.0	0.0	0.07218147	0.0	0.0	0.0	0.0	0.0	0.0	0.0	0.0	0.0	0.0	0.0	0.0	0.0	0.0	0.24149925	0.0	0.0	0.0
0.061207153	0.0	0.0	0.0	0.0	0.0	0.0	0.0	0.0	0.0	0.0	0.0	0.0	0.0	0.0	0.0	0.0	0.0	0.0	0.0	0.0	0.0	0.0	0.0	0.0	0.0	0.0	0.0	0.0	0.0	0.09001199	0.0	0.0	0.0	0.02349383	0.0	0.1987723	0.0	0.0	0.0	0.0	0.0	0.0	0.07218147	0.0	0.0	0.0	0.0	0.0	0.0	0.0	0.0	0.0	0.0	0.0	0.0	0.0	0.0	0.24149925	0.0	0.0	0.0
0.061207153	0.0	0.0	0.0	0.0	0.0	0.0	0.0	0.0	0.0	0.0	0.0	0.0	0.0	0.0	0.0	0.0	0.0	0.0	0.0	0.0	0.0	0.0	0.0	0.0	0.0	0.0	0.0	0.0	0.0	0.09001199	0.0	0.0	0.0	0.02349383	0.0	0.1987723	0.0	0.0	0.0	0.0	0.0	0.0	0.07218147	0.0	0.0	0.0	0.0	0.0	0.0	0.0	0.0	0.0	0.0	0.0	0.0	0.0	0.0	0.24149925	0.0	0.0	0.0
-0.16681948	0.0	0.0	0.0	0.0	0.0	0.0	0.0	0.0	0.0	0.0	0.0	0.0	0.0	0.0	0.0	0.0	0.0	0.0	0.0	0.0	0.0	0.0	0.0	0.0	0.0	0.0	0.0	0.0	0.0	-0.32235616	0.0	0.0	0.0	0.02349383	0.0	-0.17207989	0.0	0.0	0.0	0.0	0.0	0.0	-0.06849599	0.0	0.0	0.0	0.0	0.0	0.0	0.0	0.0	0.0	0.0	0.0	0.0	0.0	0.0	0.24149925	0.0	0.0	0.0
-0.16681948	0.0	0.0	0.0	0.0	0.0	0.0	0.0	0.0	0.0	0.0	0.0	0.0	0.0	0.0	0.0	0.0	0.0	0.0	0.0	0.0	0.0	0.0	0.0	0.0	0.0	0.0	0.0	0.0	0.0	-0.32235616	0.0	0.0	0.0	-0.2514051	0.0	-0.17207989	0.0	0.0	0.0	0.0	0.0	0.0	0.07218147	0.0	0.0	0.0	0.0	0.0	0.0	0.0	0.0	0.0	0.0	0.0	0.0	0.0	0.0	0.24149925	0.0	0.0	0.0
0.061207153	0.0	0.0	0.0	0.0	0.0	0.0	0.0	0.0	0.0	0.0	0.0	0.0	0.0	0.0	0.0	0.0	0.0	0.0	0.0	0.0	0.0	0.0	0.0	0.0	0.0	0.0	0.0	0.0	0.0	0.09001199	0.0	0.0	0.0	0.02349383	0.0	0.40383846	0.0	0.0	0.0	0.0	0.0	0.0	0.07218147	0.0	0.0	0.0	0.0	0.0	0.0	0.0	0.0	0.0	0.0	0.0	0.0	0.0	0.0	0.24149925	0.0	0.0	0.0
0.061207153	0.0	0.0	0.0	0.0	0.0	0.0	0.0	0.0	0.0	0.0	0.0	0.0	0.0	0.0	0.0	0.0	0.0	0.0	0.0	0.0	0.0	0.0	0.0	0.0	0.0	0.0	0.0	0.0	0.0	0.09001199	0.0	0.0	0.0	0.02349383	0.0	0.1987723	0.0	0.0	0.0	0.0	0.0	0.0	-0.06849599	0.0	0.0	0.0	0.0	0.0	0.0	0.0	0.0	0.0	0.0	0.0	0.0	0.0	0.0	0.24149925	0.0	0.0	0.0
-0.16681948	0.0	0.0	0.0	0.0	0.0	0.0	0.0	0.0	0.0	0.0	0.0	0.0	0.0	0.0	0.0	0.0	0.0	0.0	0.0	0.0	0.0	0.0	0.0	0.0	0.0	0.0	0.0	0.0	0.0	-0.32235616	0.0	0.0	0.0	-0.2514051	0.0	-0.17207989	0.0	0.0	0.0	0.0	0.0	0.0	0.07218147	0.0	0.0	0.0	0.0	0.0	0.0	0.0	0.0	0.0	0.0	0.0	0.0	0.0	0.0	0.24149925	0.0	0.0	0.0
0.061207153	0.0	0.0	0.0	0.0	0.0	0.0	0.0	0.0	0.0	0.0	0.0	0.0	0.0	0.0	0.0	0.0	0.0	0.0	0.0	0.0	0.0	0.0	0.0	0.0	0.0	0.0	0.0	0.0	0.0	0.09001199	0.0	0.0	0.0	0.02349383	0.0	0.016681336	0.0	0.0	0.0	0.0	0.0	0.0	0.07218147	0.0	0.0	0.0	0.0	0.0	0.0	0.0	0.0	0.0	0.0	0.0	0.0	0.0	0.0	0.24149925	0.0	0.0	0.0
-0.16681948	0.0	0.0	0.0	0.0	0.0	0.0	0.0	0.0	0.0	0.0	0.0	0.0	0.0	0.0	0.0	0.0	0.0	0.0	0.0	0.0	0.0	0.0	0.0	0.0	0.0	0.0	0.0	0.0	0.0	-0.32235616	0.0	0.0	0.0	0.02349383	0.0	0.40383846	0.0	0.0	0.0	0.0	0.0	0.0	0.07218147	0.0	0.0	0.0	0.0	0.0	0.0	0.0	0.0	0.0	0.0	0.0	0.0	0.0	0.0	-0.13413513	0.0	0.0	0.0
-0.16681948	0.0	0.0	0.0	0.0	0.0	0.0	0.0	0.0	0.0	0.0	0.0	0.0	0.0	0.0	0.0	0.0	0.0	0.0	0.0	0.0	0.0	0.0	0.0	0.0	0.0	0.0	0.0	0.0	0.0	-0.32235616	0.0	0.0	0.0	0.02349383	0.0	-0.17207989	0.0	0.0	0.0	0.0	0.0	0.0	0.07218147	0.0	0.0	0.0	0.0	0.0	0.0	0.0	0.0	0.0	0.0	0.0	0.0	0.0	0.0	0.24149925	0.0	0.0	0.0
0.061207153	0.0	0.0	0.0	0.0	0.0	0.0	0.0	0.0	0.0	0.0	0.0	0.0	0.0	0.0	0.0	0.0	0.0	0.0	0.0	0.0	0.0	0.0	0.0	0.0	0.0	0.0	0.0	0.0	0.0	0.09001199	0.0	0.0	0.0	0.02349383	0.0	-0.17207989	0.0	0.0	0.0	0.0	0.0	0.0	0.07218147	0.0	0.0	0.0	0.0	0.0	0.0	0.0	0.0	0.0	0.0	0.0	0.0	0.0	0.0	-0.13413513	0.0	0.0	0.0
0.061207153	0.0	0.0	0.0	0.0	0.0	0.0	0.0	0.0	0.0	0.0	0.0	0.0	0.0	0.0	0.0	0.0	0.0	0.0	0.0	0.0	0.0	0.0	0.0	0.0	0.0	0.0	0.0	0.0	0.0	0.09001199	0.0	0.0	0.0	0.02349383	0.0	-0.17207989	0.0	0.0	0.0	0.0	0.0	0.0	-0.06849599	0.0	0.0	0.0	0.0	0.0	0.0	0.0	0.0	0.0	0.0	0.0	0.0	0.0	0.0	0.24149925	0.0	0.0	0.0
0.061207153	0.0	0.0	0.0	0.0	0.0	0.0	0.0	0.0	0.0	0.0	0.0	0.0	0.0	0.0	0.0	0.0	0.0	0.0	0.0	0.0	0.0	0.0	0.0	0.0	0.0	0.0	0.0	0.0	0.0	0.09001199	0.0	0.0	0.0	0.02349383	0.0	-0.17207989	0.0	0.0	0.0	0.0	0.0	0.0	0.07218147	0.0	0.0	0.0	0.0	0.0	0.0	0.0	0.0	0.0	0.0	0.0	0.0	0.0	0.0	-0.13413513	0.0	0.0	0.0
-0.16681948	0.0	0.0	0.0	0.0	0.0	0.0	0.0	0.0	0.0	0.0	0.0	0.0	0.0	0.0	0.0	0.0	0.0	0.0	0.0	0.0	0.0	0.0	0.0	0.0	0.0	0.0	0.0	0.0	0.0	-0.32235616	0.0	0.0	0.0	-0.2514051	0.0	-0.17207989	0.0	0.0	0.0	0.0	0.0	0.0	0.07218147	0.0	0.0	0.0	0.0	0.0	0.0	0.0	0.0	0.0	0.0	0.0	0.0	0.0	0.0	0.24149925	0.0	0.0	0.0
0.061207153	0.0	0.0	0.0	0.0	0.0	0.0	0.0	0.0	0.0	0.0	0.0	0.0	0.0	0.0	0.0	0.0	0.0	0.0	0.0	0.0	0.0	0.0	0.0	0.0	0.0	0.0	0.0	0.0	0.0	0.09001199	0.0	0.0	0.0	0.02349383	0.0	-0.17207989	0.0	0.0	0.0	0.0	0.0	0.0	0.07218147	0.0	0.0	0.0	0.0	0.0	0.0	0.0	0.0	0.0	0.0	0.0	0.0	0.0	0.0	0.24149925	0.0	0.0	0.0
0.061207153	0.0	0.0	0.0	0.0	0.0	0.0	0.0	0.0	0.0	0.0	0.0	0.0	0.0	0.0	0.0	0.0	0.0	0.0	0.0	0.0	0.0	0.0	0.0	0.0	0.0	0.0	0.0	0.0	0.0	0.09001199	0.0	0.0	0.0	0.02349383	0.0	-0.17207989	0.0	0.0	0.0	0.0	0.0	0.0	0.07218147	0.0	0.0	0.0	0.0	0.0	0.0	0.0	0.0	0.0	0.0	0.0	0.0	0.0	0.0	0.24149925	0.0	0.0	0.0
0.061207153	0.0	0.0	0.0	0.0	0.0	0.0	0.0	0.0	0.0	0.0	0.0	0.0	0.0	0.0	0.0	0.0	0.0	0.0	0.0	0.0	0.0	0.0	0.0	0.0	0.0	0.0	0.0	0.0	0.0	0.09001199	0.0	0.0	0.0	0.02349383	0.0	-0.17207989	0.0	0.0	0.0	0.0	0.0	0.0	-0.06849599	0.0	0.0	0.0	0.0	0.0	0.0	0.0	0.0	0.0	0.0	0.0	0.0	0.0	0.0	0.24149925	0.0	0.0	0.0
0.061207153	0.0	0.0	0.0	0.0	0.0	0.0	0.0	0.0	0.0	0.0	0.0	0.0	0.0	0.0	0.0	0.0	0.0	0.0	0.0	0.0	0.0	0.0	0.0	0.0	0.0	0.0	0.0	0.0	0.0	-0.32235616	0.0	0.0	0.0	0.02349383	0.0	-0.17207989	0.0	0.0	0.0	0.0	0.0	0.0	0.07218147	0.0	0.0	0.0	0.0	0.0	0.0	0.0	0.0	0.0	0.0	0.0	0.0	0.0	0.0	0.24149925	0.0	0.0	0.0
0.061207153	0.0	0.0	0.0	0.0	0.0	0.0	0.0	0.0	0.0	0.0	0.0	0.0	0.0	0.0	0.0	0.0	0.0	0.0	0.0	0.0	0.0	0.0	0.0	0.0	0.0	0.0	0.0	0.0	0.0	-0.32235616	0.0	0.0	0.0	-0.2514051	0.0	-0.17207989	0.0	0.0	0.0	0.0	0.0	0.0	0.07218147	0.0	0.0	0.0	0.0	0.0	0.0	0.0	0.0	0.0	0.0	0.0	0.0	0.0	0.0	0.24149925	0.0	0.0	0.0
0.061207153	0.0	0.0	0.0	0.0	0.0	0.0	0.0	0.0	0.0	0.0	0.0	0.0	0.0	0.0	0.0	0.0	0.0	0.0	0.0	0.0	0.0	0.0	0.0	0.0	0.0	0.0	0.0	0.0	0.0	0.09001199	0.0	0.0	0.0	0.02349383	0.0	-0.17207989	0.0	0.0	0.0	0.0	0.0	0.0	-0.06849599	0.0	0.0	0.0	0.0	0.0	0.0	0.0	0.0	0.0	0.0	0.0	0.0	0.0	0.0	0.24149925	0.0	0.0	0.0
0.061207153	0.0	0.0	0.0	0.0	0.0	0.0	0.0	0.0	0.0	0.0	0.0	0.0	0.0	0.0	0.0	0.0	0.0	0.0	0.0	0.0	0.0	0.0	0.0	0.0	0.0	0.0	0.0	0.0	0.0	0.09001199	0.0	0.0	0.0	0.02349383	0.0	-0.17207989	0.0	0.0	0.0	0.0	0.0	0.0	0.07218147	0.0	0.0	0.0	0.0	0.0	0.0	0.0	0.0	0.0	0.0	0.0	0.0	0.0	0.0	-0.13413513	0.0	0.0	0.0
-0.16681948	0.0	0.0	0.0	0.0	0.0	0.0	0.0	0.0	0.0	0.0	0.0	0.0	0.0	0.0	0.0	0.0	0.0	0.0	0.0	0.0	0.0	0.0	0.0	0.0	0.0	0.0	0.0	0.0	0.0	-0.32235616	0.0	0.0	0.0	-0.2514051	0.0	-0.17207989	0.0	0.0	0.0	0.0	0.0	0.0	0.07218147	0.0	0.0	0.0	0.0	0.0	0.0	0.0	0.0	0.0	0.0	0.0	0.0	0.0	0.0	0.24149925	0.0	0.0	0.0
0.061207153	0.0	0.0	0.0	0.0	0.0	0.0	0.0	0.0	0.0	0.0	0.0	0.0	0.0	0.0	0.0	0.0	0.0	0.0	0.0	0.0	0.0	0.0	0.0	0.0	0.0	0.0	0.0	0.0	0.0	0.09001199	0.0	0.0	0.0	0.02349383	0.0	0.1987723	0.0	0.0	0.0	0.0	0.0	0.0	0.07218147	0.0	0.0	0.0	0.0	0.0	0.0	0.0	0.0	0.0	0.0	0.0	0.0	0.0	0.0	0.24149925	0.0	0.0	0.0
0.061207153	0.0	0.0	0.0	0.0	0.0	0.0	0.0	0.0	0.0	0.0	0.0	0.0	0.0	0.0	0.0	0.0	0.0	0.0	0.0	0.0	0.0	0.0	0.0	0.0	0.0	0.0	0.0	0.0	0.0	0.09001199	0.0	0.0	0.0	0.02349383	0.0	-0.17207989	0.0	0.0	0.0	0.0	0.0	0.0	0.07218147	0.0	0.0	0.0	0.0	0.0	0.0	0.0	0.0	0.0	0.0	0.0	0.0	0.0	0.0	0.24149925	0.0	0.0	0.0
0.061207153	0.0	0.0	0.0	0.0	0.0	0.0	0.0	0.0	0.0	0.0	0.0	0.0	0.0	0.0	0.0	0.0	0.0	0.0	0.0	0.0	0.0	0.0	0.0	0.0	0.0	0.0	0.0	0.0	0.0	0.09001199	0.0	0.0	0.0	0.02349383	0.0	-0.17207989	0.0	0.0	0.0	0.0	0.0	0.0	0.07218147	0.0	0.0	0.0	0.0	0.0	0.0	0.0	0.0	0.0	0.0	0.0	0.0	0.0	0.0	-0.13413513	0.0	0.0	0.0
-0.16681948	0.0	0.0	0.0	0.0	0.0	0.0	0.0	0.0	0.0	0.0	0.0	0.0	0.0	0.0	0.0	0.0	0.0	0.0	0.0	0.0	0.0	0.0	0.0	0.0	0.0	0.0	0.0	0.0	0.0	0.09001199	0.0	0.0	0.0	0.02349383	0.0	0.1987723	0.0	0.0	0.0	0.0	0.0	0.0	0.07218147	0.0	0.0	0.0	0.0	0.0	0.0	0.0	0.0	0.0	0.0	0.0	0.0	0.0	0.0	-0.13413513	0.0	0.0	0.0
0.061207153	0.0	0.0	0.0	0.0	0.0	0.0	0.0	0.0	0.0	0.0	0.0	0.0	0.0	0.0	0.0	0.0	0.0	0.0	0.0	0.0	0.0	0.0	0.0	0.0	0.0	0.0	0.0	0.0	0.0	0.09001199	0.0	0.0	0.0	0.02349383	0.0	-0.17207989	0.0	0.0	0.0	0.0	0.0	0.0	-0.06849599	0.0	0.0	0.0	0.0	0.0	0.0	0.0	0.0	0.0	0.0	0.0	0.0	0.0	0.0	-0.13413513	0.0	0.0	0.0
0.061207153	0.0	0.0	0.0	0.0	0.0	0.0	0.0	0.0	0.0	0.0	0.0	0.0	0.0	0.0	0.0	0.0	0.0	0.0	0.0	0.0	0.0	0.0	0.0	0.0	0.0	0.0	0.0	0.0	0.0	0.09001199	0.0	0.0	0.0	0.02349383	0.0	-0.17207989	0.0	0.0	0.0	0.0	0.0	0.0	-0.06849599	0.0	0.0	0.0	0.0	0.0	0.0	0.0	0.0	0.0	0.0	0.0	0.0	0.0	0.0	0.24149925	0.0	0.0	0.0
0.061207153	0.0	0.0	0.0	0.0	0.0	0.0	0.0	0.0	0.0	0.0	0.0	0.0	0.0	0.0	0.0	0.0	0.0	0.0	0.0	0.0	0.0	0.0	0.0	0.0	0.0	0.0	0.0	0.0	0.0	0.09001199	0.0	0.0	0.0	0.02349383	0.0	0.40383846	0.0	0.0	0.0	0.0	0.0	0.0	-0.06849599	0.0	0.0	0.0	0.0	0.0	0.0	0.0	0.0	0.0	0.0	0.0	0.0	0.0	0.0	-0.13413513	0.0	0.0	0.0
-0.16681948	0.0	0.0	0.0	0.0	0.0	0.0	0.0	0.0	0.0	0.0	0.0	0.0	0.0	0.0	0.0	0.0	0.0	0.0	0.0	0.0	0.0	0.0	0.0	0.0	0.0	0.0	0.0	0.0	0.0	-0.32235616	0.0	0.0	0.0	-0.2514051	0.0	-0.17207989	0.0	0.0	0.0	0.0	0.0	0.0	-0.06849599	0.0	0.0	0.0	0.0	0.0	0.0	0.0	0.0	0.0	0.0	0.0	0.0	0.0	0.0	0.24149925	0.0	0.0	0.0
0.061207153	0.0	0.0	0.0	0.0	0.0	0.0	0.0	0.0	0.0	0.0	0.0	0.0	0.0	0.0	0.0	0.0	0.0	0.0	0.0	0.0	0.0	0.0	0.0	0.0	0.0	0.0	0.0	0.0	0.0	0.09001199	0.0	0.0	0.0	0.02349383	0.0	0.1987723	0.0	0.0	0.0	0.0	0.0	0.0	0.07218147	0.0	0.0	0.0	0.0	0.0	0.0	0.0	0.0	0.0	0.0	0.0	0.0	0.0	0.0	0.24149925	0.0	0.0	0.0
0.061207153	0.0	0.0	0.0	0.0	0.0	0.0	0.0	0.0	0.0	0.0	0.0	0.0	0.0	0.0	0.0	0.0	0.0	0.0	0.0	0.0	0.0	0.0	0.0	0.0	0.0	0.0	0.0	0.0	0.0	0.09001199	0.0	0.0	0.0	0.02349383	0.0	-0.17207989	0.0	0.0	0.0	0.0	0.0	0.0	0.07218147	0.0	0.0	0.0	0.0	0.0	0.0	0.0	0.0	0.0	0.0	0.0	0.0	0.0	0.0	0.24149925	0.0	0.0	0.0
0.061207153	0.0	0.0	0.0	0.0	0.0	0.0	0.0	0.0	0.0	0.0	0.0	0.0	0.0	0.0	0.0	0.0	0.0	0.0	0.0	0.0	0.0	0.0	0.0	0.0	0.0	0.0	0.0	0.0	0.0	0.09001199	0.0	0.0	0.0	0.02349383	0.0	-0.17207989	0.0	0.0	0.0	0.0	0.0	0.0	0.07218147	0.0	0.0	0.0	0.0	0.0	0.0	0.0	0.0	0.0	0.0	0.0	0.0	0.0	0.0	-0.13413513	0.0	0.0	0.0
0.061207153	0.0	0.0	0.0	0.0	0.0	0.0	0.0	0.0	0.0	0.0	0.0	0.0	0.0	0.0	0.0	0.0	0.0	0.0	0.0	0.0	0.0	0.0	0.0	0.0	0.0	0.0	0.0	0.0	0.0	0.09001199	0.0	0.0	0.0	0.02349383	0.0	0.40383846	0.0	0.0	0.0	0.0	0.0	0.0	0.07218147	0.0	0.0	0.0	0.0	0.0	0.0	0.0	0.0	0.0	0.0	0.0	0.0	0.0	0.0	-0.13413513	0.0	0.0	0.0
0.061207153	0.0	0.0	0.0	0.0	0.0	0.0	0.0	0.0	0.0	0.0	0.0	0.0	0.0	0.0	0.0	0.0	0.0	0.0	0.0	0.0	0.0	0.0	0.0	0.0	0.0	0.0	0.0	0.0	0.0	0.09001199	0.0	0.0	0.0	0.02349383	0.0	-0.17207989	0.0	0.0	0.0	0.0	0.0	0.0	0.07218147	0.0	0.0	0.0	0.0	0.0	0.0	0.0	0.0	0.0	0.0	0.0	0.0	0.0	0.0	0.24149925	0.0	0.0	0.0
-0.16681948	0.0	0.0	0.0	0.0	0.0	0.0	0.0	0.0	0.0	0.0	0.0	0.0	0.0	0.0	0.0	0.0	0.0	0.0	0.0	0.0	0.0	0.0	0.0	0.0	0.0	0.0	0.0	0.0	0.0	-0.32235616	0.0	0.0	0.0	0.02349383	0.0	0.1987723	0.0	0.0	0.0	0.0	0.0	0.0	0.07218147	0.0	0.0	0.0	0.0	0.0	0.0	0.0	0.0	0.0	0.0	0.0	0.0	0.0	0.0	0.24149925	0.0	0.0	0.0
0.061207153	0.0	0.0	0.0	0.0	0.0	0.0	0.0	0.0	0.0	0.0	0.0	0.0	0.0	0.0	0.0	0.0	0.0	0.0	0.0	0.0	0.0	0.0	0.0	0.0	0.0	0.0	0.0	0.0	0.0	0.09001199	0.0	0.0	0.0	0.02349383	0.0	0.1987723	0.0	0.0	0.0	0.0	0.0	0.0	-0.06849599	0.0	0.0	0.0	0.0	0.0	0.0	0.0	0.0	0.0	0.0	0.0	0.0	0.0	0.0	-0.13413513	0.0	0.0	0.0
0.061207153	0.0	0.0	0.0	0.0	0.0	0.0	0.0	0.0	0.0	0.0	0.0	0.0	0.0	0.0	0.0	0.0	0.0	0.0	0.0	0.0	0.0	0.0	0.0	0.0	0.0	0.0	0.0	0.0	0.0	0.09001199	0.0	0.0	0.0	0.02349383	0.0	0.40383846	0.0	0.0	0.0	0.0	0.0	0.0	0.07218147	0.0	0.0	0.0	0.0	0.0	0.0	0.0	0.0	0.0	0.0	0.0	0.0	0.0	0.0	0.24149925	0.0	0.0	0.0
0.061207153	0.0	0.0	0.0	0.0	0.0	0.0	0.0	0.0	0.0	0.0	0.0	0.0	0.0	0.0	0.0	0.0	0.0	0.0	0.0	0.0	0.0	0.0	0.0	0.0	0.0	0.0	0.0	0.0	0.0	0.09001199	0.0	0.0	0.0	0.02349383	0.0	-0.17207989	0.0	0.0	0.0	0.0	0.0	0.0	0.07218147	0.0	0.0	0.0	0.0	0.0	0.0	0.0	0.0	0.0	0.0	0.0	0.0	0.0	0.0	-0.13413513	0.0	0.0	0.0
-0.16681948	0.0	0.0	0.0	0.0	0.0	0.0	0.0	0.0	0.0	0.0	0.0	0.0	0.0	0.0	0.0	0.0	0.0	0.0	0.0	0.0	0.0	0.0	0.0	0.0	0.0	0.0	0.0	0.0	0.0	-0.32235616	0.0	0.0	0.0	0.02349383	0.0	-0.17207989	0.0	0.0	0.0	0.0	0.0	0.0	0.07218147	0.0	0.0	0.0	0.0	0.0	0.0	0.0	0.0	0.0	0.0	0.0	0.0	0.0	0.0	-0.13413513	0.0	0.0	0.0
0.061207153	0.0	0.0	0.0	0.0	0.0	0.0	0.0	0.0	0.0	0.0	0.0	0.0	0.0	0.0	0.0	0.0	0.0	0.0	0.0	0.0	0.0	0.0	0.0	0.0	0.0	0.0	0.0	0.0	0.0	0.09001199	0.0	0.0	0.0	0.02349383	0.0	-0.17207989	0.0	0.0	0.0	0.0	0.0	0.0	-0.06849599	0.0	0.0	0.0	0.0	0.0	0.0	0.0	0.0	0.0	0.0	0.0	0.0	0.0	0.0	-0.13413513	0.0	0.0	0.0
-0.16681948	0.0	0.0	0.0	0.0	0.0	0.0	0.0	0.0	0.0	0.0	0.0	0.0	0.0	0.0	0.0	0.0	0.0	0.0	0.0	0.0	0.0	0.0	0.0	0.0	0.0	0.0	0.0	0.0	0.0	0.09001199	0.0	0.0	0.0	0.02349383	0.0	-0.17207989	0.0	0.0	0.0	0.0	0.0	0.0	-0.06849599	0.0	0.0	0.0	0.0	0.0	0.0	0.0	0.0	0.0	0.0	0.0	0.0	0.0	0.0	0.24149925	0.0	0.0	0.0
-0.16681948	0.0	0.0	0.0	0.0	0.0	0.0	0.0	0.0	0.0	0.0	0.0	0.0	0.0	0.0	0.0	0.0	0.0	0.0	0.0	0.0	0.0	0.0	0.0	0.0	0.0	0.0	0.0	0.0	0.0	-0.32235616	0.0	0.0	0.0	0.02349383	0.0	0.016681336	0.0	0.0	0.0	0.0	0.0	0.0	0.07218147	0.0	0.0	0.0	0.0	0.0	0.0	0.0	0.0	0.0	0.0	0.0	0.0	0.0	0.0	-0.13413513	0.0	0.0	0.0
-0.16681948	0.0	0.0	0.0	0.0	0.0	0.0	0.0	0.0	0.0	0.0	0.0	0.0	0.0	0.0	0.0	0.0	0.0	0.0	0.0	0.0	0.0	0.0	0.0	0.0	0.0	0.0	0.0	0.0	0.0	0.09001199	0.0	0.0	0.0	-0.2514051	0.0	-0.17207989	0.0	0.0	0.0	0.0	0.0	0.0	0.07218147	0.0	0.0	0.0	0.0	0.0	0.0	0.0	0.0	0.0	0.0	0.0	0.0	0.0	0.0	-0.13413513	0.0	0.0	0.0
-0.16681948	0.0	0.0	0.0	0.0	0.0	0.0	0.0	0.0	0.0	0.0	0.0	0.0	0.0	0.0	0.0	0.0	0.0	0.0	0.0	0.0	0.0	0.0	0.0	0.0	0.0	0.0	0.0	0.0	0.0	-0.32235616	0.0	0.0	0.0	0.02349383	0.0	-0.17207989	0.0	0.0	0.0	0.0	0.0	0.0	-0.06849599	0.0	0.0	0.0	0.0	0.0	0.0	0.0	0.0	0.0	0.0	0.0	0.0	0.0	0.0	0.24149925	0.0	0.0	0.0
0.061207153	0.0	0.0	0.0	0.0	0.0	0.0	0.0	0.0	0.0	0.0	0.0	0.0	0.0	0.0	0.0	0.0	0.0	0.0	0.0	0.0	0.0	0.0	0.0	0.0	0.0	0.0	0.0	0.0	0.0	0.09001199	0.0	0.0	0.0	-0.2514051	0.0	-0.17207989	0.0	0.0	0.0	0.0	0.0	0.0	0.07218147	0.0	0.0	0.0	0.0	0.0	0.0	0.0	0.0	0.0	0.0	0.0	0.0	0.0	0.0	-0.13413513	0.0	0.0	0.0
-0.16681948	0.0	0.0	0.0	0.0	0.0	0.0	0.0	0.0	0.0	0.0	0.0	0.0	0.0	0.0	0.0	0.0	0.0	0.0	0.0	0.0	0.0	0.0	0.0	0.0	0.0	0.0	0.0	0.0	0.0	0.09001199	0.0	0.0	0.0	0.02349383	0.0	-0.17207989	0.0	0.0	0.0	0.0	0.0	0.0	-0.06849599	0.0	0.0	0.0	0.0	0.0	0.0	0.0	0.0	0.0	0.0	0.0	0.0	0.0	0.0	-0.13413513	0.0	0.0	0.0
0.061207153	0.0	0.0	0.0	0.0	0.0	0.0	0.0	0.0	0.0	0.0	0.0	0.0	0.0	0.0	0.0	0.0	0.0	0.0	0.0	0.0	0.0	0.0	0.0	0.0	0.0	0.0	0.0	0.0	0.0	0.09001199	0.0	0.0	0.0	0.02349383	0.0	-0.17207989	0.0	0.0	0.0	0.0	0.0	0.0	0.07218147	0.0	0.0	0.0	0.0	0.0	0.0	0.0	0.0	0.0	0.0	0.0	0.0	0.0	0.0	-0.13413513	0.0	0.0	0.0
0.061207153	0.0	0.0	0.0	0.0	0.0	0.0	0.0	0.0	0.0	0.0	0.0	0.0	0.0	0.0	0.0	0.0	0.0	0.0	0.0	0.0	0.0	0.0	0.0	0.0	0.0	0.0	0.0	0.0	0.0	0.09001199	0.0	0.0	0.0	0.02349383	0.0	-0.17207989	0.0	0.0	0.0	0.0	0.0	0.0	-0.06849599	0.0	0.0	0.0	0.0	0.0	0.0	0.0	0.0	0.0	0.0	0.0	0.0	0.0	0.0	-0.13413513	0.0	0.0	0.0
0.061207153	0.0	0.0	0.0	0.0	0.0	0.0	0.0	0.0	0.0	0.0	0.0	0.0	0.0	0.0	0.0	0.0	0.0	0.0	0.0	0.0	0.0	0.0	0.0	0.0	0.0	0.0	0.0	0.0	0.0	-0.32235616	0.0	0.0	0.0	0.02349383	0.0	0.1987723	0.0	0.0	0.0	0.0	0.0	0.0	-0.06849599	0.0	0.0	0.0	0.0	0.0	0.0	0.0	0.0	0.0	0.0	0.0	0.0	0.0	0.0	-0.13413513	0.0	0.0	0.0
0.061207153	0.0	0.0	0.0	0.0	0.0	0.0	0.0	0.0	0.0	0.0	0.0	0.0	0.0	0.0	0.0	0.0	0.0	0.0	0.0	0.0	0.0	0.0	0.0	0.0	0.0	0.0	0.0	0.0	0.0	-0.32235616	0.0	0.0	0.0	0.02349383	0.0	-0.17207989	0.0	0.0	0.0	0.0	0.0	0.0	0.07218147	0.0	0.0	0.0	0.0	0.0	0.0	0.0	0.0	0.0	0.0	0.0	0.0	0.0	0.0	0.24149925	0.0	0.0	0.0
0.061207153	0.0	0.0	0.0	0.0	0.0	0.0	0.0	0.0	0.0	0.0	0.0	0.0	0.0	0.0	0.0	0.0	0.0	0.0	0.0	0.0	0.0	0.0	0.0	0.0	0.0	0.0	0.0	0.0	0.0	0.09001199	0.0	0.0	0.0	-0.2514051	0.0	-0.17207989	0.0	0.0	0.0	0.0	0.0	0.0	0.07218147	0.0	0.0	0.0	0.0	0.0	0.0	0.0	0.0	0.0	0.0	0.0	0.0	0.0	0.0	0.24149925	0.0	0.0	0.0
0.061207153	0.0	0.0	0.0	0.0	0.0	0.0	0.0	0.0	0.0	0.0	0.0	0.0	0.0	0.0	0.0	0.0	0.0	0.0	0.0	0.0	0.0	0.0	0.0	0.0	0.0	0.0	0.0	0.0	0.0	0.09001199	0.0	0.0	0.0	0.02349383	0.0	-0.17207989	0.0	0.0	0.0	0.0	0.0	0.0	-0.06849599	0.0	0.0	0.0	0.0	0.0	0.0	0.0	0.0	0.0	0.0	0.0	0.0	0.0	0.0	-0.13413513	0.0	0.0	0.0
0.061207153	0.0	0.0	0.0	0.0	0.0	0.0	0.0	0.0	0.0	0.0	0.0	0.0	0.0	0.0	0.0	0.0	0.0	0.0	0.0	0.0	0.0	0.0	0.0	0.0	0.0	0.0	0.0	0.0	0.0	0.09001199	0.0	0.0	0.0	0.02349383	0.0	-0.17207989	0.0	0.0	0.0	0.0	0.0	0.0	0.07218147	0.0	0.0	0.0	0.0	0.0	0.0	0.0	0.0	0.0	0.0	0.0	0.0	0.0	0.0	0.24149925	0.0	0.0	0.0
-0.16681948	0.0	0.0	0.0	0.0	0.0	0.0	0.0	0.0	0.0	0.0	0.0	0.0	0.0	0.0	0.0	0.0	0.0	0.0	0.0	0.0	0.0	0.0	0.0	0.0	0.0	0.0	0.0	0.0	0.0	-0.32235616	0.0	0.0	0.0	-0.2514051	0.0	-0.17207989	0.0	0.0	0.0	0.0	0.0	0.0	0.07218147	0.0	0.0	0.0	0.0	0.0	0.0	0.0	0.0	0.0	0.0	0.0	0.0	0.0	0.0	0.24149925	0.0	0.0	0.0
0.061207153	0.0	0.0	0.0	0.0	0.0	0.0	0.0	0.0	0.0	0.0	0.0	0.0	0.0	0.0	0.0	0.0	0.0	0.0	0.0	0.0	0.0	0.0	0.0	0.0	0.0	0.0	0.0	0.0	0.0	0.09001199	0.0	0.0	0.0	0.02349383	0.0	-0.17207989	0.0	0.0	0.0	0.0	0.0	0.0	0.07218147	0.0	0.0	0.0	0.0	0.0	0.0	0.0	0.0	0.0	0.0	0.0	0.0	0.0	0.0	-0.13413513	0.0	0.0	0.0
-0.16681948	0.0	0.0	0.0	0.0	0.0	0.0	0.0	0.0	0.0	0.0	0.0	0.0	0.0	0.0	0.0	0.0	0.0	0.0	0.0	0.0	0.0	0.0	0.0	0.0	0.0	0.0	0.0	0.0	0.0	0.09001199	0.0	0.0	0.0	0.02349383	0.0	0.40383846	0.0	0.0	0.0	0.0	0.0	0.0	0.07218147	0.0	0.0	0.0	0.0	0.0	0.0	0.0	0.0	0.0	0.0	0.0	0.0	0.0	0.0	-0.13413513	0.0	0.0	0.0
-0.16681948	0.0	0.0	0.0	0.0	0.0	0.0	0.0	0.0	0.0	0.0	0.0	0.0	0.0	0.0	0.0	0.0	0.0	0.0	0.0	0.0	0.0	0.0	0.0	0.0	0.0	0.0	0.0	0.0	0.0	-0.32235616	0.0	0.0	0.0	0.02349383	0.0	-0.17207989	0.0	0.0	0.0	0.0	0.0	0.0	-0.06849599	0.0	0.0	0.0	0.0	0.0	0.0	0.0	0.0	0.0	0.0	0.0	0.0	0.0	0.0	-0.13413513	0.0	0.0	0.0
-0.16681948	0.0	0.0	0.0	0.0	0.0	0.0	0.0	0.0	0.0	0.0	0.0	0.0	0.0	0.0	0.0	0.0	0.0	0.0	0.0	0.0	0.0	0.0	0.0	0.0	0.0	0.0	0.0	0.0	0.0	0.09001199	0.0	0.0	0.0	0.02349383	0.0	0.1987723	0.0	0.0	0.0	0.0	0.0	0.0	-0.06849599	0.0	0.0	0.0	0.0	0.0	0.0	0.0	0.0	0.0	0.0	0.0	0.0	0.0	0.0	-0.13413513	0.0	0.0	0.0
0.061207153	0.0	0.0	0.0	0.0	0.0	0.0	0.0	0.0	0.0	0.0	0.0	0.0	0.0	0.0	0.0	0.0	0.0	0.0	0.0	0.0	0.0	0.0	0.0	0.0	0.0	0.0	0.0	0.0	0.0	-0.1046048	0.0	0.0	0.0	-0.2514051	0.0	-0.17207989	0.0	0.0	0.0	0.0	0.0	0.0	0.07218147	0.0	0.0	0.0	0.0	0.0	0.0	0.0	0.0	0.0	0.0	0.0	0.0	0.0	0.0	-0.13413513	0.0	0.0	0.0
0.061207153	0.0	0.0	0.0	0.0	0.0	0.0	0.0	0.0	0.0	0.0	0.0	0.0	0.0	0.0	0.0	0.0	0.0	0.0	0.0	0.0	0.0	0.0	0.0	0.0	0.0	0.0	0.0	0.0	0.0	0.09001199	0.0	0.0	0.0	0.02349383	0.0	0.1987723	0.0	0.0	0.0	0.0	0.0	0.0	-0.06849599	0.0	0.0	0.0	0.0	0.0	0.0	0.0	0.0	0.0	0.0	0.0	0.0	0.0	0.0	0.24149925	0.0	0.0	0.0
0.061207153	0.0	0.0	0.0	0.0	0.0	0.0	0.0	0.0	0.0	0.0	0.0	0.0	0.0	0.0	0.0	0.0	0.0	0.0	0.0	0.0	0.0	0.0	0.0	0.0	0.0	0.0	0.0	0.0	0.0	0.09001199	0.0	0.0	0.0	0.02349383	0.0	-0.17207989	0.0	0.0	0.0	0.0	0.0	0.0	0.07218147	0.0	0.0	0.0	0.0	0.0	0.0	0.0	0.0	0.0	0.0	0.0	0.0	0.0	0.0	0.24149925	0.0	0.0	0.0
0.061207153	0.0	0.0	0.0	0.0	0.0	0.0	0.0	0.0	0.0	0.0	0.0	0.0	0.0	0.0	0.0	0.0	0.0	0.0	0.0	0.0	0.0	0.0	0.0	0.0	0.0	0.0	0.0	0.0	0.0	0.09001199	0.0	0.0	0.0	-0.2514051	0.0	-0.17207989	0.0	0.0	0.0	0.0	0.0	0.0	0.07218147	0.0	0.0	0.0	0.0	0.0	0.0	0.0	0.0	0.0	0.0	0.0	0.0	0.0	0.0	-0.13413513	0.0	0.0	0.0
0.061207153	0.0	0.0	0.0	0.0	0.0	0.0	0.0	0.0	0.0	0.0	0.0	0.0	0.0	0.0	0.0	0.0	0.0	0.0	0.0	0.0	0.0	0.0	0.0	0.0	0.0	0.0	0.0	0.0	0.0	-0.32235616	0.0	0.0	0.0	-0.2514051	0.0	0.40383846	0.0	0.0	0.0	0.0	0.0	0.0	0.07218147	0.0	0.0	0.0	0.0	0.0	0.0	0.0	0.0	0.0	0.0	0.0	0.0	0.0	0.0	0.24149925	0.0	0.0	0.0
0.061207153	0.0	0.0	0.0	0.0	0.0	0.0	0.0	0.0	0.0	0.0	0.0	0.0	0.0	0.0	0.0	0.0	0.0	0.0	0.0	0.0	0.0	0.0	0.0	0.0	0.0	0.0	0.0	0.0	0.0	0.09001199	0.0	0.0	0.0	0.02349383	0.0	-0.17207989	0.0	0.0	0.0	0.0	0.0	0.0	-0.06849599	0.0	0.0	0.0	0.0	0.0	0.0	0.0	0.0	0.0	0.0	0.0	0.0	0.0	0.0	0.24149925	0.0	0.0	0.0
0.061207153	0.0	0.0	0.0	0.0	0.0	0.0	0.0	0.0	0.0	0.0	0.0	0.0	0.0	0.0	0.0	0.0	0.0	0.0	0.0	0.0	0.0	0.0	0.0	0.0	0.0	0.0	0.0	0.0	0.0	0.09001199	0.0	0.0	0.0	0.02349383	0.0	-0.17207989	0.0	0.0	0.0	0.0	0.0	0.0	-0.06849599	0.0	0.0	0.0	0.0	0.0	0.0	0.0	0.0	0.0	0.0	0.0	0.0	0.0	0.0	0.24149925	0.0	0.0	0.0
0.061207153	0.0	0.0	0.0	0.0	0.0	0.0	0.0	0.0	0.0	0.0	0.0	0.0	0.0	0.0	0.0	0.0	0.0	0.0	0.0	0.0	0.0	0.0	0.0	0.0	0.0	0.0	0.0	0.0	0.0	0.09001199	0.0	0.0	0.0	0.02349383	0.0	-0.17207989	0.0	0.0	0.0	0.0	0.0	0.0	-0.06849599	0.0	0.0	0.0	0.0	0.0	0.0	0.0	0.0	0.0	0.0	0.0	0.0	0.0	0.0	-0.13413513	0.0	0.0	0.0
-0.16681948	0.0	0.0	0.0	0.0	0.0	0.0	0.0	0.0	0.0	0.0	0.0	0.0	0.0	0.0	0.0	0.0	0.0	0.0	0.0	0.0	0.0	0.0	0.0	0.0	0.0	0.0	0.0	0.0	0.0	0.09001199	0.0	0.0	0.0	0.02349383	0.0	-0.17207989	0.0	0.0	0.0	0.0	0.0	0.0	-0.06849599	0.0	0.0	0.0	0.0	0.0	0.0	0.0	0.0	0.0	0.0	0.0	0.0	0.0	0.0	0.24149925	0.0	0.0	0.0
-0.16681948	0.0	0.0	0.0	0.0	0.0	0.0	0.0	0.0	0.0	0.0	0.0	0.0	0.0	0.0	0.0	0.0	0.0	0.0	0.0	0.0	0.0	0.0	0.0	0.0	0.0	0.0	0.0	0.0	0.0	0.09001199	0.0	0.0	0.0	-0.2514051	0.0	0.1987723	0.0	0.0	0.0	0.0	0.0	0.0	0.07218147	0.0	0.0	0.0	0.0	0.0	0.0	0.0	0.0	0.0	0.0	0.0	0.0	0.0	0.0	0.24149925	0.0	0.0	0.0
0.061207153	0.0	0.0	0.0	0.0	0.0	0.0	0.0	0.0	0.0	0.0	0.0	0.0	0.0	0.0	0.0	0.0	0.0	0.0	0.0	0.0	0.0	0.0	0.0	0.0	0.0	0.0	0.0	0.0	0.0	0.09001199	0.0	0.0	0.0	0.02349383	0.0	-0.17207989	0.0	0.0	0.0	0.0	0.0	0.0	0.07218147	0.0	0.0	0.0	0.0	0.0	0.0	0.0	0.0	0.0	0.0	0.0	0.0	0.0	0.0	0.24149925	0.0	0.0	0.0
-0.16681948	0.0	0.0	0.0	0.0	0.0	0.0	0.0	0.0	0.0	0.0	0.0	0.0	0.0	0.0	0.0	0.0	0.0	0.0	0.0	0.0	0.0	0.0	0.0	0.0	0.0	0.0	0.0	0.0	0.0	-0.32235616	0.0	0.0	0.0	0.02349383	0.0	0.1987723	0.0	0.0	0.0	0.0	0.0	0.0	-0.06849599	0.0	0.0	0.0	0.0	0.0	0.0	0.0	0.0	0.0	0.0	0.0	0.0	0.0	0.0	0.24149925	0.0	0.0	0.0
0.061207153	0.0	0.0	0.0	0.0	0.0	0.0	0.0	0.0	0.0	0.0	0.0	0.0	0.0	0.0	0.0	0.0	0.0	0.0	0.0	0.0	0.0	0.0	0.0	0.0	0.0	0.0	0.0	0.0	0.0	0.09001199	0.0	0.0	0.0	0.02349383	0.0	0.40383846	0.0	0.0	0.0	0.0	0.0	0.0	-0.06849599	0.0	0.0	0.0	0.0	0.0	0.0	0.0	0.0	0.0	0.0	0.0	0.0	0.0	0.0	0.24149925	0.0	0.0	0.0
0.061207153	0.0	0.0	0.0	0.0	0.0	0.0	0.0	0.0	0.0	0.0	0.0	0.0	0.0	0.0	0.0	0.0	0.0	0.0	0.0	0.0	0.0	0.0	0.0	0.0	0.0	0.0	0.0	0.0	0.0	0.09001199	0.0	0.0	0.0	-0.2514051	0.0	0.40383846	0.0	0.0	0.0	0.0	0.0	0.0	0.07218147	0.0	0.0	0.0	0.0	0.0	0.0	0.0	0.0	0.0	0.0	0.0	0.0	0.0	0.0	-0.13413513	0.0	0.0	0.0
0.061207153	0.0	0.0	0.0	0.0	0.0	0.0	0.0	0.0	0.0	0.0	0.0	0.0	0.0	0.0	0.0	0.0	0.0	0.0	0.0	0.0	0.0	0.0	0.0	0.0	0.0	0.0	0.0	0.0	0.0	0.09001199	0.0	0.0	0.0	0.02349383	0.0	0.40383846	0.0	0.0	0.0	0.0	0.0	0.0	0.07218147	0.0	0.0	0.0	0.0	0.0	0.0	0.0	0.0	0.0	0.0	0.0	0.0	0.0	0.0	-0.13413513	0.0	0.0	0.0
0.061207153	0.0	0.0	0.0	0.0	0.0	0.0	0.0	0.0	0.0	0.0	0.0	0.0	0.0	0.0	0.0	0.0	0.0	0.0	0.0	0.0	0.0	0.0	0.0	0.0	0.0	0.0	0.0	0.0	0.0	-0.32235616	0.0	0.0	0.0	0.02349383	0.0	-0.17207989	0.0	0.0	0.0	0.0	0.0	0.0	0.07218147	0.0	0.0	0.0	0.0	0.0	0.0	0.0	0.0	0.0	0.0	0.0	0.0	0.0	0.0	0.24149925	0.0	0.0	0.0
0.061207153	0.0	0.0	0.0	0.0	0.0	0.0	0.0	0.0	0.0	0.0	0.0	0.0	0.0	0.0	0.0	0.0	0.0	0.0	0.0	0.0	0.0	0.0	0.0	0.0	0.0	0.0	0.0	0.0	0.0	0.09001199	0.0	0.0	0.0	0.02349383	0.0	-0.17207989	0.0	0.0	0.0	0.0	0.0	0.0	0.07218147	0.0	0.0	0.0	0.0	0.0	0.0	0.0	0.0	0.0	0.0	0.0	0.0	0.0	0.0	0.24149925	0.0	0.0	0.0
0.061207153	0.0	0.0	0.0	0.0	0.0	0.0	0.0	0.0	0.0	0.0	0.0	0.0	0.0	0.0	0.0	0.0	0.0	0.0	0.0	0.0	0.0	0.0	0.0	0.0	0.0	0.0	0.0	0.0	0.0	0.09001199	0.0	0.0	0.0	0.02349383	0.0	-0.17207989	0.0	0.0	0.0	0.0	0.0	0.0	-0.06849599	0.0	0.0	0.0	0.0	0.0	0.0	0.0	0.0	0.0	0.0	0.0	0.0	0.0	0.0	0.24149925	0.0	0.0	0.0
0.061207153	0.0	0.0	0.0	0.0	0.0	0.0	0.0	0.0	0.0	0.0	0.0	0.0	0.0	0.0	0.0	0.0	0.0	0.0	0.0	0.0	0.0	0.0	0.0	0.0	0.0	0.0	0.0	0.0	0.0	0.09001199	0.0	0.0	0.0	0.02349383	0.0	0.1987723	0.0	0.0	0.0	0.0	0.0	0.0	-0.06849599	0.0	0.0	0.0	0.0	0.0	0.0	0.0	0.0	0.0	0.0	0.0	0.0	0.0	0.0	0.24149925	0.0	0.0	0.0
0.061207153	0.0	0.0	0.0	0.0	0.0	0.0	0.0	0.0	0.0	0.0	0.0	0.0	0.0	0.0	0.0	0.0	0.0	0.0	0.0	0.0	0.0	0.0	0.0	0.0	0.0	0.0	0.0	0.0	0.0	0.09001199	0.0	0.0	0.0	0.02349383	0.0	-0.17207989	0.0	0.0	0.0	0.0	0.0	0.0	-0.06849599	0.0	0.0	0.0	0.0	0.0	0.0	0.0	0.0	0.0	0.0	0.0	0.0	0.0	0.0	-0.13413513	0.0	0.0	0.0
0.061207153	0.0	0.0	0.0	0.0	0.0	0.0	0.0	0.0	0.0	0.0	0.0	0.0	0.0	0.0	0.0	0.0	0.0	0.0	0.0	0.0	0.0	0.0	0.0	0.0	0.0	0.0	0.0	0.0	0.0	0.09001199	0.0	0.0	0.0	0.02349383	0.0	-0.17207989	0.0	0.0	0.0	0.0	0.0	0.0	-0.06849599	0.0	0.0	0.0	0.0	0.0	0.0	0.0	0.0	0.0	0.0	0.0	0.0	0.0	0.0	-0.13413513	0.0	0.0	0.0
-0.16681948	0.0	0.0	0.0	0.0	0.0	0.0	0.0	0.0	0.0	0.0	0.0	0.0	0.0	0.0	0.0	0.0	0.0	0.0	0.0	0.0	0.0	0.0	0.0	0.0	0.0	0.0	0.0	0.0	0.0	-0.32235616	0.0	0.0	0.0	-0.2514051	0.0	-0.17207989	0.0	0.0	0.0	0.0	0.0	0.0	0.07218147	0.0	0.0	0.0	0.0	0.0	0.0	0.0	0.0	0.0	0.0	0.0	0.0	0.0	0.0	0.24149925	0.0	0.0	0.0
-0.16681948	0.0	0.0	0.0	0.0	0.0	0.0	0.0	0.0	0.0	0.0	0.0	0.0	0.0	0.0	0.0	0.0	0.0	0.0	0.0	0.0	0.0	0.0	0.0	0.0	0.0	0.0	0.0	0.0	0.0	-0.32235616	0.0	0.0	0.0	-0.2514051	0.0	-0.17207989	0.0	0.0	0.0	0.0	0.0	0.0	0.07218147	0.0	0.0	0.0	0.0	0.0	0.0	0.0	0.0	0.0	0.0	0.0	0.0	0.0	0.0	0.24149925	0.0	0.0	0.0
0.061207153	0.0	0.0	0.0	0.0	0.0	0.0	0.0	0.0	0.0	0.0	0.0	0.0	0.0	0.0	0.0	0.0	0.0	0.0	0.0	0.0	0.0	0.0	0.0	0.0	0.0	0.0	0.0	0.0	0.0	0.09001199	0.0	0.0	0.0	-0.2514051	0.0	-0.17207989	0.0	0.0	0.0	0.0	0.0	0.0	0.07218147	0.0	0.0	0.0	0.0	0.0	0.0	0.0	0.0	0.0	0.0	0.0	0.0	0.0	0.0	-0.13413513	0.0	0.0	0.0
0.061207153	0.0	0.0	0.0	0.0	0.0	0.0	0.0	0.0	0.0	0.0	0.0	0.0	0.0	0.0	0.0	0.0	0.0	0.0	0.0	0.0	0.0	0.0	0.0	0.0	0.0	0.0	0.0	0.0	0.0	0.09001199	0.0	0.0	0.0	0.02349383	0.0	-0.17207989	0.0	0.0	0.0	0.0	0.0	0.0	0.07218147	0.0	0.0	0.0	0.0	0.0	0.0	0.0	0.0	0.0	0.0	0.0	0.0	0.0	0.0	-0.13413513	0.0	0.0	0.0
0.061207153	0.0	0.0	0.0	0.0	0.0	0.0	0.0	0.0	0.0	0.0	0.0	0.0	0.0	0.0	0.0	0.0	0.0	0.0	0.0	0.0	0.0	0.0	0.0	0.0	0.0	0.0	0.0	0.0	0.0	0.09001199	0.0	0.0	0.0	0.02349383	0.0	-0.17207989	0.0	0.0	0.0	0.0	0.0	0.0	-0.06849599	0.0	0.0	0.0	0.0	0.0	0.0	0.0	0.0	0.0	0.0	0.0	0.0	0.0	0.0	0.24149925	0.0	0.0	0.0
0.061207153	0.0	0.0	0.0	0.0	0.0	0.0	0.0	0.0	0.0	0.0	0.0	0.0	0.0	0.0	0.0	0.0	0.0	0.0	0.0	0.0	0.0	0.0	0.0	0.0	0.0	0.0	0.0	0.0	0.0	0.09001199	0.0	0.0	0.0	0.02349383	0.0	0.40383846	0.0	0.0	0.0	0.0	0.0	0.0	0.07218147	0.0	0.0	0.0	0.0	0.0	0.0	0.0	0.0	0.0	0.0	0.0	0.0	0.0	0.0	-0.13413513	0.0	0.0	0.0
-0.16681948	0.0	0.0	0.0	0.0	0.0	0.0	0.0	0.0	0.0	0.0	0.0	0.0	0.0	0.0	0.0	0.0	0.0	0.0	0.0	0.0	0.0	0.0	0.0	0.0	0.0	0.0	0.0	0.0	0.0	-0.32235616	0.0	0.0	0.0	0.02349383	0.0	0.40383846	0.0	0.0	0.0	0.0	0.0	0.0	0.07218147	0.0	0.0	0.0	0.0	0.0	0.0	0.0	0.0	0.0	0.0	0.0	0.0	0.0	0.0	-0.13413513	0.0	0.0	0.0
0.061207153	0.0	0.0	0.0	0.0	0.0	0.0	0.0	0.0	0.0	0.0	0.0	0.0	0.0	0.0	0.0	0.0	0.0	0.0	0.0	0.0	0.0	0.0	0.0	0.0	0.0	0.0	0.0	0.0	0.0	0.09001199	0.0	0.0	0.0	0.02349383	0.0	-0.17207989	0.0	0.0	0.0	0.0	0.0	0.0	-0.06849599	0.0	0.0	0.0	0.0	0.0	0.0	0.0	0.0	0.0	0.0	0.0	0.0	0.0	0.0	-0.13413513	0.0	0.0	0.0
0.061207153	0.0	0.0	0.0	0.0	0.0	0.0	0.0	0.0	0.0	0.0	0.0	0.0	0.0	0.0	0.0	0.0	0.0	0.0	0.0	0.0	0.0	0.0	0.0	0.0	0.0	0.0	0.0	0.0	0.0	0.09001199	0.0	0.0	0.0	0.02349383	0.0	0.40383846	0.0	0.0	0.0	0.0	0.0	0.0	-0.06849599	0.0	0.0	0.0	0.0	0.0	0.0	0.0	0.0	0.0	0.0	0.0	0.0	0.0	0.0	-0.13413513	0.0	0.0	0.0
-0.16681948	0.0	0.0	0.0	0.0	0.0	0.0	0.0	0.0	0.0	0.0	0.0	0.0	0.0	0.0	0.0	0.0	0.0	0.0	0.0	0.0	0.0	0.0	0.0	0.0	0.0	0.0	0.0	0.0	0.0	-0.32235616	0.0	0.0	0.0	0.02349383	0.0	0.1987723	0.0	0.0	0.0	0.0	0.0	0.0	-0.06849599	0.0	0.0	0.0	0.0	0.0	0.0	0.0	0.0	0.0	0.0	0.0	0.0	0.0	0.0	-0.13413513	0.0	0.0	0.0
0.061207153	0.0	0.0	0.0	0.0	0.0	0.0	0.0	0.0	0.0	0.0	0.0	0.0	0.0	0.0	0.0	0.0	0.0	0.0	0.0	0.0	0.0	0.0	0.0	0.0	0.0	0.0	0.0	0.0	0.0	0.09001199	0.0	0.0	0.0	0.02349383	0.0	0.40383846	0.0	0.0	0.0	0.0	0.0	0.0	-0.06849599	0.0	0.0	0.0	0.0	0.0	0.0	0.0	0.0	0.0	0.0	0.0	0.0	0.0	0.0	-0.13413513	0.0	0.0	0.0
0.061207153	0.0	0.0	0.0	0.0	0.0	0.0	0.0	0.0	0.0	0.0	0.0	0.0	0.0	0.0	0.0	0.0	0.0	0.0	0.0	0.0	0.0	0.0	0.0	0.0	0.0	0.0	0.0	0.0	0.0	0.09001199	0.0	0.0	0.0	0.02349383	0.0	-0.17207989	0.0	0.0	0.0	0.0	0.0	0.0	0.07218147	0.0	0.0	0.0	0.0	0.0	0.0	0.0	0.0	0.0	0.0	0.0	0.0	0.0	0.0	0.24149925	0.0	0.0	0.0
0.061207153	0.0	0.0	0.0	0.0	0.0	0.0	0.0	0.0	0.0	0.0	0.0	0.0	0.0	0.0	0.0	0.0	0.0	0.0	0.0	0.0	0.0	0.0	0.0	0.0	0.0	0.0	0.0	0.0	0.0	0.09001199	0.0	0.0	0.0	0.02349383	0.0	0.1987723	0.0	0.0	0.0	0.0	0.0	0.0	0.07218147	0.0	0.0	0.0	0.0	0.0	0.0	0.0	0.0	0.0	0.0	0.0	0.0	0.0	0.0	-0.13413513	0.0	0.0	0.0
0.061207153	0.0	0.0	0.0	0.0	0.0	0.0	0.0	0.0	0.0	0.0	0.0	0.0	0.0	0.0	0.0	0.0	0.0	0.0	0.0	0.0	0.0	0.0	0.0	0.0	0.0	0.0	0.0	0.0	0.0	0.09001199	0.0	0.0	0.0	-0.2514051	0.0	-0.17207989	0.0	0.0	0.0	0.0	0.0	0.0	0.07218147	0.0	0.0	0.0	0.0	0.0	0.0	0.0	0.0	0.0	0.0	0.0	0.0	0.0	0.0	-0.13413513	0.0	0.0	0.0
-0.16681948	0.0	0.0	0.0	0.0	0.0	0.0	0.0	0.0	0.0	0.0	0.0	0.0	0.0	0.0	0.0	0.0	0.0	0.0	0.0	0.0	0.0	0.0	0.0	0.0	0.0	0.0	0.0	0.0	0.0	-0.32235616	0.0	0.0	0.0	-0.2514051	0.0	-0.17207989	0.0	0.0	0.0	0.0	0.0	0.0	0.07218147	0.0	0.0	0.0	0.0	0.0	0.0	0.0	0.0	0.0	0.0	0.0	0.0	0.0	0.0	0.24149925	0.0	0.0	0.0
0.061207153	0.0	0.0	0.0	0.0	0.0	0.0	0.0	0.0	0.0	0.0	0.0	0.0	0.0	0.0	0.0	0.0	0.0	0.0	0.0	0.0	0.0	0.0	0.0	0.0	0.0	0.0	0.0	0.0	0.0	-0.32235616	0.0	0.0	0.0	-0.2514051	0.0	-0.17207989	0.0	0.0	0.0	0.0	0.0	0.0	0.07218147	0.0	0.0	0.0	0.0	0.0	0.0	0.0	0.0	0.0	0.0	0.0	0.0	0.0	0.0	0.24149925	0.0	0.0	0.0
0.061207153	0.0	0.0	0.0	0.0	0.0	0.0	0.0	0.0	0.0	0.0	0.0	0.0	0.0	0.0	0.0	0.0	0.0	0.0	0.0	0.0	0.0	0.0	0.0	0.0	0.0	0.0	0.0	0.0	0.0	0.09001199	0.0	0.0	0.0	0.02349383	0.0	-0.17207989	0.0	0.0	0.0	0.0	0.0	0.0	0.07218147	0.0	0.0	0.0	0.0	0.0	0.0	0.0	0.0	0.0	0.0	0.0	0.0	0.0	0.0	-0.13413513	0.0	0.0	0.0
0.061207153	0.0	0.0	0.0	0.0	0.0	0.0	0.0	0.0	0.0	0.0	0.0	0.0	0.0	0.0	0.0	0.0	0.0	0.0	0.0	0.0	0.0	0.0	0.0	0.0	0.0	0.0	0.0	0.0	0.0	0.09001199	0.0	0.0	0.0	0.02349383	0.0	0.1987723	0.0	0.0	0.0	0.0	0.0	0.0	0.07218147	0.0	0.0	0.0	0.0	0.0	0.0	0.0	0.0	0.0	0.0	0.0	0.0	0.0	0.0	0.24149925	0.0	0.0	0.0
0.061207153	0.0	0.0	0.0	0.0	0.0	0.0	0.0	0.0	0.0	0.0	0.0	0.0	0.0	0.0	0.0	0.0	0.0	0.0	0.0	0.0	0.0	0.0	0.0	0.0	0.0	0.0	0.0	0.0	0.0	0.09001199	0.0	0.0	0.0	0.02349383	0.0	0.40383846	0.0	0.0	0.0	0.0	0.0	0.0	-0.06849599	0.0	0.0	0.0	0.0	0.0	0.0	0.0	0.0	0.0	0.0	0.0	0.0	0.0	0.0	-0.13413513	0.0	0.0	0.0
0.061207153	0.0	0.0	0.0	0.0	0.0	0.0	0.0	0.0	0.0	0.0	0.0	0.0	0.0	0.0	0.0	0.0	0.0	0.0	0.0	0.0	0.0	0.0	0.0	0.0	0.0	0.0	0.0	0.0	0.0	0.09001199	0.0	0.0	0.0	0.02349383	0.0	0.1987723	0.0	0.0	0.0	0.0	0.0	0.0	0.07218147	0.0	0.0	0.0	0.0	0.0	0.0	0.0	0.0	0.0	0.0	0.0	0.0	0.0	0.0	-0.13413513	0.0	0.0	0.0
0.061207153	0.0	0.0	0.0	0.0	0.0	0.0	0.0	0.0	0.0	0.0	0.0	0.0	0.0	0.0	0.0	0.0	0.0	0.0	0.0	0.0	0.0	0.0	0.0	0.0	0.0	0.0	0.0	0.0	0.0	0.09001199	0.0	0.0	0.0	0.02349383	0.0	-0.17207989	0.0	0.0	0.0	0.0	0.0	0.0	0.07218147	0.0	0.0	0.0	0.0	0.0	0.0	0.0	0.0	0.0	0.0	0.0	0.0	0.0	0.0	0.24149925	0.0	0.0	0.0
-0.16681948	0.0	0.0	0.0	0.0	0.0	0.0	0.0	0.0	0.0	0.0	0.0	0.0	0.0	0.0	0.0	0.0	0.0	0.0	0.0	0.0	0.0	0.0	0.0	0.0	0.0	0.0	0.0	0.0	0.0	-0.32235616	0.0	0.0	0.0	0.02349383	0.0	-0.17207989	0.0	0.0	0.0	0.0	0.0	0.0	0.07218147	0.0	0.0	0.0	0.0	0.0	0.0	0.0	0.0	0.0	0.0	0.0	0.0	0.0	0.0	-0.13413513	0.0	0.0	0.0
-0.16681948	0.0	0.0	0.0	0.0	0.0	0.0	0.0	0.0	0.0	0.0	0.0	0.0	0.0	0.0	0.0	0.0	0.0	0.0	0.0	0.0	0.0	0.0	0.0	0.0	0.0	0.0	0.0	0.0	0.0	-0.32235616	0.0	0.0	0.0	0.02349383	0.0	-0.17207989	0.0	0.0	0.0	0.0	0.0	0.0	-0.06849599	0.0	0.0	0.0	0.0	0.0	0.0	0.0	0.0	0.0	0.0	0.0	0.0	0.0	0.0	0.24149925	0.0	0.0	0.0
0.061207153	0.0	0.0	0.0	0.0	0.0	0.0	0.0	0.0	0.0	0.0	0.0	0.0	0.0	0.0	0.0	0.0	0.0	0.0	0.0	0.0	0.0	0.0	0.0	0.0	0.0	0.0	0.0	0.0	0.0	0.09001199	0.0	0.0	0.0	0.02349383	0.0	-0.17207989	0.0	0.0	0.0	0.0	0.0	0.0	0.07218147	0.0	0.0	0.0	0.0	0.0	0.0	0.0	0.0	0.0	0.0	0.0	0.0	0.0	0.0	0.24149925	0.0	0.0	0.0
-0.16681948	0.0	0.0	0.0	0.0	0.0	0.0	0.0	0.0	0.0	0.0	0.0	0.0	0.0	0.0	0.0	0.0	0.0	0.0	0.0	0.0	0.0	0.0	0.0	0.0	0.0	0.0	0.0	0.0	0.0	-0.32235616	0.0	0.0	0.0	0.02349383	0.0	-0.17207989	0.0	0.0	0.0	0.0	0.0	0.0	0.07218147	0.0	0.0	0.0	0.0	0.0	0.0	0.0	0.0	0.0	0.0	0.0	0.0	0.0	0.0	0.24149925	0.0	0.0	0.0
-0.16681948	0.0	0.0	0.0	0.0	0.0	0.0	0.0	0.0	0.0	0.0	0.0	0.0	0.0	0.0	0.0	0.0	0.0	0.0	0.0	0.0	0.0	0.0	0.0	0.0	0.0	0.0	0.0	0.0	0.0	-0.32235616	0.0	0.0	0.0	-0.2514051	0.0	0.1987723	0.0	0.0	0.0	0.0	0.0	0.0	0.07218147	0.0	0.0	0.0	0.0	0.0	0.0	0.0	0.0	0.0	0.0	0.0	0.0	0.0	0.0	-0.13413513	0.0	0.0	0.0
0.061207153	0.0	0.0	0.0	0.0	0.0	0.0	0.0	0.0	0.0	0.0	0.0	0.0	0.0	0.0	0.0	0.0	0.0	0.0	0.0	0.0	0.0	0.0	0.0	0.0	0.0	0.0	0.0	0.0	0.0	0.09001199	0.0	0.0	0.0	0.02349383	0.0	-0.17207989	0.0	0.0	0.0	0.0	0.0	0.0	0.07218147	0.0	0.0	0.0	0.0	0.0	0.0	0.0	0.0	0.0	0.0	0.0	0.0	0.0	0.0	-0.13413513	0.0	0.0	0.0
0.061207153	0.0	0.0	0.0	0.0	0.0	0.0	0.0	0.0	0.0	0.0	0.0	0.0	0.0	0.0	0.0	0.0	0.0	0.0	0.0	0.0	0.0	0.0	0.0	0.0	0.0	0.0	0.0	0.0	0.0	0.09001199	0.0	0.0	0.0	0.02349383	0.0	-0.17207989	0.0	0.0	0.0	0.0	0.0	0.0	-0.06849599	0.0	0.0	0.0	0.0	0.0	0.0	0.0	0.0	0.0	0.0	0.0	0.0	0.0	0.0	-0.13413513	0.0	0.0	0.0
0.061207153	0.0	0.0	0.0	0.0	0.0	0.0	0.0	0.0	0.0	0.0	0.0	0.0	0.0	0.0	0.0	0.0	0.0	0.0	0.0	0.0	0.0	0.0	0.0	0.0	0.0	0.0	0.0	0.0	0.0	0.09001199	0.0	0.0	0.0	0.02349383	0.0	-0.17207989	0.0	0.0	0.0	0.0	0.0	0.0	0.07218147	0.0	0.0	0.0	0.0	0.0	0.0	0.0	0.0	0.0	0.0	0.0	0.0	0.0	0.0	0.24149925	0.0	0.0	0.0
0.061207153	0.0	0.0	0.0	0.0	0.0	0.0	0.0	0.0	0.0	0.0	0.0	0.0	0.0	0.0	0.0	0.0	0.0	0.0	0.0	0.0	0.0	0.0	0.0	0.0	0.0	0.0	0.0	0.0	0.0	0.09001199	0.0	0.0	0.0	0.02349383	0.0	-0.17207989	0.0	0.0	0.0	0.0	0.0	0.0	0.07218147	0.0	0.0	0.0	0.0	0.0	0.0	0.0	0.0	0.0	0.0	0.0	0.0	0.0	0.0	0.24149925	0.0	0.0	0.0
0.061207153	0.0	0.0	0.0	0.0	0.0	0.0	0.0	0.0	0.0	0.0	0.0	0.0	0.0	0.0	0.0	0.0	0.0	0.0	0.0	0.0	0.0	0.0	0.0	0.0	0.0	0.0	0.0	0.0	0.0	0.09001199	0.0	0.0	0.0	0.02349383	0.0	0.1987723	0.0	0.0	0.0	0.0	0.0	0.0	-0.06849599	0.0	0.0	0.0	0.0	0.0	0.0	0.0	0.0	0.0	0.0	0.0	0.0	0.0	0.0	-0.13413513	0.0	0.0	0.0
0.061207153	0.0	0.0	0.0	0.0	0.0	0.0	0.0	0.0	0.0	0.0	0.0	0.0	0.0	0.0	0.0	0.0	0.0	0.0	0.0	0.0	0.0	0.0	0.0	0.0	0.0	0.0	0.0	0.0	0.0	0.09001199	0.0	0.0	0.0	0.02349383	0.0	-0.17207989	0.0	0.0	0.0	0.0	0.0	0.0	-0.06849599	0.0	0.0	0.0	0.0	0.0	0.0	0.0	0.0	0.0	0.0	0.0	0.0	0.0	0.0	-0.13413513	0.0	0.0	0.0
-0.16681948	0.0	0.0	0.0	0.0	0.0	0.0	0.0	0.0	0.0	0.0	0.0	0.0	0.0	0.0	0.0	0.0	0.0	0.0	0.0	0.0	0.0	0.0	0.0	0.0	0.0	0.0	0.0	0.0	0.0	-0.32235616	0.0	0.0	0.0	0.02349383	0.0	-0.17207989	0.0	0.0	0.0	0.0	0.0	0.0	0.07218147	0.0	0.0	0.0	0.0	0.0	0.0	0.0	0.0	0.0	0.0	0.0	0.0	0.0	0.0	-0.13413513	0.0	0.0	0.0
0.061207153	0.0	0.0	0.0	0.0	0.0	0.0	0.0	0.0	0.0	0.0	0.0	0.0	0.0	0.0	0.0	0.0	0.0	0.0	0.0	0.0	0.0	0.0	0.0	0.0	0.0	0.0	0.0	0.0	0.0	0.09001199	0.0	0.0	0.0	0.02349383	0.0	0.1987723	0.0	0.0	0.0	0.0	0.0	0.0	-0.06849599	0.0	0.0	0.0	0.0	0.0	0.0	0.0	0.0	0.0	0.0	0.0	0.0	0.0	0.0	0.24149925	0.0	0.0	0.0
0.061207153	0.0	0.0	0.0	0.0	0.0	0.0	0.0	0.0	0.0	0.0	0.0	0.0	0.0	0.0	0.0	0.0	0.0	0.0	0.0	0.0	0.0	0.0	0.0	0.0	0.0	0.0	0.0	0.0	0.0	0.09001199	0.0	0.0	0.0	-0.2514051	0.0	-0.17207989	0.0	0.0	0.0	0.0	0.0	0.0	0.07218147	0.0	0.0	0.0	0.0	0.0	0.0	0.0	0.0	0.0	0.0	0.0	0.0	0.0	0.0	-0.13413513	0.0	0.0	0.0
0.061207153	0.0	0.0	0.0	0.0	0.0	0.0	0.0	0.0	0.0	0.0	0.0	0.0	0.0	0.0	0.0	0.0	0.0	0.0	0.0	0.0	0.0	0.0	0.0	0.0	0.0	0.0	0.0	0.0	0.0	-0.32235616	0.0	0.0	0.0	0.02349383	0.0	-0.17207989	0.0	0.0	0.0	0.0	0.0	0.0	-0.06849599	0.0	0.0	0.0	0.0	0.0	0.0	0.0	0.0	0.0	0.0	0.0	0.0	0.0	0.0	-0.13413513	0.0	0.0	0.0
-0.16681948	0.0	0.0	0.0	0.0	0.0	0.0	0.0	0.0	0.0	0.0	0.0	0.0	0.0	0.0	0.0	0.0	0.0	0.0	0.0	0.0	0.0	0.0	0.0	0.0	0.0	0.0	0.0	0.0	0.0	-0.32235616	0.0	0.0	0.0	0.02349383	0.0	0.1987723	0.0	0.0	0.0	0.0	0.0	0.0	-0.06849599	0.0	0.0	0.0	0.0	0.0	0.0	0.0	0.0	0.0	0.0	0.0	0.0	0.0	0.0	0.24149925	0.0	0.0	0.0
-0.16681948	0.0	0.0	0.0	0.0	0.0	0.0	0.0	0.0	0.0	0.0	0.0	0.0	0.0	0.0	0.0	0.0	0.0	0.0	0.0	0.0	0.0	0.0	0.0	0.0	0.0	0.0	0.0	0.0	0.0	-0.32235616	0.0	0.0	0.0	0.02349383	0.0	-0.17207989	0.0	0.0	0.0	0.0	0.0	0.0	-0.06849599	0.0	0.0	0.0	0.0	0.0	0.0	0.0	0.0	0.0	0.0	0.0	0.0	0.0	0.0	0.24149925	0.0	0.0	0.0
0.061207153	0.0	0.0	0.0	0.0	0.0	0.0	0.0	0.0	0.0	0.0	0.0	0.0	0.0	0.0	0.0	0.0	0.0	0.0	0.0	0.0	0.0	0.0	0.0	0.0	0.0	0.0	0.0	0.0	0.0	0.09001199	0.0	0.0	0.0	0.02349383	0.0	-0.17207989	0.0	0.0	0.0	0.0	0.0	0.0	0.07218147	0.0	0.0	0.0	0.0	0.0	0.0	0.0	0.0	0.0	0.0	0.0	0.0	0.0	0.0	0.24149925	0.0	0.0	0.0
0.061207153	0.0	0.0	0.0	0.0	0.0	0.0	0.0	0.0	0.0	0.0	0.0	0.0	0.0	0.0	0.0	0.0	0.0	0.0	0.0	0.0	0.0	0.0	0.0	0.0	0.0	0.0	0.0	0.0	0.0	0.09001199	0.0	0.0	0.0	0.02349383	0.0	-0.17207989	0.0	0.0	0.0	0.0	0.0	0.0	-0.06849599	0.0	0.0	0.0	0.0	0.0	0.0	0.0	0.0	0.0	0.0	0.0	0.0	0.0	0.0	-0.13413513	0.0	0.0	0.0
0.061207153	0.0	0.0	0.0	0.0	0.0	0.0	0.0	0.0	0.0	0.0	0.0	0.0	0.0	0.0	0.0	0.0	0.0	0.0	0.0	0.0	0.0	0.0	0.0	0.0	0.0	0.0	0.0	0.0	0.0	0.09001199	0.0	0.0	0.0	0.02349383	0.0	-0.17207989	0.0	0.0	0.0	0.0	0.0	0.0	-0.06849599	0.0	0.0	0.0	0.0	0.0	0.0	0.0	0.0	0.0	0.0	0.0	0.0	0.0	0.0	0.24149925	0.0	0.0	0.0
-0.16681948	0.0	0.0	0.0	0.0	0.0	0.0	0.0	0.0	0.0	0.0	0.0	0.0	0.0	0.0	0.0	0.0	0.0	0.0	0.0	0.0	0.0	0.0	0.0	0.0	0.0	0.0	0.0	0.0	0.0	-0.32235616	0.0	0.0	0.0	-0.2514051	0.0	-0.17207989	0.0	0.0	0.0	0.0	0.0	0.0	0.07218147	0.0	0.0	0.0	0.0	0.0	0.0	0.0	0.0	0.0	0.0	0.0	0.0	0.0	0.0	0.24149925	0.0	0.0	0.0
0.061207153	0.0	0.0	0.0	0.0	0.0	0.0	0.0	0.0	0.0	0.0	0.0	0.0	0.0	0.0	0.0	0.0	0.0	0.0	0.0	0.0	0.0	0.0	0.0	0.0	0.0	0.0	0.0	0.0	0.0	0.09001199	0.0	0.0	0.0	0.02349383	0.0	0.1987723	0.0	0.0	0.0	0.0	0.0	0.0	-0.06849599	0.0	0.0	0.0	0.0	0.0	0.0	0.0	0.0	0.0	0.0	0.0	0.0	0.0	0.0	0.24149925	0.0	0.0	0.0
0.061207153	0.0	0.0	0.0	0.0	0.0	0.0	0.0	0.0	0.0	0.0	0.0	0.0	0.0	0.0	0.0	0.0	0.0	0.0	0.0	0.0	0.0	0.0	0.0	0.0	0.0	0.0	0.0	0.0	0.0	0.09001199	0.0	0.0	0.0	0.02349383	0.0	-0.17207989	0.0	0.0	0.0	0.0	0.0	0.0	-0.06849599	0.0	0.0	0.0	0.0	0.0	0.0	0.0	0.0	0.0	0.0	0.0	0.0	0.0	0.0	0.24149925	0.0	0.0	0.0
0.061207153	0.0	0.0	0.0	0.0	0.0	0.0	0.0	0.0	0.0	0.0	0.0	0.0	0.0	0.0	0.0	0.0	0.0	0.0	0.0	0.0	0.0	0.0	0.0	0.0	0.0	0.0	0.0	0.0	0.0	0.09001199	0.0	0.0	0.0	0.02349383	0.0	-0.17207989	0.0	0.0	0.0	0.0	0.0	0.0	0.07218147	0.0	0.0	0.0	0.0	0.0	0.0	0.0	0.0	0.0	0.0	0.0	0.0	0.0	0.0	0.24149925	0.0	0.0	0.0
-0.16681948	0.0	0.0	0.0	0.0	0.0	0.0	0.0	0.0	0.0	0.0	0.0	0.0	0.0	0.0	0.0	0.0	0.0	0.0	0.0	0.0	0.0	0.0	0.0	0.0	0.0	0.0	0.0	0.0	0.0	0.09001199	0.0	0.0	0.0	0.02349383	0.0	0.1987723	0.0	0.0	0.0	0.0	0.0	0.0	-0.06849599	0.0	0.0	0.0	0.0	0.0	0.0	0.0	0.0	0.0	0.0	0.0	0.0	0.0	0.0	-0.13413513	0.0	0.0	0.0
-0.16681948	0.0	0.0	0.0	0.0	0.0	0.0	0.0	0.0	0.0	0.0	0.0	0.0	0.0	0.0	0.0	0.0	0.0	0.0	0.0	0.0	0.0	0.0	0.0	0.0	0.0	0.0	0.0	0.0	0.0	-0.32235616	0.0	0.0	0.0	0.02349383	0.0	-0.17207989	0.0	0.0	0.0	0.0	0.0	0.0	0.07218147	0.0	0.0	0.0	0.0	0.0	0.0	0.0	0.0	0.0	0.0	0.0	0.0	0.0	0.0	0.24149925	0.0	0.0	0.0
0.061207153	0.0	0.0	0.0	0.0	0.0	0.0	0.0	0.0	0.0	0.0	0.0	0.0	0.0	0.0	0.0	0.0	0.0	0.0	0.0	0.0	0.0	0.0	0.0	0.0	0.0	0.0	0.0	0.0	0.0	0.09001199	0.0	0.0	0.0	0.02349383	0.0	0.1987723	0.0	0.0	0.0	0.0	0.0	0.0	0.07218147	0.0	0.0	0.0	0.0	0.0	0.0	0.0	0.0	0.0	0.0	0.0	0.0	0.0	0.0	0.24149925	0.0	0.0	0.0
0.061207153	0.0	0.0	0.0	0.0	0.0	0.0	0.0	0.0	0.0	0.0	0.0	0.0	0.0	0.0	0.0	0.0	0.0	0.0	0.0	0.0	0.0	0.0	0.0	0.0	0.0	0.0	0.0	0.0	0.0	0.09001199	0.0	0.0	0.0	0.02349383	0.0	-0.17207989	0.0	0.0	0.0	0.0	0.0	0.0	0.07218147	0.0	0.0	0.0	0.0	0.0	0.0	0.0	0.0	0.0	0.0	0.0	0.0	0.0	0.0	0.24149925	0.0	0.0	0.0
0.061207153	0.0	0.0	0.0	0.0	0.0	0.0	0.0	0.0	0.0	0.0	0.0	0.0	0.0	0.0	0.0	0.0	0.0	0.0	0.0	0.0	0.0	0.0	0.0	0.0	0.0	0.0	0.0	0.0	0.0	-0.32235616	0.0	0.0	0.0	0.02349383	0.0	-0.17207989	0.0	0.0	0.0	0.0	0.0	0.0	0.07218147	0.0	0.0	0.0	0.0	0.0	0.0	0.0	0.0	0.0	0.0	0.0	0.0	0.0	0.0	0.24149925	0.0	0.0	0.0
0.061207153	0.0	0.0	0.0	0.0	0.0	0.0	0.0	0.0	0.0	0.0	0.0	0.0	0.0	0.0	0.0	0.0	0.0	0.0	0.0	0.0	0.0	0.0	0.0	0.0	0.0	0.0	0.0	0.0	0.0	0.09001199	0.0	0.0	0.0	0.02349383	0.0	0.1987723	0.0	0.0	0.0	0.0	0.0	0.0	-0.06849599	0.0	0.0	0.0	0.0	0.0	0.0	0.0	0.0	0.0	0.0	0.0	0.0	0.0	0.0	-0.13413513	0.0	0.0	0.0
-0.16681948	0.0	0.0	0.0	0.0	0.0	0.0	0.0	0.0	0.0	0.0	0.0	0.0	0.0	0.0	0.0	0.0	0.0	0.0	0.0	0.0	0.0	0.0	0.0	0.0	0.0	0.0	0.0	0.0	0.0	-0.32235616	0.0	0.0	0.0	-0.2514051	0.0	-0.17207989	0.0	0.0	0.0	0.0	0.0	0.0	0.07218147	0.0	0.0	0.0	0.0	0.0	0.0	0.0	0.0	0.0	0.0	0.0	0.0	0.0	0.0	0.24149925	0.0	0.0	0.0
0.061207153	0.0	0.0	0.0	0.0	0.0	0.0	0.0	0.0	0.0	0.0	0.0	0.0	0.0	0.0	0.0	0.0	0.0	0.0	0.0	0.0	0.0	0.0	0.0	0.0	0.0	0.0	0.0	0.0	0.0	-0.1046048	0.0	0.0	0.0	0.02349383	0.0	-0.17207989	0.0	0.0	0.0	0.0	0.0	0.0	0.07218147	0.0	0.0	0.0	0.0	0.0	0.0	0.0	0.0	0.0	0.0	0.0	0.0	0.0	0.0	0.24149925	0.0	0.0	0.0
0.061207153	0.0	0.0	0.0	0.0	0.0	0.0	0.0	0.0	0.0	0.0	0.0	0.0	0.0	0.0	0.0	0.0	0.0	0.0	0.0	0.0	0.0	0.0	0.0	0.0	0.0	0.0	0.0	0.0	0.0	0.09001199	0.0	0.0	0.0	0.02349383	0.0	0.40383846	0.0	0.0	0.0	0.0	0.0	0.0	-0.06849599	0.0	0.0	0.0	0.0	0.0	0.0	0.0	0.0	0.0	0.0	0.0	0.0	0.0	0.0	0.24149925	0.0	0.0	0.0
0.061207153	0.0	0.0	0.0	0.0	0.0	0.0	0.0	0.0	0.0	0.0	0.0	0.0	0.0	0.0	0.0	0.0	0.0	0.0	0.0	0.0	0.0	0.0	0.0	0.0	0.0	0.0	0.0	0.0	0.0	0.09001199	0.0	0.0	0.0	0.02349383	0.0	-0.17207989	0.0	0.0	0.0	0.0	0.0	0.0	0.07218147	0.0	0.0	0.0	0.0	0.0	0.0	0.0	0.0	0.0	0.0	0.0	0.0	0.0	0.0	0.24149925	0.0	0.0	0.0
0.061207153	0.0	0.0	0.0	0.0	0.0	0.0	0.0	0.0	0.0	0.0	0.0	0.0	0.0	0.0	0.0	0.0	0.0	0.0	0.0	0.0	0.0	0.0	0.0	0.0	0.0	0.0	0.0	0.0	0.0	0.09001199	0.0	0.0	0.0	0.02349383	0.0	-0.17207989	0.0	0.0	0.0	0.0	0.0	0.0	-0.06849599	0.0	0.0	0.0	0.0	0.0	0.0	0.0	0.0	0.0	0.0	0.0	0.0	0.0	0.0	-0.13413513	0.0	0.0	0.0
-0.16681948	0.0	0.0	0.0	0.0	0.0	0.0	0.0	0.0	0.0	0.0	0.0	0.0	0.0	0.0	0.0	0.0	0.0	0.0	0.0	0.0	0.0	0.0	0.0	0.0	0.0	0.0	0.0	0.0	0.0	-0.32235616	0.0	0.0	0.0	-0.2514051	0.0	0.1987723	0.0	0.0	0.0	0.0	0.0	0.0	0.07218147	0.0	0.0	0.0	0.0	0.0	0.0	0.0	0.0	0.0	0.0	0.0	0.0	0.0	0.0	-0.13413513	0.0	0.0	0.0
-0.16681948	0.0	0.0	0.0	0.0	0.0	0.0	0.0	0.0	0.0	0.0	0.0	0.0	0.0	0.0	0.0	0.0	0.0	0.0	0.0	0.0	0.0	0.0	0.0	0.0	0.0	0.0	0.0	0.0	0.0	-0.32235616	0.0	0.0	0.0	0.02349383	0.0	-0.17207989	0.0	0.0	0.0	0.0	0.0	0.0	0.07218147	0.0	0.0	0.0	0.0	0.0	0.0	0.0	0.0	0.0	0.0	0.0	0.0	0.0	0.0	0.24149925	0.0	0.0	0.0
0.061207153	0.0	0.0	0.0	0.0	0.0	0.0	0.0	0.0	0.0	0.0	0.0	0.0	0.0	0.0	0.0	0.0	0.0	0.0	0.0	0.0	0.0	0.0	0.0	0.0	0.0	0.0	0.0	0.0	0.0	0.09001199	0.0	0.0	0.0	0.02349383	0.0	-0.17207989	0.0	0.0	0.0	0.0	0.0	0.0	-0.06849599	0.0	0.0	0.0	0.0	0.0	0.0	0.0	0.0	0.0	0.0	0.0	0.0	0.0	0.0	-0.13413513	0.0	0.0	0.0
0.061207153	0.0	0.0	0.0	0.0	0.0	0.0	0.0	0.0	0.0	0.0	0.0	0.0	0.0	0.0	0.0	0.0	0.0	0.0	0.0	0.0	0.0	0.0	0.0	0.0	0.0	0.0	0.0	0.0	0.0	-0.32235616	0.0	0.0	0.0	0.02349383	0.0	-0.17207989	0.0	0.0	0.0	0.0	0.0	0.0	0.07218147	0.0	0.0	0.0	0.0	0.0	0.0	0.0	0.0	0.0	0.0	0.0	0.0	0.0	0.0	0.24149925	0.0	0.0	0.0
-0.16681948	0.0	0.0	0.0	0.0	0.0	0.0	0.0	0.0	0.0	0.0	0.0	0.0	0.0	0.0	0.0	0.0	0.0	0.0	0.0	0.0	0.0	0.0	0.0	0.0	0.0	0.0	0.0	0.0	0.0	0.09001199	0.0	0.0	0.0	0.02349383	0.0	0.016681336	0.0	0.0	0.0	0.0	0.0	0.0	-0.06849599	0.0	0.0	0.0	0.0	0.0	0.0	0.0	0.0	0.0	0.0	0.0	0.0	0.0	0.0	-0.13413513	0.0	0.0	0.0
0.061207153	0.0	0.0	0.0	0.0	0.0	0.0	0.0	0.0	0.0	0.0	0.0	0.0	0.0	0.0	0.0	0.0	0.0	0.0	0.0	0.0	0.0	0.0	0.0	0.0	0.0	0.0	0.0	0.0	0.0	-0.32235616	0.0	0.0	0.0	0.02349383	0.0	-0.17207989	0.0	0.0	0.0	0.0	0.0	0.0	0.07218147	0.0	0.0	0.0	0.0	0.0	0.0	0.0	0.0	0.0	0.0	0.0	0.0	0.0	0.0	-0.13413513	0.0	0.0	0.0
-0.16681948	0.0	0.0	0.0	0.0	0.0	0.0	0.0	0.0	0.0	0.0	0.0	0.0	0.0	0.0	0.0	0.0	0.0	0.0	0.0	0.0	0.0	0.0	0.0	0.0	0.0	0.0	0.0	0.0	0.0	-0.32235616	0.0	0.0	0.0	0.02349383	0.0	0.1987723	0.0	0.0	0.0	0.0	0.0	0.0	-0.06849599	0.0	0.0	0.0	0.0	0.0	0.0	0.0	0.0	0.0	0.0	0.0	0.0	0.0	0.0	0.24149925	0.0	0.0	0.0
-0.16681948	0.0	0.0	0.0	0.0	0.0	0.0	0.0	0.0	0.0	0.0	0.0	0.0	0.0	0.0	0.0	0.0	0.0	0.0	0.0	0.0	0.0	0.0	0.0	0.0	0.0	0.0	0.0	0.0	0.0	-0.1046048	0.0	0.0	0.0	0.02349383	0.0	-0.17207989	0.0	0.0	0.0	0.0	0.0	0.0	-0.06849599	0.0	0.0	0.0	0.0	0.0	0.0	0.0	0.0	0.0	0.0	0.0	0.0	0.0	0.0	0.24149925	0.0	0.0	0.0
0.061207153	0.0	0.0	0.0	0.0	0.0	0.0	0.0	0.0	0.0	0.0	0.0	0.0	0.0	0.0	0.0	0.0	0.0	0.0	0.0	0.0	0.0	0.0	0.0	0.0	0.0	0.0	0.0	0.0	0.0	0.09001199	0.0	0.0	0.0	0.02349383	0.0	-0.17207989	0.0	0.0	0.0	0.0	0.0	0.0	0.07218147	0.0	0.0	0.0	0.0	0.0	0.0	0.0	0.0	0.0	0.0	0.0	0.0	0.0	0.0	0.24149925	0.0	0.0	0.0
0.061207153	0.0	0.0	0.0	0.0	0.0	0.0	0.0	0.0	0.0	0.0	0.0	0.0	0.0	0.0	0.0	0.0	0.0	0.0	0.0	0.0	0.0	0.0	0.0	0.0	0.0	0.0	0.0	0.0	0.0	0.09001199	0.0	0.0	0.0	0.02349383	0.0	0.1987723	0.0	0.0	0.0	0.0	0.0	0.0	0.07218147	0.0	0.0	0.0	0.0	0.0	0.0	0.0	0.0	0.0	0.0	0.0	0.0	0.0	0.0	0.24149925	0.0	0.0	0.0
0.061207153	0.0	0.0	0.0	0.0	0.0	0.0	0.0	0.0	0.0	0.0	0.0	0.0	0.0	0.0	0.0	0.0	0.0	0.0	0.0	0.0	0.0	0.0	0.0	0.0	0.0	0.0	0.0	0.0	0.0	0.09001199	0.0	0.0	0.0	0.02349383	0.0	-0.17207989	0.0	0.0	0.0	0.0	0.0	0.0	-0.06849599	0.0	0.0	0.0	0.0	0.0	0.0	0.0	0.0	0.0	0.0	0.0	0.0	0.0	0.0	-0.13413513	0.0	0.0	0.0
0.061207153	0.0	0.0	0.0	0.0	0.0	0.0	0.0	0.0	0.0	0.0	0.0	0.0	0.0	0.0	0.0	0.0	0.0	0.0	0.0	0.0	0.0	0.0	0.0	0.0	0.0	0.0	0.0	0.0	0.0	0.09001199	0.0	0.0	0.0	0.02349383	0.0	0.1987723	0.0	0.0	0.0	0.0	0.0	0.0	0.07218147	0.0	0.0	0.0	0.0	0.0	0.0	0.0	0.0	0.0	0.0	0.0	0.0	0.0	0.0	0.24149925	0.0	0.0	0.0
0.061207153	0.0	0.0	0.0	0.0	0.0	0.0	0.0	0.0	0.0	0.0	0.0	0.0	0.0	0.0	0.0	0.0	0.0	0.0	0.0	0.0	0.0	0.0	0.0	0.0	0.0	0.0	0.0	0.0	0.0	0.09001199	0.0	0.0	0.0	0.02349383	0.0	-0.17207989	0.0	0.0	0.0	0.0	0.0	0.0	-0.06849599	0.0	0.0	0.0	0.0	0.0	0.0	0.0	0.0	0.0	0.0	0.0	0.0	0.0	0.0	-0.13413513	0.0	0.0	0.0
0.061207153	0.0	0.0	0.0	0.0	0.0	0.0	0.0	0.0	0.0	0.0	0.0	0.0	0.0	0.0	0.0	0.0	0.0	0.0	0.0	0.0	0.0	0.0	0.0	0.0	0.0	0.0	0.0	0.0	0.0	0.09001199	0.0	0.0	0.0	0.02349383	0.0	-0.17207989	0.0	0.0	0.0	0.0	0.0	0.0	-0.06849599	0.0	0.0	0.0	0.0	0.0	0.0	0.0	0.0	0.0	0.0	0.0	0.0	0.0	0.0	-0.13413513	0.0	0.0	0.0
0.061207153	0.0	0.0	0.0	0.0	0.0	0.0	0.0	0.0	0.0	0.0	0.0	0.0	0.0	0.0	0.0	0.0	0.0	0.0	0.0	0.0	0.0	0.0	0.0	0.0	0.0	0.0	0.0	0.0	0.0	0.09001199	0.0	0.0	0.0	0.02349383	0.0	0.40383846	0.0	0.0	0.0	0.0	0.0	0.0	0.07218147	0.0	0.0	0.0	0.0	0.0	0.0	0.0	0.0	0.0	0.0	0.0	0.0	0.0	0.0	-0.13413513	0.0	0.0	0.0
0.061207153	0.0	0.0	0.0	0.0	0.0	0.0	0.0	0.0	0.0	0.0	0.0	0.0	0.0	0.0	0.0	0.0	0.0	0.0	0.0	0.0	0.0	0.0	0.0	0.0	0.0	0.0	0.0	0.0	0.0	0.09001199	0.0	0.0	0.0	0.02349383	0.0	0.40383846	0.0	0.0	0.0	0.0	0.0	0.0	-0.06849599	0.0	0.0	0.0	0.0	0.0	0.0	0.0	0.0	0.0	0.0	0.0	0.0	0.0	0.0	-0.13413513	0.0	0.0	0.0
0.061207153	0.0	0.0	0.0	0.0	0.0	0.0	0.0	0.0	0.0	0.0	0.0	0.0	0.0	0.0	0.0	0.0	0.0	0.0	0.0	0.0	0.0	0.0	0.0	0.0	0.0	0.0	0.0	0.0	0.0	0.09001199	0.0	0.0	0.0	0.02349383	0.0	-0.17207989	0.0	0.0	0.0	0.0	0.0	0.0	-0.06849599	0.0	0.0	0.0	0.0	0.0	0.0	0.0	0.0	0.0	0.0	0.0	0.0	0.0	0.0	0.24149925	0.0	0.0	0.0
0.061207153	0.0	0.0	0.0	0.0	0.0	0.0	0.0	0.0	0.0	0.0	0.0	0.0	0.0	0.0	0.0	0.0	0.0	0.0	0.0	0.0	0.0	0.0	0.0	0.0	0.0	0.0	0.0	0.0	0.0	0.09001199	0.0	0.0	0.0	0.02349383	0.0	-0.17207989	0.0	0.0	0.0	0.0	0.0	0.0	-0.06849599	0.0	0.0	0.0	0.0	0.0	0.0	0.0	0.0	0.0	0.0	0.0	0.0	0.0	0.0	-0.13413513	0.0	0.0	0.0
0.061207153	0.0	0.0	0.0	0.0	0.0	0.0	0.0	0.0	0.0	0.0	0.0	0.0	0.0	0.0	0.0	0.0	0.0	0.0	0.0	0.0	0.0	0.0	0.0	0.0	0.0	0.0	0.0	0.0	0.0	0.09001199	0.0	0.0	0.0	0.02349383	0.0	0.40383846	0.0	0.0	0.0	0.0	0.0	0.0	-0.06849599	0.0	0.0	0.0	0.0	0.0	0.0	0.0	0.0	0.0	0.0	0.0	0.0	0.0	0.0	0.24149925	0.0	0.0	0.0
0.061207153	0.0	0.0	0.0	0.0	0.0	0.0	0.0	0.0	0.0	0.0	0.0	0.0	0.0	0.0	0.0	0.0	0.0	0.0	0.0	0.0	0.0	0.0	0.0	0.0	0.0	0.0	0.0	0.0	0.0	0.09001199	0.0	0.0	0.0	0.02349383	0.0	-0.17207989	0.0	0.0	0.0	0.0	0.0	0.0	0.07218147	0.0	0.0	0.0	0.0	0.0	0.0	0.0	0.0	0.0	0.0	0.0	0.0	0.0	0.0	-0.13413513	0.0	0.0	0.0
0.061207153	0.0	0.0	0.0	0.0	0.0	0.0	0.0	0.0	0.0	0.0	0.0	0.0	0.0	0.0	0.0	0.0	0.0	0.0	0.0	0.0	0.0	0.0	0.0	0.0	0.0	0.0	0.0	0.0	0.0	0.09001199	0.0	0.0	0.0	0.02349383	0.0	0.40383846	0.0	0.0	0.0	0.0	0.0	0.0	0.07218147	0.0	0.0	0.0	0.0	0.0	0.0	0.0	0.0	0.0	0.0	0.0	0.0	0.0	0.0	0.24149925	0.0	0.0	0.0
0.061207153	0.0	0.0	0.0	0.0	0.0	0.0	0.0	0.0	0.0	0.0	0.0	0.0	0.0	0.0	0.0	0.0	0.0	0.0	0.0	0.0	0.0	0.0	0.0	0.0	0.0	0.0	0.0	0.0	0.0	0.09001199	0.0	0.0	0.0	0.02349383	0.0	-0.17207989	0.0	0.0	0.0	0.0	0.0	0.0	-0.06849599	0.0	0.0	0.0	0.0	0.0	0.0	0.0	0.0	0.0	0.0	0.0	0.0	0.0	0.0	-0.13413513	0.0	0.0	0.0
0.061207153	0.0	0.0	0.0	0.0	0.0	0.0	0.0	0.0	0.0	0.0	0.0	0.0	0.0	0.0	0.0	0.0	0.0	0.0	0.0	0.0	0.0	0.0	0.0	0.0	0.0	0.0	0.0	0.0	0.0	0.09001199	0.0	0.0	0.0	0.02349383	0.0	0.40383846	0.0	0.0	0.0	0.0	0.0	0.0	0.07218147	0.0	0.0	0.0	0.0	0.0	0.0	0.0	0.0	0.0	0.0	0.0	0.0	0.0	0.0	-0.13413513	0.0	0.0	0.0
-0.16681948	0.0	0.0	0.0	0.0	0.0	0.0	0.0	0.0	0.0	0.0	0.0	0.0	0.0	0.0	0.0	0.0	0.0	0.0	0.0	0.0	0.0	0.0	0.0	0.0	0.0	0.0	0.0	0.0	0.0	0.09001199	0.0	0.0	0.0	0.02349383	0.0	0.1987723	0.0	0.0	0.0	0.0	0.0	0.0	-0.06849599	0.0	0.0	0.0	0.0	0.0	0.0	0.0	0.0	0.0	0.0	0.0	0.0	0.0	0.0	0.24149925	0.0	0.0	0.0
-0.16681948	0.0	0.0	0.0	0.0	0.0	0.0	0.0	0.0	0.0	0.0	0.0	0.0	0.0	0.0	0.0	0.0	0.0	0.0	0.0	0.0	0.0	0.0	0.0	0.0	0.0	0.0	0.0	0.0	0.0	-0.32235616	0.0	0.0	0.0	0.02349383	0.0	-0.17207989	0.0	0.0	0.0	0.0	0.0	0.0	-0.06849599	0.0	0.0	0.0	0.0	0.0	0.0	0.0	0.0	0.0	0.0	0.0	0.0	0.0	0.0	-0.13413513	0.0	0.0	0.0
0.061207153	0.0	0.0	0.0	0.0	0.0	0.0	0.0	0.0	0.0	0.0	0.0	0.0	0.0	0.0	0.0	0.0	0.0	0.0	0.0	0.0	0.0	0.0	0.0	0.0	0.0	0.0	0.0	0.0	0.0	0.09001199	0.0	0.0	0.0	0.02349383	0.0	-0.17207989	0.0	0.0	0.0	0.0	0.0	0.0	0.07218147	0.0	0.0	0.0	0.0	0.0	0.0	0.0	0.0	0.0	0.0	0.0	0.0	0.0	0.0	0.24149925	0.0	0.0	0.0
-0.16681948	0.0	0.0	0.0	0.0	0.0	0.0	0.0	0.0	0.0	0.0	0.0	0.0	0.0	0.0	0.0	0.0	0.0	0.0	0.0	0.0	0.0	0.0	0.0	0.0	0.0	0.0	0.0	0.0	0.0	-0.32235616	0.0	0.0	0.0	0.02349383	0.0	-0.17207989	0.0	0.0	0.0	0.0	0.0	0.0	-0.06849599	0.0	0.0	0.0	0.0	0.0	0.0	0.0	0.0	0.0	0.0	0.0	0.0	0.0	0.0	0.24149925	0.0	0.0	0.0
0.061207153	0.0	0.0	0.0	0.0	0.0	0.0	0.0	0.0	0.0	0.0	0.0	0.0	0.0	0.0	0.0	0.0	0.0	0.0	0.0	0.0	0.0	0.0	0.0	0.0	0.0	0.0	0.0	0.0	0.0	0.09001199	0.0	0.0	0.0	0.02349383	0.0	0.40383846	0.0	0.0	0.0	0.0	0.0	0.0	0.07218147	0.0	0.0	0.0	0.0	0.0	0.0	0.0	0.0	0.0	0.0	0.0	0.0	0.0	0.0	-0.13413513	0.0	0.0	0.0
0.061207153	0.0	0.0	0.0	0.0	0.0	0.0	0.0	0.0	0.0	0.0	0.0	0.0	0.0	0.0	0.0	0.0	0.0	0.0	0.0	0.0	0.0	0.0	0.0	0.0	0.0	0.0	0.0	0.0	0.0	0.09001199	0.0	0.0	0.0	0.02349383	0.0	0.1987723	0.0	0.0	0.0	0.0	0.0	0.0	0.07218147	0.0	0.0	0.0	0.0	0.0	0.0	0.0	0.0	0.0	0.0	0.0	0.0	0.0	0.0	-0.13413513	0.0	0.0	0.0
0.061207153	0.0	0.0	0.0	0.0	0.0	0.0	0.0	0.0	0.0	0.0	0.0	0.0	0.0	0.0	0.0	0.0	0.0	0.0	0.0	0.0	0.0	0.0	0.0	0.0	0.0	0.0	0.0	0.0	0.0	0.09001199	0.0	0.0	0.0	0.02349383	0.0	0.1987723	0.0	0.0	0.0	0.0	0.0	0.0	0.07218147	0.0	0.0	0.0	0.0	0.0	0.0	0.0	0.0	0.0	0.0	0.0	0.0	0.0	0.0	0.24149925	0.0	0.0	0.0
0.061207153	0.0	0.0	0.0	0.0	0.0	0.0	0.0	0.0	0.0	0.0	0.0	0.0	0.0	0.0	0.0	0.0	0.0	0.0	0.0	0.0	0.0	0.0	0.0	0.0	0.0	0.0	0.0	0.0	0.0	0.09001199	0.0	0.0	0.0	0.02349383	0.0	-0.17207989	0.0	0.0	0.0	0.0	0.0	0.0	0.07218147	0.0	0.0	0.0	0.0	0.0	0.0	0.0	0.0	0.0	0.0	0.0	0.0	0.0	0.0	-0.13413513	0.0	0.0	0.0
-0.16681948	0.0	0.0	0.0	0.0	0.0	0.0	0.0	0.0	0.0	0.0	0.0	0.0	0.0	0.0	0.0	0.0	0.0	0.0	0.0	0.0	0.0	0.0	0.0	0.0	0.0	0.0	0.0	0.0	0.0	0.09001199	0.0	0.0	0.0	0.02349383	0.0	0.40383846	0.0	0.0	0.0	0.0	0.0	0.0	0.07218147	0.0	0.0	0.0	0.0	0.0	0.0	0.0	0.0	0.0	0.0	0.0	0.0	0.0	0.0	-0.13413513	0.0	0.0	0.0
0.061207153	0.0	0.0	0.0	0.0	0.0	0.0	0.0	0.0	0.0	0.0	0.0	0.0	0.0	0.0	0.0	0.0	0.0	0.0	0.0	0.0	0.0	0.0	0.0	0.0	0.0	0.0	0.0	0.0	0.0	0.09001199	0.0	0.0	0.0	0.02349383	0.0	0.40383846	0.0	0.0	0.0	0.0	0.0	0.0	-0.06849599	0.0	0.0	0.0	0.0	0.0	0.0	0.0	0.0	0.0	0.0	0.0	0.0	0.0	0.0	-0.13413513	0.0	0.0	0.0
0.061207153	0.0	0.0	0.0	0.0	0.0	0.0	0.0	0.0	0.0	0.0	0.0	0.0	0.0	0.0	0.0	0.0	0.0	0.0	0.0	0.0	0.0	0.0	0.0	0.0	0.0	0.0	0.0	0.0	0.0	0.09001199	0.0	0.0	0.0	0.02349383	0.0	-0.17207989	0.0	0.0	0.0	0.0	0.0	0.0	0.07218147	0.0	0.0	0.0	0.0	0.0	0.0	0.0	0.0	0.0	0.0	0.0	0.0	0.0	0.0	0.24149925	0.0	0.0	0.0
0.061207153	0.0	0.0	0.0	0.0	0.0	0.0	0.0	0.0	0.0	0.0	0.0	0.0	0.0	0.0	0.0	0.0	0.0	0.0	0.0	0.0	0.0	0.0	0.0	0.0	0.0	0.0	0.0	0.0	0.0	-0.32235616	0.0	0.0	0.0	0.02349383	0.0	0.40383846	0.0	0.0	0.0	0.0	0.0	0.0	0.07218147	0.0	0.0	0.0	0.0	0.0	0.0	0.0	0.0	0.0	0.0	0.0	0.0	0.0	0.0	-0.13413513	0.0	0.0	0.0
0.061207153	0.0	0.0	0.0	0.0	0.0	0.0	0.0	0.0	0.0	0.0	0.0	0.0	0.0	0.0	0.0	0.0	0.0	0.0	0.0	0.0	0.0	0.0	0.0	0.0	0.0	0.0	0.0	0.0	0.0	0.09001199	0.0	0.0	0.0	0.02349383	0.0	-0.17207989	0.0	0.0	0.0	0.0	0.0	0.0	0.07218147	0.0	0.0	0.0	0.0	0.0	0.0	0.0	0.0	0.0	0.0	0.0	0.0	0.0	0.0	-0.13413513	0.0	0.0	0.0
0.061207153	0.0	0.0	0.0	0.0	0.0	0.0	0.0	0.0	0.0	0.0	0.0	0.0	0.0	0.0	0.0	0.0	0.0	0.0	0.0	0.0	0.0	0.0	0.0	0.0	0.0	0.0	0.0	0.0	0.0	0.09001199	0.0	0.0	0.0	0.02349383	0.0	0.1987723	0.0	0.0	0.0	0.0	0.0	0.0	0.07218147	0.0	0.0	0.0	0.0	0.0	0.0	0.0	0.0	0.0	0.0	0.0	0.0	0.0	0.0	0.24149925	0.0	0.0	0.0
0.061207153	0.0	0.0	0.0	0.0	0.0	0.0	0.0	0.0	0.0	0.0	0.0	0.0	0.0	0.0	0.0	0.0	0.0	0.0	0.0	0.0	0.0	0.0	0.0	0.0	0.0	0.0	0.0	0.0	0.0	0.09001199	0.0	0.0	0.0	0.02349383	0.0	-0.17207989	0.0	0.0	0.0	0.0	0.0	0.0	0.07218147	0.0	0.0	0.0	0.0	0.0	0.0	0.0	0.0	0.0	0.0	0.0	0.0	0.0	0.0	-0.13413513	0.0	0.0	0.0
0.061207153	0.0	0.0	0.0	0.0	0.0	0.0	0.0	0.0	0.0	0.0	0.0	0.0	0.0	0.0	0.0	0.0	0.0	0.0	0.0	0.0	0.0	0.0	0.0	0.0	0.0	0.0	0.0	0.0	0.0	0.09001199	0.0	0.0	0.0	0.02349383	0.0	0.016681336	0.0	0.0	0.0	0.0	0.0	0.0	0.07218147	0.0	0.0	0.0	0.0	0.0	0.0	0.0	0.0	0.0	0.0	0.0	0.0	0.0	0.0	-0.13413513	0.0	0.0	0.0
0.061207153	0.0	0.0	0.0	0.0	0.0	0.0	0.0	0.0	0.0	0.0	0.0	0.0	0.0	0.0	0.0	0.0	0.0	0.0	0.0	0.0	0.0	0.0	0.0	0.0	0.0	0.0	0.0	0.0	0.0	0.09001199	0.0	0.0	0.0	0.02349383	0.0	-0.17207989	0.0	0.0	0.0	0.0	0.0	0.0	0.07218147	0.0	0.0	0.0	0.0	0.0	0.0	0.0	0.0	0.0	0.0	0.0	0.0	0.0	0.0	0.24149925	0.0	0.0	0.0
0.061207153	0.0	0.0	0.0	0.0	0.0	0.0	0.0	0.0	0.0	0.0	0.0	0.0	0.0	0.0	0.0	0.0	0.0	0.0	0.0	0.0	0.0	0.0	0.0	0.0	0.0	0.0	0.0	0.0	0.0	0.09001199	0.0	0.0	0.0	0.02349383	0.0	-0.17207989	0.0	0.0	0.0	0.0	0.0	0.0	-0.06849599	0.0	0.0	0.0	0.0	0.0	0.0	0.0	0.0	0.0	0.0	0.0	0.0	0.0	0.0	0.24149925	0.0	0.0	0.0
0.061207153	0.0	0.0	0.0	0.0	0.0	0.0	0.0	0.0	0.0	0.0	0.0	0.0	0.0	0.0	0.0	0.0	0.0	0.0	0.0	0.0	0.0	0.0	0.0	0.0	0.0	0.0	0.0	0.0	0.0	0.09001199	0.0	0.0	0.0	0.02349383	0.0	0.40383846	0.0	0.0	0.0	0.0	0.0	0.0	0.07218147	0.0	0.0	0.0	0.0	0.0	0.0	0.0	0.0	0.0	0.0	0.0	0.0	0.0	0.0	-0.13413513	0.0	0.0	0.0
-0.16681948	0.0	0.0	0.0	0.0	0.0	0.0	0.0	0.0	0.0	0.0	0.0	0.0	0.0	0.0	0.0	0.0	0.0	0.0	0.0	0.0	0.0	0.0	0.0	0.0	0.0	0.0	0.0	0.0	0.0	-0.32235616	0.0	0.0	0.0	0.02349383	0.0	-0.17207989	0.0	0.0	0.0	0.0	0.0	0.0	0.07218147	0.0	0.0	0.0	0.0	0.0	0.0	0.0	0.0	0.0	0.0	0.0	0.0	0.0	0.0	-0.13413513	0.0	0.0	0.0
-0.16681948	0.0	0.0	0.0	0.0	0.0	0.0	0.0	0.0	0.0	0.0	0.0	0.0	0.0	0.0	0.0	0.0	0.0	0.0	0.0	0.0	0.0	0.0	0.0	0.0	0.0	0.0	0.0	0.0	0.0	-0.1046048	0.0	0.0	0.0	0.02349383	0.0	0.1987723	0.0	0.0	0.0	0.0	0.0	0.0	-0.06849599	0.0	0.0	0.0	0.0	0.0	0.0	0.0	0.0	0.0	0.0	0.0	0.0	0.0	0.0	-0.13413513	0.0	0.0	0.0
0.061207153	0.0	0.0	0.0	0.0	0.0	0.0	0.0	0.0	0.0	0.0	0.0	0.0	0.0	0.0	0.0	0.0	0.0	0.0	0.0	0.0	0.0	0.0	0.0	0.0	0.0	0.0	0.0	0.0	0.0	-0.32235616	0.0	0.0	0.0	0.02349383	0.0	-0.17207989	0.0	0.0	0.0	0.0	0.0	0.0	-0.06849599	0.0	0.0	0.0	0.0	0.0	0.0	0.0	0.0	0.0	0.0	0.0	0.0	0.0	0.0	0.24149925	0.0	0.0	0.0
0.061207153	0.0	0.0	0.0	0.0	0.0	0.0	0.0	0.0	0.0	0.0	0.0	0.0	0.0	0.0	0.0	0.0	0.0	0.0	0.0	0.0	0.0	0.0	0.0	0.0	0.0	0.0	0.0	0.0	0.0	-0.32235616	0.0	0.0	0.0	0.02349383	0.0	0.1987723	0.0	0.0	0.0	0.0	0.0	0.0	0.07218147	0.0	0.0	0.0	0.0	0.0	0.0	0.0	0.0	0.0	0.0	0.0	0.0	0.0	0.0	-0.13413513	0.0	0.0	0.0
0.061207153	0.0	0.0	0.0	0.0	0.0	0.0	0.0	0.0	0.0	0.0	0.0	0.0	0.0	0.0	0.0	0.0	0.0	0.0	0.0	0.0	0.0	0.0	0.0	0.0	0.0	0.0	0.0	0.0	0.0	0.09001199	0.0	0.0	0.0	0.02349383	0.0	0.40383846	0.0	0.0	0.0	0.0	0.0	0.0	-0.06849599	0.0	0.0	0.0	0.0	0.0	0.0	0.0	0.0	0.0	0.0	0.0	0.0	0.0	0.0	-0.13413513	0.0	0.0	0.0
0.061207153	0.0	0.0	0.0	0.0	0.0	0.0	0.0	0.0	0.0	0.0	0.0	0.0	0.0	0.0	0.0	0.0	0.0	0.0	0.0	0.0	0.0	0.0	0.0	0.0	0.0	0.0	0.0	0.0	0.0	0.09001199	0.0	0.0	0.0	0.02349383	0.0	0.1987723	0.0	0.0	0.0	0.0	0.0	0.0	0.07218147	0.0	0.0	0.0	0.0	0.0	0.0	0.0	0.0	0.0	0.0	0.0	0.0	0.0	0.0	-0.13413513	0.0	0.0	0.0
