data_type,algo,seed,train.val,auc
CLN_PRT_MIR,svc,2,0,0.7606363636363636
CLN_PRT_MIR,xgb,2,0,0.7450909090909091
CLN_PRT_MIR,lr,2,0,0.7649090909090909
CLN_PRT_MIR,avg,2,0,0.783909090909091
CLN_PRT_MIR_MET,svc,2,1,0.6812965838509316
CLN_PRT_MIR_MET,xgb,2,1,0.7703260869565217
CLN_PRT_MIR_MET,lr,2,1,0.7545005175983437
CLN_PRT_MIR_MET,avg,2,1,0.7364104554865424
CLN_MTB_MIR_MET,svc,2,0,0.7828181818181819
CLN_MTB_MIR_MET,xgb,2,0,0.7615
CLN_MTB_MIR_MET,lr,2,0,0.7409999999999999
CLN_MTB_MIR_MET,avg,2,0,0.7824545454545454
PRT,svc,2,1,0.6023421325051759
PRT,xgb,2,1,0.6515967908902691
PRT,lr,2,1,0.6246092132505175
PRT,avg,2,1,0.6361076604554865
CLN_MTB_PRT_MET,svc,2,0,0.8086363636363636
CLN_MTB_PRT_MET,xgb,2,0,0.7588636363636363
CLN_MTB_PRT_MET,lr,2,0,0.7457272727272728
CLN_MTB_PRT_MET,avg,2,0,0.8153636363636364
MIR,svc,2,1,0.6136309523809523
MIR,xgb,2,1,0.6631055900621119
MIR,lr,2,1,0.6437085921325052
MIR,avg,2,1,0.6732712215320911
CLN_MTB_PRT_MIR_MET,svc,2,0,0.8028181818181818
CLN_MTB_PRT_MIR_MET,xgb,2,0,0.7606818181818182
CLN_MTB_PRT_MIR_MET,lr,2,0,0.7765454545454545
CLN_MTB_PRT_MIR_MET,avg,2,0,0.8049999999999999
CLN_PRT_MET,svc,2,1,0.6747528467908902
CLN_PRT_MET,xgb,2,1,0.7715683229813665
CLN_PRT_MET,lr,2,1,0.744702380952381
CLN_PRT_MET,avg,2,1,0.7491847826086958
CLN_MTB_MIR,svc,2,0,0.7783636363636364
CLN_MTB_MIR,xgb,2,0,0.7679090909090909
CLN_MTB_MIR,lr,2,0,0.7464545454545454
CLN_MTB_MIR,avg,2,0,0.7762727272727272
CLN_PRT_MIR,svc,2,1,0.7073602484472049
CLN_PRT_MIR,xgb,2,1,0.7747114389233953
CLN_PRT_MIR,lr,2,1,0.757888198757764
CLN_PRT_MIR,avg,2,1,0.7653234989648035
MTB,svc,2,0,0.7650909090909092
MTB,xgb,2,0,0.7495
MTB,lr,2,0,0.7645454545454544
MTB,avg,2,0,0.7754545454545454
CLN_MIR,svc,2,1,0.737870082815735
CLN_MIR,xgb,2,1,0.7695626293995859
CLN_MIR,lr,2,1,0.7644435817805382
CLN_MIR,avg,2,1,0.7712784679089026
CLN,svc,2,0,0.7399090909090908
CLN,xgb,2,0,0.7505454545454546
CLN,lr,2,0,0.7558181818181817
CLN,avg,2,0,0.7577272727272727
CLN_MTB_PRT_MIR_MET,svc,2,1,0.7201656314699794
CLN_MTB_PRT_MIR_MET,xgb,2,1,0.7779994824016563
CLN_MTB_PRT_MIR_MET,lr,2,1,0.765248447204969
CLN_MTB_PRT_MIR_MET,avg,2,1,0.7545419254658385
CLN_MTB_PRT_MIR,svc,2,0,0.7916363636363636
CLN_MTB_PRT_MIR,xgb,2,0,0.7568636363636364
CLN_MTB_PRT_MIR,lr,2,0,0.7765454545454545
CLN_MTB_PRT_MIR,avg,2,0,0.8028181818181818
MTB,svc,2,1,0.6947748447204969
MTB,xgb,2,1,0.7592585403726708
MTB,lr,2,1,0.7473576604554866
MTB,avg,2,1,0.7452950310559007
PRT,svc,2,0,0.5908181818181818
PRT,xgb,2,0,0.542909090909091
PRT,lr,2,0,0.6069999999999999
PRT,avg,2,0,0.5969090909090908
CLN_MTB_PRT_MIR,svc,2,1,0.7407414596273292
CLN_MTB_PRT_MIR,xgb,2,1,0.7846156832298137
CLN_MTB_PRT_MIR,lr,2,1,0.7690010351966874
CLN_MTB_PRT_MIR,avg,2,1,0.7830331262939959
CLN_MTB,svc,2,0,0.7889999999999999
CLN_MTB,xgb,2,0,0.7603181818181817
CLN_MTB,lr,2,0,0.782
CLN_MTB,avg,2,0,0.7901818181818182
CLN_MET,svc,2,1,0.7045471014492753
CLN_MET,xgb,2,1,0.7696648550724638
CLN_MET,lr,2,1,0.7493219461697722
CLN_MET,avg,2,1,0.723993271221532
CLN_PRT,svc,2,0,0.7637272727272727
CLN_PRT,xgb,2,0,0.7418181818181819
CLN_PRT,lr,2,0,0.729
CLN_PRT,avg,2,0,0.7784545454545455
CLN_PRT,svc,2,1,0.7075310559006212
CLN_PRT,xgb,2,1,0.7844824016563147
CLN_PRT,lr,2,1,0.744702380952381
CLN_PRT,avg,2,1,0.7849171842650103
CLN_MIR,svc,2,0,0.7446363636363637
CLN_MIR,xgb,2,0,0.7533181818181819
CLN_MIR,lr,2,0,0.7424545454545455
CLN_MIR,avg,2,0,0.7589090909090909
CLN_MTB_PRT,svc,2,1,0.7513755175983436
CLN_MTB_PRT,xgb,2,1,0.7890929089026915
CLN_MTB_PRT,lr,2,1,0.7651061076604555
CLN_MTB_PRT,avg,2,1,0.7676009316770187
MIR,svc,2,0,0.6290000000000001
MIR,xgb,2,0,0.6316363636363636
MIR,lr,2,0,0.6324545454545454
MIR,avg,2,0,0.6453636363636364
CLN_MTB,svc,2,1,0.7714673913043479
CLN_MTB,xgb,2,1,0.7847179089026914
CLN_MTB,lr,2,1,0.7694151138716355
CLN_MTB,avg,2,1,0.7786697722567288
CLN_MIR_MET,svc,2,0,0.7551818181818182
CLN_MIR_MET,xgb,2,0,0.7567272727272727
CLN_MIR_MET,lr,2,0,0.7406363636363635
CLN_MIR_MET,avg,2,0,0.7632727272727273
CLN_MTB_MIR,svc,2,1,0.7493335921325053
CLN_MTB_MIR,xgb,2,1,0.7792365424430642
CLN_MTB_MIR,lr,2,1,0.7913405797101449
CLN_MTB_MIR,avg,2,1,0.7930615942028986
CLN_PRT_MET,svc,2,0,0.7686363636363637
CLN_PRT_MET,xgb,2,0,0.7545909090909091
CLN_PRT_MET,lr,2,0,0.729
CLN_PRT_MET,avg,2,0,0.7933636363636364
CLN_MIR_MET,svc,2,1,0.6896700310559006
CLN_MIR_MET,xgb,2,1,0.7690916149068323
CLN_MIR_MET,lr,2,1,0.757518115942029
CLN_MIR_MET,avg,2,1,0.7539104554865425
CLN_MTB_PRT,svc,2,0,0.7966363636363636
CLN_MTB_PRT,xgb,2,0,0.7524545454545454
CLN_MTB_PRT,lr,2,0,0.7457272727272728
CLN_MTB_PRT,avg,2,0,0.802909090909091
CLN_MTB_PRT_MET,svc,2,1,0.7255201863354037
CLN_MTB_PRT_MET,xgb,2,1,0.7768090062111801
CLN_MTB_PRT_MET,lr,2,1,0.7651061076604555
CLN_MTB_PRT_MET,avg,2,1,0.7539001035196687
CLN_MTB_MET,svc,2,0,0.7930909090909091
CLN_MTB_MET,xgb,2,0,0.7605
CLN_MTB_MET,lr,2,0,0.7457272727272728
CLN_MTB_MET,avg,2,0,0.7982727272727272
CLN_MTB_MET,svc,2,1,0.7501397515527951
CLN_MTB_MET,xgb,2,1,0.7826177536231885
CLN_MTB_MET,lr,2,1,0.7651061076604555
CLN_MTB_MET,avg,2,1,0.7651423395445134
MET,svc,2,0,0.4829090909090909
MET,xgb,2,0,0.5361363636363636
MET,lr,2,0,0.5
MET,avg,2,0,0.5372727272727272
CLN,svc,2,1,0.7622360248447204
CLN,xgb,2,1,0.7661762422360248
CLN,lr,2,1,0.7518944099378881
CLN,avg,2,1,0.7585222567287786
CLN_PRT_MIR_MET,svc,2,0,0.7727272727272727
CLN_PRT_MIR_MET,xgb,2,0,0.7545909090909091
CLN_PRT_MIR_MET,lr,2,0,0.7649090909090909
CLN_PRT_MIR_MET,avg,2,0,0.7909090909090909
MET,svc,2,1,0.497481884057971
MET,xgb,2,1,0.5014893892339545
MET,lr,2,1,0.5
MET,avg,2,1,0.4773408385093168
CLN_MET,svc,2,0,0.7570454545454545
CLN_MET,xgb,2,0,0.7311363636363637
CLN_MET,lr,2,0,0.7426363636363637
CLN_MET,avg,2,0,0.7644545454545454
CLN_MTB_MIR_MET,svc,2,1,0.7241291407867495
CLN_MTB_MIR_MET,xgb,2,1,0.7913263457556935
CLN_MTB_MIR_MET,lr,2,1,0.7679037267080746
CLN_MTB_MIR_MET,avg,2,1,0.7632272256728778
CLN_PRT_MIR,svc,4,0,0.7637727272727273
CLN_PRT_MIR,xgb,4,0,0.7642272727272728
CLN_PRT_MIR,lr,4,0,0.7649090909090909
CLN_PRT_MIR,avg,4,0,0.7836363636363637
CLN_PRT_MIR_MET,svc,4,1,0.7107194616977226
CLN_PRT_MIR_MET,xgb,4,1,0.7727769151138716
CLN_PRT_MIR_MET,lr,4,1,0.7713561076604555
CLN_PRT_MIR_MET,avg,4,1,0.7555072463768117
CLN_MTB_MIR_MET,svc,4,0,0.7831363636363636
CLN_MTB_MIR_MET,xgb,4,0,0.7596818181818182
CLN_MTB_MIR_MET,lr,4,0,0.7498181818181818
CLN_MTB_MIR_MET,avg,4,0,0.7895454545454546
PRT,svc,4,1,0.5590734989648034
PRT,xgb,4,1,0.6787163561076606
PRT,lr,4,1,0.68296066252588
PRT,avg,4,1,0.6817132505175982
CLN_MTB_PRT_MET,svc,4,0,0.7955454545454544
CLN_MTB_PRT_MET,xgb,4,0,0.7673181818181819
CLN_MTB_PRT_MET,lr,4,0,0.7657272727272727
CLN_MTB_PRT_MET,avg,4,0,0.8103636363636363
MIR,svc,4,1,0.5417468944099378
MIR,xgb,4,1,0.6075931677018633
MIR,lr,4,1,0.632748447204969
MIR,avg,4,1,0.6277018633540372
CLN_MTB_PRT_MIR_MET,svc,4,0,0.7984545454545455
CLN_MTB_PRT_MIR_MET,xgb,4,0,0.7740909090909092
CLN_MTB_PRT_MIR_MET,lr,4,0,0.7765454545454545
CLN_MTB_PRT_MIR_MET,avg,4,0,0.8011818181818181
CLN_PRT_MET,svc,4,1,0.7202562111801243
CLN_PRT_MET,xgb,4,1,0.7788405797101449
CLN_PRT_MET,lr,4,1,0.7727070393374741
CLN_PRT_MET,avg,4,1,0.7768711180124223
CLN_MTB_MIR,svc,4,0,0.7783636363636364
CLN_MTB_MIR,xgb,4,0,0.7596818181818182
CLN_MTB_MIR,lr,4,0,0.7375454545454546
CLN_MTB_MIR,avg,4,0,0.7716363636363637
CLN_PRT_MIR,svc,4,1,0.7258514492753623
CLN_PRT_MIR,xgb,4,1,0.7760636645962733
CLN_PRT_MIR,lr,4,1,0.7730693581780539
CLN_PRT_MIR,avg,4,1,0.770243271221532
MTB,svc,4,0,0.7650909090909092
MTB,xgb,4,0,0.7037727272727273
MTB,lr,4,0,0.7639090909090909
MTB,avg,4,0,0.7775454545454545
CLN_MIR,svc,4,1,0.7276526915113871
CLN_MIR,xgb,4,1,0.7698421325051761
CLN_MIR,lr,4,1,0.7682091097308489
CLN_MIR,avg,4,1,0.7700388198757764
CLN,svc,4,0,0.7444545454545454
CLN,xgb,4,0,0.7505454545454546
CLN,lr,4,0,0.7447272727272728
CLN,avg,4,0,0.7519090909090909
CLN_MTB_PRT_MIR_MET,svc,4,1,0.712032867494824
CLN_MTB_PRT_MIR_MET,xgb,4,1,0.7978364389233954
CLN_MTB_PRT_MIR_MET,lr,4,1,0.765054347826087
CLN_MTB_PRT_MIR_MET,avg,4,1,0.7568918219461698
CLN_MTB_PRT_MIR,svc,4,0,0.7913636363636363
CLN_MTB_PRT_MIR,xgb,4,0,0.7713636363636364
CLN_MTB_PRT_MIR,lr,4,0,0.7765454545454545
CLN_MTB_PRT_MIR,avg,4,0,0.7970909090909091
MTB,svc,4,1,0.6731055900621119
MTB,xgb,4,1,0.7260791925465838
MTB,lr,4,1,0.7408902691511388
MTB,avg,4,1,0.6985274327122153
PRT,svc,4,0,0.672409090909091
PRT,xgb,4,0,0.5542727272727273
PRT,lr,4,0,0.6656363636363635
PRT,avg,4,0,0.6080000000000001
CLN_MTB_PRT_MIR,svc,4,1,0.7221376811594203
CLN_MTB_PRT_MIR,xgb,4,1,0.7947062629399586
CLN_MTB_PRT_MIR,lr,4,1,0.7676242236024844
CLN_MTB_PRT_MIR,avg,4,1,0.7641770186335404
CLN_MTB,svc,4,0,0.7937272727272726
CLN_MTB,xgb,4,0,0.7641363636363636
CLN_MTB,lr,4,0,0.7525454545454546
CLN_MTB,avg,4,0,0.7933636363636363
CLN_MET,svc,4,1,0.7219513457556935
CLN_MET,xgb,4,1,0.7699223602484472
CLN_MET,lr,4,1,0.7669435817805382
CLN_MET,avg,4,1,0.7661206004140787
CLN_PRT,svc,4,0,0.7622727272727273
CLN_PRT,xgb,4,0,0.7626818181818182
CLN_PRT,lr,4,0,0.7594545454545454
CLN_PRT,avg,4,0,0.784
CLN_PRT,svc,4,1,0.7346247412008282
CLN_PRT,xgb,4,1,0.7887629399585921
CLN_PRT,lr,4,1,0.7758850931677019
CLN_PRT,avg,4,1,0.7858152173913043
CLN_MIR,svc,4,0,0.7446363636363637
CLN_MIR,xgb,4,0,0.7595454545454545
CLN_MIR,lr,4,0,0.7336363636363636
CLN_MIR,avg,4,0,0.7561818181818181
CLN_MTB_PRT,svc,4,1,0.7397541407867495
CLN_MTB_PRT,xgb,4,1,0.7974133022774327
CLN_MTB_PRT,lr,4,1,0.7628131469979298
CLN_MTB_PRT,avg,4,1,0.7716330227743271
MIR,svc,4,0,0.6283181818181819
MIR,xgb,4,0,0.625090909090909
MIR,lr,4,0,0.6433636363636364
MIR,avg,4,0,0.6529090909090909
CLN_MTB,svc,4,1,0.753452380952381
CLN_MTB,xgb,4,1,0.7846829710144927
CLN_MTB,lr,4,1,0.7587396480331263
CLN_MTB,avg,4,1,0.7707194616977225
CLN_MIR_MET,svc,4,0,0.7457272727272727
CLN_MIR_MET,xgb,4,0,0.7309545454545455
CLN_MIR_MET,lr,4,0,0.7336363636363636
CLN_MIR_MET,avg,4,0,0.7511818181818182
CLN_MTB_MIR,svc,4,1,0.744228778467909
CLN_MTB_MIR,xgb,4,1,0.782014751552795
CLN_MTB_MIR,lr,4,1,0.7624715320910973
CLN_MTB_MIR,avg,4,1,0.7662111801242235
CLN_PRT_MET,svc,4,0,0.771590909090909
CLN_PRT_MET,xgb,4,0,0.7545909090909091
CLN_PRT_MET,lr,4,0,0.752909090909091
CLN_PRT_MET,avg,4,0,0.7868181818181819
CLN_MIR_MET,svc,4,1,0.7036516563146998
CLN_MIR_MET,xgb,4,1,0.7652587991718427
CLN_MIR_MET,lr,4,1,0.7669099378881987
CLN_MIR_MET,avg,4,1,0.7532789855072464
CLN_MTB_PRT,svc,4,0,0.7928181818181818
CLN_MTB_PRT,xgb,4,0,0.7689545454545454
CLN_MTB_PRT,lr,4,0,0.7773636363636365
CLN_MTB_PRT,avg,4,0,0.8036363636363636
CLN_MTB_PRT_MET,svc,4,1,0.7241369047619048
CLN_MTB_PRT_MET,xgb,4,1,0.7974042443064182
CLN_MTB_PRT_MET,lr,4,1,0.7619616977225674
CLN_MTB_PRT_MET,avg,4,1,0.7604270186335403
CLN_MTB_MET,svc,4,0,0.7920909090909091
CLN_MTB_MET,xgb,4,0,0.7605
CLN_MTB_MET,lr,4,0,0.7525454545454546
CLN_MTB_MET,avg,4,0,0.7957272727272727
CLN_MTB_MET,svc,4,1,0.7329244306418219
CLN_MTB_MET,xgb,4,1,0.7829968944099379
CLN_MTB_MET,lr,4,1,0.7587396480331263
CLN_MTB_MET,avg,4,1,0.761105072463768
MET,svc,4,0,0.5519090909090908
MET,xgb,4,0,0.5292727272727272
MET,lr,4,0,0.5
MET,avg,4,0,0.5321818181818182
CLN,svc,4,1,0.749149844720497
CLN,xgb,4,1,0.769478519668737
CLN,lr,4,1,0.7690812629399585
CLN,avg,4,1,0.7666873706004141
CLN_PRT_MIR_MET,svc,4,0,0.7673636363636364
CLN_PRT_MIR_MET,xgb,4,0,0.7663636363636364
CLN_PRT_MIR_MET,lr,4,0,0.7649090909090909
CLN_PRT_MIR_MET,avg,4,0,0.7852727272727272
MET,svc,4,1,0.3951501035196687
MET,xgb,4,1,0.5389337474120083
MET,lr,4,1,0.5
MET,avg,4,1,0.5317908902691512
CLN_MET,svc,4,0,0.746909090909091
CLN_MET,xgb,4,0,0.7408181818181818
CLN_MET,lr,4,0,0.7426363636363637
CLN_MET,avg,4,0,0.7609090909090909
CLN_MTB_MIR_MET,svc,4,1,0.7323291925465838
CLN_MTB_MIR_MET,xgb,4,1,0.782014751552795
CLN_MTB_MIR_MET,lr,4,1,0.7547541407867495
CLN_MTB_MIR_MET,avg,4,1,0.7624042443064182
CLN_PRT_MIR,svc,6,0,0.7246818181818182
CLN_PRT_MIR,xgb,6,0,0.7625
CLN_PRT_MIR,lr,6,0,0.7555454545454546
CLN_PRT_MIR,avg,6,0,0.7786363636363636
CLN_PRT_MIR_MET,svc,6,1,0.7056573498964803
CLN_PRT_MIR_MET,xgb,6,1,0.7575931677018634
CLN_PRT_MIR_MET,lr,6,1,0.7540062111801242
CLN_PRT_MIR_MET,avg,6,1,0.7332375776397516
CLN_MTB_MIR_MET,svc,6,0,0.7828181818181819
CLN_MTB_MIR_MET,xgb,6,0,0.8021818181818182
CLN_MTB_MIR_MET,lr,6,0,0.7503636363636363
CLN_MTB_MIR_MET,avg,6,0,0.8001818181818182
PRT,svc,6,1,0.603476966873706
PRT,xgb,6,1,0.6123071946169772
PRT,lr,6,1,0.6250207039337475
PRT,avg,6,1,0.6324689440993789
CLN_MTB_PRT_MET,svc,6,0,0.8025454545454546
CLN_MTB_PRT_MET,xgb,6,0,0.7859999999999999
CLN_MTB_PRT_MET,lr,6,0,0.7775454545454545
CLN_MTB_PRT_MET,avg,6,0,0.8092727272727274
MIR,svc,6,1,0.4608669772256729
MIR,xgb,6,1,0.6549378881987578
MIR,lr,6,1,0.63875
MIR,avg,6,1,0.6398059006211181
CLN_MTB_PRT_MIR_MET,svc,6,0,0.7987272727272727
CLN_MTB_PRT_MIR_MET,xgb,6,0,0.7549545454545454
CLN_MTB_PRT_MIR_MET,lr,6,0,0.7622727272727273
CLN_MTB_PRT_MIR_MET,avg,6,0,0.8065454545454546
CLN_PRT_MET,svc,6,1,0.708786231884058
CLN_PRT_MET,xgb,6,1,0.7635520186335404
CLN_PRT_MET,lr,6,1,0.7627691511387164
CLN_PRT_MET,avg,6,1,0.7500284679089028
CLN_MTB_MIR,svc,6,0,0.7712727272727272
CLN_MTB_MIR,xgb,6,0,0.7607727272727274
CLN_MTB_MIR,lr,6,0,0.7617272727272727
CLN_MTB_MIR,avg,6,0,0.7865454545454545
CLN_PRT_MIR,svc,6,1,0.703574016563147
CLN_PRT_MIR,xgb,6,1,0.7551889233954451
CLN_PRT_MIR,lr,6,1,0.7540062111801242
CLN_PRT_MIR,avg,6,1,0.7336231884057971
MTB,svc,6,0,0.7220454545454545
MTB,xgb,6,0,0.7322272727272727
MTB,lr,6,0,0.7639090909090909
MTB,avg,6,0,0.7594545454545455
CLN_MIR,svc,6,1,0.7508074534161491
CLN_MIR,xgb,6,1,0.7671765010351967
CLN_MIR,lr,6,1,0.7662732919254658
CLN_MIR,avg,6,1,0.7706521739130435
CLN,svc,6,0,0.7520454545454546
CLN,xgb,6,0,0.7321818181818183
CLN,lr,6,0,0.7577272727272727
CLN,avg,6,0,0.7592727272727273
CLN_MTB_PRT_MIR_MET,svc,6,1,0.7223550724637682
CLN_MTB_PRT_MIR_MET,xgb,6,1,0.7551643374741202
CLN_MTB_PRT_MIR_MET,lr,6,1,0.7663638716356108
CLN_MTB_PRT_MIR_MET,avg,6,1,0.7428390269151139
CLN_MTB_PRT_MIR,svc,6,0,0.7883636363636364
CLN_MTB_PRT_MIR,xgb,6,0,0.7749545454545455
CLN_MTB_PRT_MIR,lr,6,0,0.7622727272727273
CLN_MTB_PRT_MIR,avg,6,0,0.7999090909090909
MTB,svc,6,1,0.6974404761904762
MTB,xgb,6,1,0.7414816252587991
MTB,lr,6,1,0.731238354037267
MTB,avg,6,1,0.7379554865424431
PRT,svc,6,0,0.6451363636363635
PRT,xgb,6,0,0.595590909090909
PRT,lr,6,0,0.6487272727272727
PRT,avg,6,0,0.6484545454545454
CLN_MTB_PRT_MIR,svc,6,1,0.7160261387163562
CLN_MTB_PRT_MIR,xgb,6,1,0.7553739648033126
CLN_MTB_PRT_MIR,lr,6,1,0.7663638716356108
CLN_MTB_PRT_MIR,avg,6,1,0.7401268115942029
CLN_MTB,svc,6,0,0.7937272727272726
CLN_MTB,xgb,6,0,0.7586363636363637
CLN_MTB,lr,6,0,0.7741818181818182
CLN_MTB,avg,6,0,0.7924545454545455
CLN_MET,svc,6,1,0.7648110766045549
CLN_MET,xgb,6,1,0.7697463768115942
CLN_MET,lr,6,1,0.769246894409938
CLN_MET,avg,6,1,0.7763923395445135
CLN_PRT,svc,6,0,0.7613181818181818
CLN_PRT,xgb,6,0,0.7606818181818181
CLN_PRT,lr,6,0,0.752909090909091
CLN_PRT,avg,6,0,0.7854545454545454
CLN_PRT,svc,6,1,0.7067831262939959
CLN_PRT,xgb,6,1,0.7595652173913043
CLN_PRT,lr,6,1,0.7623524844720497
CLN_PRT,avg,6,1,0.7532453416149069
CLN_MIR,svc,6,0,0.7446363636363637
CLN_MIR,xgb,6,0,0.7306363636363635
CLN_MIR,lr,6,0,0.7424545454545455
CLN_MIR,avg,6,0,0.7485454545454546
CLN_MTB_PRT,svc,6,1,0.7081573498964804
CLN_MTB_PRT,xgb,6,1,0.7581961697722567
CLN_MTB_PRT,lr,6,1,0.7670186335403726
CLN_MTB_PRT,avg,6,1,0.736195652173913
MIR,svc,6,0,0.6424545454545455
MIR,xgb,6,0,0.568
MIR,lr,6,0,0.6445454545454545
MIR,avg,6,0,0.6373636363636364
CLN_MTB,svc,6,1,0.7597230848861283
CLN_MTB,xgb,6,1,0.7642934782608697
CLN_MTB,lr,6,1,0.7721299171842649
CLN_MTB,avg,6,1,0.7761568322981367
CLN_MIR_MET,svc,6,0,0.7427727272727273
CLN_MIR_MET,xgb,6,0,0.744
CLN_MIR_MET,lr,6,0,0.7438181818181818
CLN_MIR_MET,avg,6,0,0.758
CLN_MTB_MIR,svc,6,1,0.7576966873706004
CLN_MTB_MIR,xgb,6,1,0.7584420289855072
CLN_MTB_MIR,lr,6,1,0.7799171842650103
CLN_MTB_MIR,avg,6,1,0.7761878881987577
CLN_PRT_MET,svc,6,0,0.7691818181818182
CLN_PRT_MET,xgb,6,0,0.7635000000000001
CLN_PRT_MET,lr,6,0,0.752909090909091
CLN_PRT_MET,avg,6,0,0.7851818181818182
CLN_MIR_MET,svc,6,1,0.7568400621118012
CLN_MIR_MET,xgb,6,1,0.7633592132505177
CLN_MIR_MET,lr,6,1,0.7667313664596274
CLN_MIR_MET,avg,6,1,0.7689389233954451
CLN_MTB_PRT,svc,6,0,0.7966363636363636
CLN_MTB_PRT,xgb,6,0,0.7550000000000001
CLN_MTB_PRT,lr,6,0,0.7773636363636365
CLN_MTB_PRT,avg,6,0,0.8001818181818181
CLN_MTB_PRT_MET,svc,6,1,0.7134070910973085
CLN_MTB_PRT_MET,xgb,6,1,0.7602199792960663
CLN_MTB_PRT_MET,lr,6,1,0.7670186335403726
CLN_MTB_PRT_MET,avg,6,1,0.7455952380952381
CLN_MTB_MET,svc,6,0,0.7918181818181818
CLN_MTB_MET,xgb,6,0,0.7542272727272727
CLN_MTB_MET,lr,6,0,0.7951818181818182
CLN_MTB_MET,avg,6,0,0.7989999999999999
CLN_MTB_MET,svc,6,1,0.7593064182194618
CLN_MTB_MET,xgb,6,1,0.7557104037267081
CLN_MTB_MET,lr,6,1,0.7708928571428573
CLN_MTB_MET,avg,6,1,0.7770626293995859
MET,svc,6,0,0.3641818181818181
MET,xgb,6,0,0.545
MET,lr,6,0,0.518909090909091
MET,avg,6,0,0.5278181818181819
CLN,svc,6,1,0.77027950310559
CLN,xgb,6,1,0.761620082815735
CLN,lr,6,1,0.7687784679089027
CLN,avg,6,1,0.7741226708074535
CLN_PRT_MIR_MET,svc,6,0,0.7726363636363636
CLN_PRT_MIR_MET,xgb,6,0,0.7397272727272728
CLN_PRT_MIR_MET,lr,6,0,0.7555454545454546
CLN_PRT_MIR_MET,avg,6,0,0.7869090909090909
MET,svc,6,1,0.4393426501035197
MET,xgb,6,1,0.5369125258799172
MET,lr,6,1,0.5493762939958593
MET,avg,6,1,0.5419047619047619
CLN_MET,svc,6,0,0.7610909090909092
CLN_MET,xgb,6,0,0.7579090909090909
CLN_MET,lr,6,0,0.7626363636363636
CLN_MET,avg,6,0,0.7693636363636364
CLN_MTB_MIR_MET,svc,6,1,0.7542598343685301
CLN_MTB_MIR_MET,xgb,6,1,0.7536464803312629
CLN_MTB_MIR_MET,lr,6,1,0.7778726708074534
CLN_MTB_MIR_MET,avg,6,1,0.7616278467908902
CLN_PRT_MIR,svc,9,0,0.7682727272727273
CLN_PRT_MIR,xgb,9,0,0.7621363636363636
CLN_PRT_MIR,lr,9,0,0.729090909090909
CLN_PRT_MIR,avg,9,0,0.7985454545454546
CLN_PRT_MIR_MET,svc,9,1,0.7104813664596275
CLN_PRT_MIR_MET,xgb,9,1,0.7674197722567287
CLN_PRT_MIR_MET,lr,9,1,0.763871635610766
CLN_PRT_MIR_MET,avg,9,1,0.7662189440993789
CLN_MTB_MIR_MET,svc,9,0,0.7831363636363636
CLN_MTB_MIR_MET,xgb,9,0,0.7540454545454547
CLN_MTB_MIR_MET,lr,9,0,0.7663636363636365
CLN_MTB_MIR_MET,avg,9,0,0.7854545454545455
PRT,svc,9,1,0.5378442028985507
PRT,xgb,9,1,0.6331004140786749
PRT,lr,9,1,0.6380305383022774
PRT,avg,9,1,0.6479270186335404
CLN_MTB_PRT_MET,svc,9,0,0.8086363636363636
CLN_MTB_PRT_MET,xgb,9,0,0.7618181818181818
CLN_MTB_PRT_MET,lr,9,0,0.7572727272727273
CLN_MTB_PRT_MET,avg,9,0,0.8116363636363636
MIR,svc,9,1,0.4111076604554865
MIR,xgb,9,1,0.6755693581780539
MIR,lr,9,1,0.6643530020703933
MIR,avg,9,1,0.6696997929606625
CLN_MTB_PRT_MIR_MET,svc,9,0,0.803681818181818
CLN_MTB_PRT_MIR_MET,xgb,9,0,0.756909090909091
CLN_MTB_PRT_MIR_MET,lr,9,0,0.7765454545454545
CLN_MTB_PRT_MIR_MET,avg,9,0,0.8022727272727272
CLN_PRT_MET,svc,9,1,0.7272075569358178
CLN_PRT_MET,xgb,9,1,0.7812668219461697
CLN_PRT_MET,lr,9,1,0.7690812629399586
CLN_PRT_MET,avg,9,1,0.7861620082815736
CLN_MTB_MIR,svc,9,0,0.7815000000000001
CLN_MTB_MIR,xgb,9,0,0.7508181818181818
CLN_MTB_MIR,lr,9,0,0.7617272727272727
CLN_MTB_MIR,avg,9,0,0.7835454545454545
CLN_PRT_MIR,svc,9,1,0.7214479813664596
CLN_PRT_MIR,xgb,9,1,0.7641446687370601
CLN_PRT_MIR,lr,9,1,0.763871635610766
CLN_PRT_MIR,avg,9,1,0.7731935817805382
MTB,svc,9,0,0.7764545454545454
MTB,xgb,9,0,0.7687727272727273
MTB,lr,9,0,0.7566363636363636
MTB,avg,9,0,0.7883636363636364
CLN_MIR,svc,9,1,0.7618271221532091
CLN_MIR,xgb,9,1,0.7703985507246378
CLN_MIR,lr,9,1,0.7879166666666667
CLN_MIR,avg,9,1,0.7819306418219462
CLN,svc,9,0,0.7516363636363637
CLN,xgb,9,0,0.7485909090909091
CLN,lr,9,0,0.75
CLN,avg,9,0,0.7611818181818183
CLN_MTB_PRT_MIR_MET,svc,9,1,0.7437474120082815
CLN_MTB_PRT_MIR_MET,xgb,9,1,0.7952717391304348
CLN_MTB_PRT_MIR_MET,lr,9,1,0.7653830227743271
CLN_MTB_PRT_MIR_MET,avg,9,1,0.7665942028985507
CLN_MTB_PRT_MIR,svc,9,0,0.7913636363636363
CLN_MTB_PRT_MIR,xgb,9,0,0.7687727272727273
CLN_MTB_PRT_MIR,lr,9,0,0.7765454545454545
CLN_MTB_PRT_MIR,avg,9,0,0.7965454545454544
MTB,svc,9,1,0.6869578157349896
MTB,xgb,9,1,0.7502872670807454
MTB,lr,9,1,0.7392546583850931
MTB,avg,9,1,0.7452070393374741
PRT,svc,9,0,0.672590909090909
PRT,xgb,9,0,0.6229090909090909
PRT,lr,9,0,0.6403636363636364
PRT,avg,9,0,0.6552727272727273
CLN_MTB_PRT_MIR,svc,9,1,0.7470885093167703
CLN_MTB_PRT_MIR,xgb,9,1,0.7897360248447204
CLN_MTB_PRT_MIR,lr,9,1,0.7645108695652174
CLN_MTB_PRT_MIR,avg,9,1,0.7878260869565218
CLN_MTB,svc,9,0,0.7937272727272726
CLN_MTB,xgb,9,0,0.7661818181818182
CLN_MTB,lr,9,0,0.7813636363636363
CLN_MTB,avg,9,0,0.7979090909090909
CLN_MET,svc,9,1,0.7591019668737061
CLN_MET,xgb,9,1,0.7765437370600414
CLN_MET,lr,9,1,0.7801889233954451
CLN_MET,avg,9,1,0.7825207039337474
CLN_PRT,svc,9,0,0.7670909090909092
CLN_PRT,xgb,9,0,0.7439090909090909
CLN_PRT,lr,9,0,0.7444545454545455
CLN_PRT,avg,9,0,0.7719090909090909
CLN_PRT,svc,9,1,0.7254787784679089
CLN_PRT,xgb,9,1,0.7786335403726709
CLN_PRT,lr,9,1,0.7690812629399586
CLN_PRT,avg,9,1,0.7756702898550725
CLN_MIR,svc,9,0,0.7446363636363637
CLN_MIR,xgb,9,0,0.7495454545454546
CLN_MIR,lr,9,0,0.7410000000000001
CLN_MIR,avg,9,0,0.7555454545454546
CLN_MTB_PRT,svc,9,1,0.7499301242236026
CLN_MTB_PRT,xgb,9,1,0.7932505175983436
CLN_MTB_PRT,lr,9,1,0.7757298136645963
CLN_MTB_PRT,avg,9,1,0.7868400621118014
MIR,svc,9,0,0.6424545454545455
MIR,xgb,9,0,0.6397272727272728
MIR,lr,9,0,0.6393636363636364
MIR,avg,9,0,0.6603636363636364
CLN_MTB,svc,9,1,0.788100414078675
CLN_MTB,xgb,9,1,0.7891162008281574
CLN_MTB,lr,9,1,0.796425983436853
CLN_MTB,avg,9,1,0.8065502070393376
CLN_MIR_MET,svc,9,0,0.7558636363636363
CLN_MIR_MET,xgb,9,0,0.7427727272727274
CLN_MIR_MET,lr,9,0,0.7438181818181818
CLN_MIR_MET,avg,9,0,0.7610909090909092
CLN_MTB_MIR,svc,9,1,0.7795186335403727
CLN_MTB_MIR,xgb,9,1,0.7809394409937888
CLN_MTB_MIR,lr,9,1,0.7947722567287785
CLN_MTB_MIR,avg,9,1,0.79847049689441
CLN_PRT_MET,svc,9,0,0.771590909090909
CLN_PRT_MET,xgb,9,0,0.7602272727272726
CLN_PRT_MET,lr,9,0,0.7444545454545455
CLN_PRT_MET,avg,9,0,0.7874545454545454
CLN_MIR_MET,svc,9,1,0.745363612836439
CLN_MIR_MET,xgb,9,1,0.7648667184265012
CLN_MIR_MET,lr,9,1,0.7801733954451346
CLN_MIR_MET,avg,9,1,0.7815346790890269
CLN_MTB_PRT,svc,9,0,0.7968181818181819
CLN_MTB_PRT,xgb,9,0,0.7490454545454546
CLN_MTB_PRT,lr,9,0,0.7572727272727273
CLN_MTB_PRT,avg,9,0,0.8031818181818181
CLN_MTB_PRT_MET,svc,9,1,0.7393737060041408
CLN_MTB_PRT_MET,xgb,9,1,0.7921208592132505
CLN_MTB_PRT_MET,lr,9,1,0.7757298136645963
CLN_MTB_PRT_MET,avg,9,1,0.7907738095238096
CLN_MTB_MET,svc,9,0,0.7918181818181818
CLN_MTB_MET,xgb,9,0,0.7606363636363636
CLN_MTB_MET,lr,9,0,0.7737272727272727
CLN_MTB_MET,avg,9,0,0.799
CLN_MTB_MET,svc,9,1,0.7796635610766046
CLN_MTB_MET,xgb,9,1,0.7878713768115941
CLN_MTB_MET,lr,9,1,0.7974948240165631
CLN_MTB_MET,avg,9,1,0.8134523809523811
MET,svc,9,0,0.4459999999999999
MET,xgb,9,0,0.5584545454545453
MET,lr,9,0,0.5182727272727272
MET,avg,9,0,0.5526363636363636
CLN,svc,9,1,0.7750698757763974
CLN,xgb,9,1,0.7752380952380953
CLN,lr,9,1,0.7851863354037267
CLN,avg,9,1,0.781322463768116
CLN_PRT_MIR_MET,svc,9,0,0.7751818181818183
CLN_PRT_MIR_MET,xgb,9,0,0.7632727272727273
CLN_PRT_MIR_MET,lr,9,0,0.729090909090909
CLN_PRT_MIR_MET,avg,9,0,0.7916363636363637
MET,svc,9,1,0.4488198757763976
MET,xgb,9,1,0.5643297101449275
MET,lr,9,1,0.5260170807453416
MET,avg,9,1,0.5531677018633541
CLN_MET,svc,9,0,0.7411818181818182
CLN_MET,xgb,9,0,0.7480909090909091
CLN_MET,lr,9,0,0.7546363636363637
CLN_MET,avg,9,0,0.757
CLN_MTB_MIR_MET,svc,9,1,0.7733747412008283
CLN_MTB_MIR_MET,xgb,9,1,0.7801423395445134
CLN_MTB_MIR_MET,lr,9,1,0.7893452380952382
CLN_MTB_MIR_MET,avg,9,1,0.801092132505176
CLN_PRT_MIR,svc,10,0,0.7658181818181817
CLN_PRT_MIR,xgb,10,0,0.7375454545454545
CLN_PRT_MIR,lr,10,0,0.7649090909090909
CLN_PRT_MIR,avg,10,0,0.7786363636363638
CLN_PRT_MIR_MET,svc,10,1,0.7331547619047619
CLN_PRT_MIR_MET,xgb,10,1,0.7889673913043478
CLN_PRT_MIR_MET,lr,10,1,0.7828312629399585
CLN_PRT_MIR_MET,avg,10,1,0.7887939958592133
CLN_MTB_MIR_MET,svc,10,0,0.7862727272727272
CLN_MTB_MIR_MET,xgb,10,0,0.7533636363636363
CLN_MTB_MIR_MET,lr,10,0,0.7503636363636363
CLN_MTB_MIR_MET,avg,10,0,0.7843636363636363
PRT,svc,10,1,0.5888146997929607
PRT,xgb,10,1,0.6873266045548655
PRT,lr,10,1,0.6473110766045549
PRT,avg,10,1,0.6613742236024844
CLN_MTB_PRT_MET,svc,10,0,0.8086363636363636
CLN_MTB_PRT_MET,xgb,10,0,0.7568636363636364
CLN_MTB_PRT_MET,lr,10,0,0.765
CLN_MTB_PRT_MET,avg,10,0,0.8028181818181819
MIR,svc,10,1,0.3952316252587992
MIR,xgb,10,1,0.6566770186335403
MIR,lr,10,1,0.6690709109730849
MIR,avg,10,1,0.6754063146997931
CLN_MTB_PRT_MIR_MET,svc,10,0,0.7984545454545455
CLN_MTB_PRT_MIR_MET,xgb,10,0,0.7764545454545455
CLN_MTB_PRT_MIR_MET,lr,10,0,0.776909090909091
CLN_MTB_PRT_MIR_MET,avg,10,0,0.8039090909090909
CLN_PRT_MET,svc,10,1,0.7256340579710145
CLN_PRT_MET,xgb,10,1,0.7789285714285714
CLN_PRT_MET,lr,10,1,0.7750439958592132
CLN_PRT_MET,avg,10,1,0.7777380952380952
CLN_MTB_MIR,svc,10,0,0.7819090909090909
CLN_MTB_MIR,xgb,10,0,0.7727272727272727
CLN_MTB_MIR,lr,10,0,0.7533636363636363
CLN_MTB_MIR,avg,10,0,0.7919090909090909
CLN_PRT_MIR,svc,10,1,0.7378752587991719
CLN_PRT_MIR,xgb,10,1,0.7990916149068322
CLN_PRT_MIR,lr,10,1,0.7828312629399585
CLN_PRT_MIR,avg,10,1,0.795424430641822
MTB,svc,10,0,0.7584090909090908
MTB,xgb,10,0,0.757090909090909
MTB,lr,10,0,0.7640909090909092
MTB,avg,10,0,0.7958181818181818
CLN_MIR,svc,10,1,0.7662474120082816
CLN_MIR,xgb,10,1,0.7926811594202898
CLN_MIR,lr,10,1,0.79226966873706
CLN_MIR,avg,10,1,0.7920108695652173
CLN,svc,10,0,0.7502272727272727
CLN,xgb,10,0,0.7540454545454546
CLN,lr,10,0,0.7457272727272727
CLN,avg,10,0,0.7618181818181818
CLN_MTB_PRT_MIR_MET,svc,10,1,0.7408242753623189
CLN_MTB_PRT_MIR_MET,xgb,10,1,0.7986309523809524
CLN_MTB_PRT_MIR_MET,lr,10,1,0.7881909937888198
CLN_MTB_PRT_MIR_MET,avg,10,1,0.7996376811594202
CLN_MTB_PRT_MIR,svc,10,0,0.7913636363636363
CLN_MTB_PRT_MIR,xgb,10,0,0.7678181818181818
CLN_MTB_PRT_MIR,lr,10,0,0.777
CLN_MTB_PRT_MIR,avg,10,0,0.7910909090909092
MTB,svc,10,1,0.6799715320910974
MTB,xgb,10,1,0.7685895445134576
MTB,lr,10,1,0.7398240165631471
MTB,avg,10,1,0.7678286749482401
PRT,svc,10,0,0.6489090909090909
PRT,xgb,10,0,0.6144545454545455
PRT,lr,10,0,0.6648181818181818
PRT,avg,10,0,0.6635454545454545
CLN_MTB_PRT_MIR,svc,10,1,0.7447437888198758
CLN_MTB_PRT_MIR,xgb,10,1,0.7951682194616977
CLN_MTB_PRT_MIR,lr,10,1,0.7881702898550724
CLN_MTB_PRT_MIR,avg,10,1,0.791475155279503
CLN_MTB,svc,10,0,0.7939999999999999
CLN_MTB,xgb,10,0,0.7550454545454546
CLN_MTB,lr,10,0,0.7544545454545455
CLN_MTB,avg,10,0,0.7850909090909092
CLN_MET,svc,10,1,0.7589466873706006
CLN_MET,xgb,10,1,0.7644875776397515
CLN_MET,lr,10,1,0.7750232919254658
CLN_MET,avg,10,1,0.7692986542443064
CLN_PRT,svc,10,0,0.7617272727272727
CLN_PRT,xgb,10,0,0.7102272727272727
CLN_PRT,lr,10,0,0.752909090909091
CLN_PRT,avg,10,0,0.7624545454545454
CLN_PRT,svc,10,1,0.725758281573499
CLN_PRT,xgb,10,1,0.7833359213250517
CLN_PRT,lr,10,1,0.7750439958592132
CLN_PRT,avg,10,1,0.7846790890269151
CLN_MIR,svc,10,0,0.7389090909090908
CLN_MIR,xgb,10,0,0.7372727272727272
CLN_MIR,lr,10,0,0.7402727272727273
CLN_MIR,avg,10,0,0.75
CLN_MTB_PRT,svc,10,1,0.7397282608695652
CLN_MTB_PRT,xgb,10,1,0.7944616977225673
CLN_MTB_PRT,lr,10,1,0.7764906832298136
CLN_MTB_PRT,avg,10,1,0.7882453416149069
MIR,svc,10,0,0.6424545454545455
MIR,xgb,10,0,0.6294545454545455
MIR,lr,10,0,0.6416363636363637
MIR,avg,10,0,0.6579999999999999
CLN_MTB,svc,10,1,0.7753985507246377
CLN_MTB,xgb,10,1,0.7858592132505177
CLN_MTB,lr,10,1,0.7875646997929606
CLN_MTB,avg,10,1,0.7926190476190477
CLN_MIR_MET,svc,10,0,0.7427727272727273
CLN_MIR_MET,xgb,10,0,0.7553636363636363
CLN_MIR_MET,lr,10,0,0.7406363636363635
CLN_MIR_MET,avg,10,0,0.7613636363636365
CLN_MTB_MIR,svc,10,1,0.7815372670807454
CLN_MTB_MIR,xgb,10,1,0.79495082815735
CLN_MTB_MIR,lr,10,1,0.8099534161490685
CLN_MTB_MIR,avg,10,1,0.8112137681159421
CLN_PRT_MET,svc,10,0,0.7716363636363637
CLN_PRT_MET,xgb,10,0,0.750909090909091
CLN_PRT_MET,lr,10,0,0.752909090909091
CLN_PRT_MET,avg,10,0,0.7818181818181819
CLN_MIR_MET,svc,10,1,0.7576928053830227
CLN_MIR_MET,xgb,10,1,0.7810326086956522
CLN_MIR_MET,lr,10,1,0.79226966873706
CLN_MIR_MET,avg,10,1,0.7874508281573498
CLN_MTB_PRT,svc,10,0,0.7968181818181819
CLN_MTB_PRT,xgb,10,0,0.7514090909090908
CLN_MTB_PRT,lr,10,0,0.765
CLN_MTB_PRT,avg,10,0,0.7914545454545454
CLN_MTB_PRT_MET,svc,10,1,0.7359886128364389
CLN_MTB_PRT_MET,xgb,10,1,0.7955512422360249
CLN_MTB_PRT_MET,lr,10,1,0.7764906832298136
CLN_MTB_PRT_MET,avg,10,1,0.7866821946169772
CLN_MTB_MET,svc,10,0,0.7918181818181818
CLN_MTB_MET,xgb,10,0,0.7548181818181818
CLN_MTB_MET,lr,10,0,0.7893636363636364
CLN_MTB_MET,avg,10,0,0.7973636363636364
CLN_MTB_MET,svc,10,1,0.7645496894409938
CLN_MTB_MET,xgb,10,1,0.8020483954451345
CLN_MTB_MET,lr,10,1,0.7843607660455487
CLN_MTB_MET,avg,10,1,0.7940010351966873
MET,svc,10,0,0.4775454545454545
MET,xgb,10,0,0.5462727272727272
MET,lr,10,0,0.49
MET,avg,10,0,0.5092727272727272
CLN,svc,10,1,0.7642805383022774
CLN,xgb,10,1,0.7693555900621118
CLN,lr,10,1,0.7750258799171843
CLN,avg,10,1,0.7637707039337476
CLN_PRT_MIR_MET,svc,10,0,0.7688636363636363
CLN_PRT_MIR_MET,xgb,10,0,0.7416363636363635
CLN_PRT_MIR_MET,lr,10,0,0.7649090909090909
CLN_PRT_MIR_MET,avg,10,0,0.7752727272727272
MET,svc,10,1,0.5396687370600415
MET,xgb,10,1,0.5596337991718426
MET,lr,10,1,0.5075
MET,avg,10,1,0.5442080745341615
CLN_MET,svc,10,0,0.7411818181818182
CLN_MET,xgb,10,0,0.7571818181818182
CLN_MET,lr,10,0,0.746
CLN_MET,avg,10,0,0.7569090909090909
CLN_MTB_MIR_MET,svc,10,1,0.7644591097308489
CLN_MTB_MIR_MET,xgb,10,1,0.7975931677018634
CLN_MTB_MIR_MET,lr,10,1,0.8058825051759835
CLN_MTB_MIR_MET,avg,10,1,0.8192494824016563
CLN_PRT_MIR,svc,1,0,0.7637727272727273
CLN_PRT_MIR,xgb,1,0,0.7472727272727273
CLN_PRT_MIR,lr,1,0,0.7555454545454546
CLN_PRT_MIR,avg,1,0,0.7708181818181818
CLN_PRT_MIR_MET,svc,1,1,0.6621273291925466
CLN_PRT_MIR_MET,xgb,1,1,0.7362577639751553
CLN_PRT_MIR_MET,lr,1,1,0.7765786749482401
CLN_PRT_MIR_MET,avg,1,1,0.7113302277432713
CLN_MTB_MIR_MET,svc,1,0,0.7828181818181819
CLN_MTB_MIR_MET,xgb,1,0,0.7715454545454546
CLN_MTB_MIR_MET,lr,1,0,0.7592727272727273
CLN_MTB_MIR_MET,avg,1,0,0.7953636363636363
PRT,svc,1,1,0.5080978260869565
PRT,xgb,1,1,0.6511723602484472
PRT,lr,1,1,0.5979761904761904
PRT,avg,1,1,0.6080926501035198
CLN_MTB_PRT_MET,svc,1,0,0.8029999999999999
CLN_MTB_PRT_MET,xgb,1,0,0.7661818181818182
CLN_MTB_PRT_MET,lr,1,0,0.7572727272727273
CLN_MTB_PRT_MET,avg,1,0,0.8088181818181818
MIR,svc,1,1,0.5219409937888199
MIR,xgb,1,1,0.6747437888198757
MIR,lr,1,1,0.6258954451345756
MIR,avg,1,1,0.6598602484472048
CLN_MTB_PRT_MIR_MET,svc,1,0,0.7984545454545455
CLN_MTB_PRT_MIR_MET,xgb,1,0,0.7521818181818181
CLN_MTB_PRT_MIR_MET,lr,1,0,0.7644545454545455
CLN_MTB_PRT_MIR_MET,avg,1,0,0.805
CLN_PRT_MET,svc,1,1,0.6587655279503106
CLN_PRT_MET,xgb,1,1,0.7488586956521739
CLN_PRT_MET,lr,1,1,0.7699974120082815
CLN_PRT_MET,avg,1,1,0.74648033126294
CLN_MTB_MIR,svc,1,0,0.7763181818181819
CLN_MTB_MIR,xgb,1,0,0.7441818181818182
CLN_MTB_MIR,lr,1,0,0.7592727272727273
CLN_MTB_MIR,avg,1,0,0.7822727272727273
CLN_PRT_MIR,svc,1,1,0.6806237060041408
CLN_PRT_MIR,xgb,1,1,0.7284057971014494
CLN_PRT_MIR,lr,1,1,0.7765786749482401
CLN_PRT_MIR,avg,1,1,0.7287577639751552
MTB,svc,1,0,0.7605909090909091
MTB,xgb,1,0,0.7482727272727273
MTB,lr,1,0,0.7639090909090909
MTB,avg,1,0,0.7756363636363636
CLN_MIR,svc,1,1,0.7289997412008282
CLN_MIR,xgb,1,1,0.7477510351966874
CLN_MIR,lr,1,1,0.7807194616977225
CLN_MIR,avg,1,1,0.7629373706004141
CLN,svc,1,0,0.7399090909090908
CLN,xgb,1,0,0.7172272727272727
CLN,lr,1,0,0.7426363636363637
CLN,avg,1,0,0.7483636363636363
CLN_MTB_PRT_MIR_MET,svc,1,1,0.6983488612836439
CLN_MTB_PRT_MIR_MET,xgb,1,1,0.761498447204969
CLN_MTB_PRT_MIR_MET,lr,1,1,0.7729684265010353
CLN_MTB_PRT_MIR_MET,avg,1,1,0.7434627329192547
CLN_MTB_PRT_MIR,svc,1,0,0.7913636363636363
CLN_MTB_PRT_MIR,xgb,1,0,0.7864545454545454
CLN_MTB_PRT_MIR,lr,1,0,0.7644545454545455
CLN_MTB_PRT_MIR,avg,1,0,0.8056363636363636
MTB,svc,1,1,0.6767106625258799
MTB,xgb,1,1,0.7640269151138718
MTB,lr,1,1,0.7377665631469978
MTB,avg,1,1,0.6952820910973084
PRT,svc,1,0,0.67
PRT,xgb,1,0,0.5942727272727273
PRT,lr,1,0,0.6325454545454545
PRT,avg,1,0,0.6451818181818181
CLN_MTB_PRT_MIR,svc,1,1,0.7056288819875777
CLN_MTB_PRT_MIR,xgb,1,1,0.7629658385093168
CLN_MTB_PRT_MIR,lr,1,1,0.7729684265010353
CLN_MTB_PRT_MIR,avg,1,1,0.7506055900621119
CLN_MTB,svc,1,0,0.7889999999999999
CLN_MTB,xgb,1,0,0.7731363636363636
CLN_MTB,lr,1,0,0.7591818181818183
CLN_MTB,avg,1,0,0.7921818181818181
CLN_MET,svc,1,1,0.7372334368530021
CLN_MET,xgb,1,1,0.7489531573498965
CLN_MET,lr,1,1,0.7746765010351966
CLN_MET,avg,1,1,0.7567313664596272
CLN_PRT,svc,1,0,0.7613181818181818
CLN_PRT,xgb,1,0,0.7407272727272727
CLN_PRT,lr,1,0,0.752909090909091
CLN_PRT,avg,1,0,0.7838181818181819
CLN_PRT,svc,1,1,0.6707738095238096
CLN_PRT,xgb,1,1,0.7494720496894409
CLN_PRT,lr,1,1,0.7699974120082815
CLN_PRT,avg,1,1,0.7522127329192546
CLN_MIR,svc,1,0,0.7388181818181818
CLN_MIR,xgb,1,0,0.7306363636363635
CLN_MIR,lr,1,0,0.7391818181818183
CLN_MIR,avg,1,0,0.7487272727272728
CLN_MTB_PRT,svc,1,1,0.7025750517598344
CLN_MTB_PRT,xgb,1,1,0.7661723602484473
CLN_MTB_PRT,lr,1,1,0.7706055900621118
CLN_MTB_PRT,avg,1,1,0.7492132505175982
MIR,svc,1,0,0.6364545454545455
MIR,xgb,1,0,0.6636363636363636
MIR,lr,1,0,0.6393636363636364
MIR,avg,1,0,0.6637272727272727
CLN_MTB,svc,1,1,0.7621609730848862
CLN_MTB,xgb,1,1,0.7682556935817806
CLN_MTB,lr,1,1,0.7710119047619048
CLN_MTB,avg,1,1,0.7819694616977226
CLN_MIR_MET,svc,1,0,0.7461363636363636
CLN_MIR_MET,xgb,1,0,0.7507272727272727
CLN_MIR_MET,lr,1,0,0.7391818181818183
CLN_MIR_MET,avg,1,0,0.7626363636363636
CLN_MTB_MIR,svc,1,1,0.7338483436853002
CLN_MTB_MIR,xgb,1,1,0.7578843167701864
CLN_MTB_MIR,lr,1,1,0.7752769151138716
CLN_MTB_MIR,avg,1,1,0.7661853002070392
CLN_PRT_MET,svc,1,0,0.7670909090909092
CLN_PRT_MET,xgb,1,0,0.7460454545454546
CLN_PRT_MET,lr,1,0,0.752909090909091
CLN_PRT_MET,avg,1,0,0.7757272727272727
CLN_MIR_MET,svc,1,1,0.7175116459627329
CLN_MIR_MET,xgb,1,1,0.744666149068323
CLN_MIR_MET,lr,1,1,0.7794151138716356
CLN_MIR_MET,avg,1,1,0.757044513457557
CLN_MTB_PRT,svc,1,0,0.7991818181818181
CLN_MTB_PRT,xgb,1,0,0.7829090909090909
CLN_MTB_PRT,lr,1,0,0.7572727272727273
CLN_MTB_PRT,avg,1,0,0.8061818181818182
CLN_MTB_PRT_MET,svc,1,1,0.6941589026915114
CLN_MTB_PRT_MET,xgb,1,1,0.7655952380952382
CLN_MTB_PRT_MET,lr,1,1,0.7706055900621118
CLN_MTB_PRT_MET,avg,1,1,0.7487292960662525
CLN_MTB_MET,svc,1,0,0.7930909090909091
CLN_MTB_MET,xgb,1,0,0.7833636363636363
CLN_MTB_MET,lr,1,0,0.7591818181818183
CLN_MTB_MET,avg,1,0,0.8019090909090909
CLN_MTB_MET,svc,1,1,0.7520678053830228
CLN_MTB_MET,xgb,1,1,0.7631030020703935
CLN_MTB_MET,lr,1,1,0.7710119047619048
CLN_MTB_MET,avg,1,1,0.7656004140786751
MET,svc,1,0,0.5520909090909091
MET,xgb,1,0,0.4848181818181818
MET,lr,1,0,0.5
MET,avg,1,0,0.4889090909090909
CLN,svc,1,1,0.7460766045548655
CLN,xgb,1,1,0.7617430124223602
CLN,lr,1,1,0.7746765010351966
CLN,avg,1,1,0.7766407867494824
CLN_PRT_MIR_MET,svc,1,0,0.7726363636363636
CLN_PRT_MIR_MET,xgb,1,0,0.7397272727272728
CLN_PRT_MIR_MET,lr,1,0,0.7555454545454546
CLN_PRT_MIR_MET,avg,1,0,0.7869090909090909
MET,svc,1,1,0.4335131987577639
MET,xgb,1,1,0.5615864389233954
MET,lr,1,1,0.5
MET,avg,1,1,0.5460973084886128
CLN_MET,svc,1,0,0.755909090909091
CLN_MET,xgb,1,0,0.7333181818181819
CLN_MET,lr,1,0,0.7426363636363637
CLN_MET,avg,1,0,0.768090909090909
CLN_MTB_MIR_MET,svc,1,1,0.7223809523809523
CLN_MTB_MIR_MET,xgb,1,1,0.7559730848861285
CLN_MTB_MIR_MET,lr,1,1,0.7752769151138716
CLN_MTB_MIR_MET,avg,1,1,0.7599249482401655
CLN_PRT_MIR,svc,3,0,0.7246818181818182
CLN_PRT_MIR,xgb,3,0,0.7650454545454546
CLN_PRT_MIR,lr,3,0,0.729090909090909
CLN_PRT_MIR,avg,3,0,0.7716363636363636
CLN_PRT_MIR_MET,svc,3,1,0.6608229813664596
CLN_PRT_MIR_MET,xgb,3,1,0.7624857660455487
CLN_PRT_MIR_MET,lr,3,1,0.7577717391304348
CLN_PRT_MIR_MET,avg,3,1,0.686814182194617
CLN_MTB_MIR_MET,svc,3,0,0.7828181818181819
CLN_MTB_MIR_MET,xgb,3,0,0.7598181818181817
CLN_MTB_MIR_MET,lr,3,0,0.7286363636363636
CLN_MTB_MIR_MET,avg,3,0,0.7745454545454545
PRT,svc,3,1,0.6210817805383023
PRT,xgb,3,1,0.6363146997929607
PRT,lr,3,1,0.6652950310559006
PRT,avg,3,1,0.6678623188405798
CLN_MTB_PRT_MET,svc,3,0,0.8076363636363636
CLN_MTB_PRT_MET,xgb,3,0,0.7487727272727273
CLN_MTB_PRT_MET,lr,3,0,0.7599090909090909
CLN_MTB_PRT_MET,avg,3,0,0.8016363636363636
MIR,svc,3,1,0.5840243271221531
MIR,xgb,3,1,0.6151785714285715
MIR,lr,3,1,0.5900879917184266
MIR,avg,3,1,0.6085791925465838
CLN_MTB_PRT_MIR_MET,svc,3,0,0.803681818181818
CLN_MTB_PRT_MIR_MET,xgb,3,0,0.7441818181818182
CLN_MTB_PRT_MIR_MET,lr,3,0,0.7566363636363636
CLN_MTB_PRT_MIR_MET,avg,3,0,0.7913636363636363
CLN_PRT_MET,svc,3,1,0.7028907867494824
CLN_PRT_MET,xgb,3,1,0.7537280020703934
CLN_PRT_MET,lr,3,1,0.7682531055900622
CLN_PRT_MET,avg,3,1,0.7612370600414078
CLN_MTB_MIR,svc,3,0,0.7783636363636364
CLN_MTB_MIR,xgb,3,0,0.7530454545454545
CLN_MTB_MIR,lr,3,0,0.7286363636363636
CLN_MTB_MIR,avg,3,0,0.7723636363636364
CLN_PRT_MIR,svc,3,1,0.6739001035196687
CLN_PRT_MIR,xgb,3,1,0.7508566252587993
CLN_PRT_MIR,lr,3,1,0.7577717391304348
CLN_PRT_MIR,avg,3,1,0.7083074534161491
MTB,svc,3,0,0.7687272727272728
MTB,xgb,3,0,0.7501363636363636
MTB,lr,3,0,0.761090909090909
MTB,avg,3,0,0.7949090909090908
CLN_MIR,svc,3,1,0.7047748447204969
CLN_MIR,xgb,3,1,0.7554593685300206
CLN_MIR,lr,3,1,0.7627691511387164
CLN_MIR,avg,3,1,0.7371816770186335
CLN,svc,3,0,0.7386363636363636
CLN,xgb,3,0,0.7533181818181818
CLN,lr,3,0,0.7405454545454546
CLN,avg,3,0,0.7564545454545455
CLN_MTB_PRT_MIR_MET,svc,3,1,0.7104943064182194
CLN_MTB_PRT_MIR_MET,xgb,3,1,0.7708359213250519
CLN_MTB_PRT_MIR_MET,lr,3,1,0.7726708074534161
CLN_MTB_PRT_MIR_MET,avg,3,1,0.773853519668737
CLN_MTB_PRT_MIR,svc,3,0,0.7956363636363636
CLN_MTB_PRT_MIR,xgb,3,0,0.7574090909090909
CLN_MTB_PRT_MIR,lr,3,0,0.7567272727272727
CLN_MTB_PRT_MIR,avg,3,0,0.7909090909090909
MTB,svc,3,1,0.6916640786749483
MTB,xgb,3,1,0.7627380952380952
MTB,lr,3,1,0.7560481366459627
MTB,avg,3,1,0.7759989648033127
PRT,svc,3,0,0.672409090909091
PRT,xgb,3,0,0.5895454545454545
PRT,lr,3,0,0.6268181818181819
PRT,avg,3,0,0.6439090909090909
CLN_MTB_PRT_MIR,svc,3,1,0.7163664596273291
CLN_MTB_PRT_MIR,xgb,3,1,0.7711050724637681
CLN_MTB_PRT_MIR,lr,3,1,0.7726708074534161
CLN_MTB_PRT_MIR,avg,3,1,0.7725543478260869
CLN_MTB,svc,3,0,0.7937272727272726
CLN_MTB,xgb,3,0,0.7786363636363636
CLN_MTB,lr,3,0,0.7402727272727272
CLN_MTB,avg,3,0,0.7919090909090908
CLN_MET,svc,3,1,0.7424197722567287
CLN_MET,xgb,3,1,0.7547476708074534
CLN_MET,lr,3,1,0.7718374741200829
CLN_MET,avg,3,1,0.7641045548654245
CLN_PRT,svc,3,0,0.7617272727272727
CLN_PRT,xgb,3,0,0.7176818181818182
CLN_PRT,lr,3,0,0.7407272727272728
CLN_PRT,avg,3,0,0.7592727272727273
CLN_PRT,svc,3,1,0.7085908385093168
CLN_PRT,xgb,3,1,0.7673447204968944
CLN_PRT,lr,3,1,0.7690812629399586
CLN_PRT,avg,3,1,0.7632142857142858
CLN_MIR,svc,3,0,0.7446363636363637
CLN_MIR,xgb,3,0,0.7662727272727272
CLN_MIR,lr,3,0,0.7237272727272728
CLN_MIR,avg,3,0,0.7484545454545455
CLN_MTB_PRT,svc,3,1,0.7465631469979297
CLN_MTB_PRT,xgb,3,1,0.7765696169772257
CLN_MTB_PRT,lr,3,1,0.7763250517598344
CLN_MTB_PRT,avg,3,1,0.7853002070393375
MIR,svc,3,0,0.6259090909090909
MIR,xgb,3,0,0.6119545454545454
MIR,lr,3,0,0.6214545454545454
MIR,avg,3,0,0.6423636363636365
CLN_MTB,svc,3,1,0.7855797101449276
CLN_MTB,xgb,3,1,0.769113612836439
CLN_MTB,lr,3,1,0.7924870600414078
CLN_MTB,avg,3,1,0.8047230848861284
CLN_MIR_MET,svc,3,0,0.7364545454545455
CLN_MIR_MET,xgb,3,0,0.7548181818181817
CLN_MIR_MET,lr,3,0,0.7236363636363636
CLN_MIR_MET,avg,3,0,0.7494545454545454
CLN_MTB_MIR,svc,3,1,0.7422916666666667
CLN_MTB_MIR,xgb,3,1,0.769077380952381
CLN_MTB_MIR,lr,3,1,0.7880667701863354
CLN_MTB_MIR,avg,3,1,0.7827199792960664
CLN_PRT_MET,svc,3,0,0.7686363636363637
CLN_PRT_MET,xgb,3,0,0.7606363636363637
CLN_PRT_MET,lr,3,0,0.7407272727272728
CLN_PRT_MET,avg,3,0,0.7733636363636364
CLN_MIR_MET,svc,3,1,0.6915424430641821
CLN_MIR_MET,xgb,3,1,0.7557065217391304
CLN_MIR_MET,lr,3,1,0.7627691511387164
CLN_MIR_MET,avg,3,1,0.7386361283643892
CLN_MTB_PRT,svc,3,0,0.7968181818181819
CLN_MTB_PRT,xgb,3,0,0.7707272727272727
CLN_MTB_PRT,lr,3,0,0.7661818181818182
CLN_MTB_PRT,avg,3,0,0.8017272727272727
CLN_MTB_PRT_MET,svc,3,1,0.7356573498964802
CLN_MTB_PRT_MET,xgb,3,1,0.7791886645962733
CLN_MTB_PRT_MET,lr,3,1,0.7740683229813665
CLN_MTB_PRT_MET,avg,3,1,0.7966278467908904
CLN_MTB_MET,svc,3,0,0.7937272727272727
CLN_MTB_MET,xgb,3,0,0.7559545454545454
CLN_MTB_MET,lr,3,0,0.7394545454545455
CLN_MTB_MET,avg,3,0,0.7905454545454546
CLN_MTB_MET,svc,3,1,0.7714855072463769
CLN_MTB_MET,xgb,3,1,0.7723343685300207
CLN_MTB_MET,lr,3,1,0.7933152173913044
CLN_MTB_MET,avg,3,1,0.7958152173913045
MET,svc,3,0,0.3641818181818181
MET,xgb,3,0,0.5137272727272727
MET,lr,3,0,0.5
MET,avg,3,0,0.4728181818181818
CLN,svc,3,1,0.7586309523809525
CLN,xgb,3,1,0.755898033126294
CLN,lr,3,1,0.7718374741200829
CLN,avg,3,1,0.7761438923395445
CLN_PRT_MIR_MET,svc,3,0,0.7726363636363636
CLN_PRT_MIR_MET,xgb,3,0,0.7397272727272728
CLN_PRT_MIR_MET,lr,3,0,0.729090909090909
CLN_PRT_MIR_MET,avg,3,0,0.7919090909090909
MET,svc,3,1,0.4822903726708074
MET,xgb,3,1,0.5366407867494825
MET,lr,3,1,0.5
MET,avg,3,1,0.533786231884058
CLN_MET,svc,3,0,0.7570454545454545
CLN_MET,xgb,3,0,0.7434999999999999
CLN_MET,lr,3,0,0.7405454545454546
CLN_MET,avg,3,0,0.7663636363636364
CLN_MTB_MIR_MET,svc,3,1,0.7225569358178053
CLN_MTB_MIR_MET,xgb,3,1,0.7659950828157349
CLN_MTB_MIR_MET,lr,3,1,0.7889363354037267
CLN_MTB_MIR_MET,avg,3,1,0.7717132505175984
CLN_PRT_MIR,svc,5,0,0.7637727272727273
CLN_PRT_MIR,xgb,5,0,0.7342727272727272
CLN_PRT_MIR,lr,5,0,0.741909090909091
CLN_PRT_MIR,avg,5,0,0.7715454545454545
CLN_PRT_MIR_MET,svc,5,1,0.7082220496894409
CLN_PRT_MIR_MET,xgb,5,1,0.7706405279503106
CLN_PRT_MIR_MET,lr,5,1,0.7723783643892339
CLN_PRT_MIR_MET,avg,5,1,0.7445108695652174
CLN_MTB_MIR_MET,svc,5,0,0.7818181818181819
CLN_MTB_MIR_MET,xgb,5,0,0.7552272727272729
CLN_MTB_MIR_MET,lr,5,0,0.7402727272727273
CLN_MTB_MIR_MET,avg,5,0,0.7767272727272728
PRT,svc,5,1,0.5169435817805382
PRT,xgb,5,1,0.6717986542443064
PRT,lr,5,1,0.6308178053830228
PRT,avg,5,1,0.6527639751552795
CLN_MTB_PRT_MET,svc,5,0,0.8076363636363636
CLN_MTB_PRT_MET,xgb,5,0,0.761090909090909
CLN_MTB_PRT_MET,lr,5,0,0.7587272727272727
CLN_MTB_PRT_MET,avg,5,0,0.8091818181818182
MIR,svc,5,1,0.4871092132505176
MIR,xgb,5,1,0.6228053830227743
MIR,lr,5,1,0.6226785714285714
MIR,avg,5,1,0.6396816770186335
CLN_MTB_PRT_MIR_MET,svc,5,0,0.7993636363636364
CLN_MTB_PRT_MIR_MET,xgb,5,0,0.7618636363636363
CLN_MTB_PRT_MIR_MET,lr,5,0,0.7533636363636363
CLN_MTB_PRT_MIR_MET,avg,5,0,0.8031818181818182
CLN_PRT_MET,svc,5,1,0.7199715320910973
CLN_PRT_MET,xgb,5,1,0.7703649068322982
CLN_PRT_MET,lr,5,1,0.7687810559006211
CLN_PRT_MET,avg,5,1,0.7711697722567287
CLN_MTB_MIR,svc,5,0,0.7819090909090909
CLN_MTB_MIR,xgb,5,0,0.7608181818181818
CLN_MTB_MIR,lr,5,0,0.7372727272727272
CLN_MTB_MIR,avg,5,0,0.7715454545454545
CLN_PRT_MIR,svc,5,1,0.7219254658385093
CLN_PRT_MIR,xgb,5,1,0.7682116977225673
CLN_PRT_MIR,lr,5,1,0.7723783643892339
CLN_PRT_MIR,avg,5,1,0.7750750517598344
MTB,svc,5,0,0.7687272727272728
MTB,xgb,5,0,0.757090909090909
MTB,lr,5,0,0.7639090909090909
MTB,avg,5,0,0.7988181818181818
CLN_MIR,svc,5,1,0.7538405797101448
CLN_MIR,xgb,5,1,0.767457298136646
CLN_MIR,lr,5,1,0.793506728778468
CLN_MIR,avg,5,1,0.7853234989648034
CLN,svc,5,0,0.7391818181818182
CLN,xgb,5,0,0.7576818181818181
CLN,lr,5,0,0.7408181818181819
CLN,avg,5,0,0.7530000000000001
CLN_MTB_PRT_MIR_MET,svc,5,1,0.7146130952380951
CLN_MTB_PRT_MIR_MET,xgb,5,1,0.7913509316770186
CLN_MTB_PRT_MIR_MET,lr,5,1,0.7668555900621118
CLN_MTB_PRT_MIR_MET,avg,5,1,0.7757867494824017
CLN_MTB_PRT_MIR,svc,5,0,0.7916363636363636
CLN_MTB_PRT_MIR,xgb,5,0,0.7551363636363635
CLN_MTB_PRT_MIR,lr,5,0,0.7533636363636363
CLN_MTB_PRT_MIR,avg,5,0,0.8019999999999999
MTB,svc,5,1,0.6903597308488614
MTB,xgb,5,1,0.7412111801242236
MTB,lr,5,1,0.7367675983436853
MTB,avg,5,1,0.7330512422360248
PRT,svc,5,0,0.6740909090909091
PRT,xgb,5,0,0.6144545454545455
PRT,lr,5,0,0.6487272727272727
PRT,avg,5,0,0.662
CLN_MTB_PRT_MIR,svc,5,1,0.7304554865424431
CLN_MTB_PRT_MIR,xgb,5,1,0.789574275362319
CLN_MTB_PRT_MIR,lr,5,1,0.7668555900621118
CLN_MTB_PRT_MIR,avg,5,1,0.7821402691511387
CLN_MTB,svc,5,0,0.7939999999999999
CLN_MTB,xgb,5,0,0.7635909090909091
CLN_MTB,lr,5,0,0.7402727272727272
CLN_MTB,avg,5,0,0.7870909090909091
CLN_MET,svc,5,1,0.7347256728778468
CLN_MET,xgb,5,1,0.7823460144927538
CLN_MET,lr,5,1,0.7828493788819877
CLN_MET,avg,5,1,0.7747851966873707
CLN_PRT,svc,5,0,0.7683636363636362
CLN_PRT,xgb,5,0,0.7581363636363636
CLN_PRT,lr,5,0,0.7444545454545455
CLN_PRT,avg,5,0,0.781
CLN_PRT,svc,5,1,0.731917701863354
CLN_PRT,xgb,5,1,0.7855124223602484
CLN_PRT,lr,5,1,0.7687810559006211
CLN_PRT,avg,5,1,0.757748447204969
CLN_MIR,svc,5,0,0.7388181818181818
CLN_MIR,xgb,5,0,0.7609545454545454
CLN_MIR,lr,5,0,0.7336363636363636
CLN_MIR,avg,5,0,0.753
CLN_MTB_PRT,svc,5,1,0.7407569875776397
CLN_MTB_PRT,xgb,5,1,0.7877600931677018
CLN_MTB_PRT,lr,5,1,0.7664440993788819
CLN_MTB_PRT,avg,5,1,0.7842028985507247
MIR,svc,5,0,0.6454999999999999
MIR,xgb,5,0,0.633090909090909
MIR,lr,5,0,0.6506363636363637
MIR,avg,5,0,0.6659090909090909
CLN_MTB,svc,5,1,0.7727600931677018
CLN_MTB,xgb,5,1,0.7858734472049689
CLN_MTB,lr,5,1,0.7713923395445134
CLN_MTB,avg,5,1,0.7874482401656314
CLN_MIR_MET,svc,5,0,0.7427727272727273
CLN_MIR_MET,xgb,5,0,0.7258636363636364
CLN_MIR_MET,lr,5,0,0.7336363636363636
CLN_MIR_MET,avg,5,0,0.7513636363636365
CLN_MTB_MIR,svc,5,1,0.7576138716356108
CLN_MTB_MIR,xgb,5,1,0.7817999482401656
CLN_MTB_MIR,lr,5,1,0.7817417184265011
CLN_MTB_MIR,avg,5,1,0.7846609730848861
CLN_PRT_MET,svc,5,0,0.771590909090909
CLN_PRT_MET,xgb,5,0,0.7745454545454545
CLN_PRT_MET,lr,5,0,0.7444545454545455
CLN_PRT_MET,avg,5,0,0.7916363636363636
CLN_MIR_MET,svc,5,1,0.7225621118012422
CLN_MIR_MET,xgb,5,1,0.7781431159420289
CLN_MIR_MET,lr,5,1,0.7922644927536233
CLN_MIR_MET,avg,5,1,0.7875672877846791
CLN_MTB_PRT,svc,5,0,0.7928181818181818
CLN_MTB_PRT,xgb,5,0,0.7575000000000001
CLN_MTB_PRT,lr,5,0,0.7587272727272727
CLN_MTB_PRT,avg,5,0,0.7978181818181818
CLN_MTB_PRT_MET,svc,5,1,0.7277639751552796
CLN_MTB_PRT_MET,xgb,5,1,0.7879503105590062
CLN_MTB_PRT_MET,lr,5,1,0.7664440993788819
CLN_MTB_PRT_MET,avg,5,1,0.7740476190476191
CLN_MTB_MET,svc,5,0,0.7930909090909091
CLN_MTB_MET,xgb,5,0,0.764090909090909
CLN_MTB_MET,lr,5,0,0.7525454545454546
CLN_MTB_MET,avg,5,0,0.7965454545454546
CLN_MTB_MET,svc,5,1,0.7435649585921326
CLN_MTB_MET,xgb,5,1,0.7853726708074534
CLN_MTB_MET,lr,5,1,0.7690372670807453
CLN_MTB_MET,avg,5,1,0.773118530020704
MET,svc,5,0,0.5519090909090908
MET,xgb,5,0,0.5524545454545454
MET,lr,5,0,0.5
MET,avg,5,0,0.5626363636363637
CLN,svc,5,1,0.7583022774327123
CLN,xgb,5,1,0.7785830745341615
CLN,lr,5,1,0.7849404761904762
CLN,avg,5,1,0.7853105590062113
CLN_PRT_MIR_MET,svc,5,0,0.7727272727272727
CLN_PRT_MIR_MET,xgb,5,0,0.741590909090909
CLN_PRT_MIR_MET,lr,5,0,0.741909090909091
CLN_PRT_MIR_MET,avg,5,0,0.777090909090909
MET,svc,5,1,0.5516718426501035
MET,xgb,5,1,0.5541032608695652
MET,lr,5,1,0.5
MET,avg,5,1,0.5595134575569358
CLN_MET,svc,5,0,0.761909090909091
CLN_MET,xgb,5,0,0.7511363636363636
CLN_MET,lr,5,0,0.7408181818181819
CLN_MET,avg,5,0,0.7726363636363637
CLN_MTB_MIR_MET,svc,5,1,0.7348162525879917
CLN_MTB_MIR_MET,xgb,5,1,0.7830628881987579
CLN_MTB_MIR_MET,lr,5,1,0.7726371635610766
CLN_MTB_MIR_MET,avg,5,1,0.7764648033126295
CLN_PRT_MIR,svc,8,0,0.7215909090909091
CLN_PRT_MIR,xgb,8,0,0.7221818181818181
CLN_PRT_MIR,lr,8,0,0.729090909090909
CLN_PRT_MIR,avg,8,0,0.7502727272727273
CLN_PRT_MIR_MET,svc,8,1,0.6739440993788821
CLN_PRT_MIR_MET,xgb,8,1,0.756322463768116
CLN_PRT_MIR_MET,lr,8,1,0.7606288819875776
CLN_PRT_MIR_MET,avg,8,1,0.7486904761904761
CLN_MTB_MIR_MET,svc,8,0,0.7828181818181819
CLN_MTB_MIR_MET,xgb,8,0,0.7543636363636363
CLN_MTB_MIR_MET,lr,8,0,0.7402727272727273
CLN_MTB_MIR_MET,avg,8,0,0.779
PRT,svc,8,1,0.5723330745341615
PRT,xgb,8,1,0.6220419254658385
PRT,lr,8,1,0.6011697722567287
PRT,avg,8,1,0.6170341614906831
CLN_MTB_PRT_MET,svc,8,0,0.8086363636363636
CLN_MTB_PRT_MET,xgb,8,0,0.7531818181818182
CLN_MTB_PRT_MET,lr,8,0,0.7622727272727273
CLN_MTB_PRT_MET,avg,8,0,0.8003636363636365
MIR,svc,8,1,0.6191537267080746
MIR,xgb,8,1,0.6975207039337474
MIR,lr,8,1,0.6657660455486543
MIR,avg,8,1,0.7056081780538304
CLN_MTB_PRT_MIR_MET,svc,8,0,0.803681818181818
CLN_MTB_PRT_MIR_MET,xgb,8,0,0.7681818181818181
CLN_MTB_PRT_MIR_MET,lr,8,0,0.7566363636363636
CLN_MTB_PRT_MIR_MET,avg,8,0,0.7965454545454544
CLN_PRT_MET,svc,8,1,0.6671532091097309
CLN_PRT_MET,xgb,8,1,0.7574353002070394
CLN_PRT_MET,lr,8,1,0.7606288819875776
CLN_PRT_MET,avg,8,1,0.7487888198757764
CLN_MTB_MIR,svc,8,0,0.7783636363636364
CLN_MTB_MIR,xgb,8,0,0.7834545454545454
CLN_MTB_MIR,lr,8,0,0.7372727272727272
CLN_MTB_MIR,avg,8,0,0.7832727272727272
CLN_PRT_MIR,svc,8,1,0.6843659420289855
CLN_PRT_MIR,xgb,8,1,0.7696713250517598
CLN_PRT_MIR,lr,8,1,0.7606288819875776
CLN_PRT_MIR,avg,8,1,0.7714466873706003
MTB,svc,8,0,0.7650909090909092
MTB,xgb,8,0,0.746090909090909
MTB,lr,8,0,0.7572727272727272
MTB,avg,8,0,0.7739090909090909
CLN_MIR,svc,8,1,0.7580383022774326
CLN_MIR,xgb,8,1,0.7844202898550724
CLN_MIR,lr,8,1,0.7933618012422361
CLN_MIR,avg,8,1,0.7969513457556936
CLN,svc,8,0,0.7520454545454546
CLN,xgb,8,0,0.7458181818181818
CLN,lr,8,0,0.7383636363636363
CLN,avg,8,0,0.7565454545454545
CLN_MTB_PRT_MIR_MET,svc,8,1,0.7084239130434782
CLN_MTB_PRT_MIR_MET,xgb,8,1,0.7706495859213252
CLN_MTB_PRT_MIR_MET,lr,8,1,0.7756107660455486
CLN_MTB_PRT_MIR_MET,avg,8,1,0.7813845755693583
CLN_MTB_PRT_MIR,svc,8,0,0.7938181818181819
CLN_MTB_PRT_MIR,xgb,8,0,0.7552272727272726
CLN_MTB_PRT_MIR,lr,8,0,0.7588181818181818
CLN_MTB_PRT_MIR,avg,8,0,0.7932727272727274
MTB,svc,8,1,0.7362577639751553
MTB,xgb,8,1,0.7472748447204969
MTB,lr,8,1,0.7590320910973085
MTB,avg,8,1,0.7681573498964804
PRT,svc,8,0,0.6725909090909091
PRT,xgb,8,0,0.5685
PRT,lr,8,0,0.6545454545454545
PRT,avg,8,0,0.6528181818181819
CLN_MTB_PRT_MIR,svc,8,1,0.7200957556935818
CLN_MTB_PRT_MIR,xgb,8,1,0.7807906314699794
CLN_MTB_PRT_MIR,lr,8,1,0.7779891304347826
CLN_MTB_PRT_MIR,avg,8,1,0.7881521739130436
CLN_MTB,svc,8,0,0.7937272727272726
CLN_MTB,xgb,8,0,0.7505909090909091
CLN_MTB,lr,8,0,0.7419090909090909
CLN_MTB,avg,8,0,0.7849999999999999
CLN_MET,svc,8,1,0.7442572463768117
CLN_MET,xgb,8,1,0.7546687370600413
CLN_MET,lr,8,1,0.7799560041407868
CLN_MET,avg,8,1,0.7819461697722566
CLN_PRT,svc,8,0,0.7617272727272727
CLN_PRT,xgb,8,0,0.7626818181818182
CLN_PRT,lr,8,0,0.729
CLN_PRT,avg,8,0,0.7897272727272727
CLN_PRT,svc,8,1,0.6813742236024846
CLN_PRT,xgb,8,1,0.7714117494824018
CLN_PRT,lr,8,1,0.7606288819875776
CLN_PRT,avg,8,1,0.7562008281573499
CLN_MIR,svc,8,0,0.7446363636363637
CLN_MIR,xgb,8,0,0.7389090909090908
CLN_MIR,lr,8,0,0.7258181818181818
CLN_MIR,avg,8,0,0.75
CLN_MTB_PRT,svc,8,1,0.7263483436853002
CLN_MTB_PRT,xgb,8,1,0.763973861283644
CLN_MTB_PRT,lr,8,1,0.7667261904761904
CLN_MTB_PRT,avg,8,1,0.77648033126294
MIR,svc,8,0,0.6394545454545455
MIR,xgb,8,0,0.6346363636363637
MIR,lr,8,0,0.6342727272727272
MIR,avg,8,0,0.6517272727272727
CLN_MTB,svc,8,1,0.7984446169772257
CLN_MTB,xgb,8,1,0.7591369047619048
CLN_MTB,lr,8,1,0.798222049689441
CLN_MTB,avg,8,1,0.8133876811594203
CLN_MIR_MET,svc,8,0,0.7427727272727273
CLN_MIR_MET,xgb,8,0,0.7431818181818182
CLN_MIR_MET,lr,8,0,0.7236363636363636
CLN_MIR_MET,avg,8,0,0.7544545454545455
CLN_MTB_MIR,svc,8,1,0.7811904761904762
CLN_MTB_MIR,xgb,8,1,0.7685119047619047
CLN_MTB_MIR,lr,8,1,0.8049456521739131
CLN_MTB_MIR,avg,8,1,0.8161361283643892
CLN_PRT_MET,svc,8,0,0.771590909090909
CLN_PRT_MET,xgb,8,0,0.7405454545454545
CLN_PRT_MET,lr,8,0,0.729
CLN_PRT_MET,avg,8,0,0.7704545454545455
CLN_MIR_MET,svc,8,1,0.7390993788819875
CLN_MIR_MET,xgb,8,1,0.7827639751552795
CLN_MIR_MET,lr,8,1,0.7921325051759835
CLN_MIR_MET,avg,8,1,0.7900465838509316
CLN_MTB_PRT,svc,8,0,0.7968181818181819
CLN_MTB_PRT,xgb,8,0,0.754590909090909
CLN_MTB_PRT,lr,8,0,0.7627272727272728
CLN_MTB_PRT,avg,8,0,0.7982727272727274
CLN_MTB_PRT_MET,svc,8,1,0.7134860248447205
CLN_MTB_PRT_MET,xgb,8,1,0.7730318322981367
CLN_MTB_PRT_MET,lr,8,1,0.7667210144927535
CLN_MTB_PRT_MET,avg,8,1,0.7700025879917185
CLN_MTB_MET,svc,8,0,0.7918181818181818
CLN_MTB_MET,xgb,8,0,0.7736818181818181
CLN_MTB_MET,lr,8,0,0.7425454545454545
CLN_MTB_MET,avg,8,0,0.7924545454545455
CLN_MTB_MET,svc,8,1,0.7826475155279502
CLN_MTB_MET,xgb,8,1,0.7649922360248447
CLN_MTB_MET,lr,8,1,0.7944798136645963
CLN_MTB_MET,avg,8,1,0.800776397515528
MET,svc,8,0,0.5519090909090908
MET,xgb,8,0,0.5582727272727273
MET,lr,8,0,0.5
MET,avg,8,0,0.5625454545454546
CLN,svc,8,1,0.7697437888198758
CLN,xgb,8,1,0.7685584886128364
CLN,lr,8,1,0.7816459627329193
CLN,avg,8,1,0.7873447204968944
CLN_PRT_MIR_MET,svc,8,0,0.7236363636363636
CLN_PRT_MIR_MET,xgb,8,0,0.7495454545454545
CLN_PRT_MIR_MET,lr,8,0,0.729090909090909
CLN_PRT_MIR_MET,avg,8,0,0.7634545454545455
MET,svc,8,1,0.5276643374741201
MET,xgb,8,1,0.5570678053830228
MET,lr,8,1,0.5
MET,avg,8,1,0.5670652173913044
CLN_MET,svc,8,0,0.7570454545454545
CLN_MET,xgb,8,0,0.7539090909090909
CLN_MET,lr,8,0,0.7476363636363637
CLN_MET,avg,8,0,0.7697272727272728
CLN_MTB_MIR_MET,svc,8,1,0.7788793995859213
CLN_MTB_MIR_MET,xgb,8,1,0.7706379399585921
CLN_MTB_MIR_MET,lr,8,1,0.8053286749482401
CLN_MTB_MIR_MET,avg,8,1,0.8134446169772257
CLN_PRT_MIR,svc,7,0,0.7637727272727273
CLN_PRT_MIR,xgb,7,0,0.7520909090909091
CLN_PRT_MIR,lr,7,0,0.7649090909090909
CLN_PRT_MIR,avg,7,0,0.7778181818181817
CLN_PRT_MIR_MET,svc,7,1,0.718379917184265
CLN_PRT_MIR_MET,xgb,7,1,0.7495367494824017
CLN_PRT_MIR_MET,lr,7,1,0.7810791925465839
CLN_PRT_MIR_MET,avg,7,1,0.761516563146998
CLN_MTB_MIR_MET,svc,7,0,0.7828181818181819
CLN_MTB_MIR_MET,xgb,7,0,0.7909545454545454
CLN_MTB_MIR_MET,lr,7,0,0.7567272727272728
CLN_MTB_MIR_MET,avg,7,0,0.7977272727272728
PRT,svc,7,1,0.5441187888198759
PRT,xgb,7,1,0.6358410973084886
PRT,lr,7,1,0.6457039337474121
PRT,avg,7,1,0.6168737060041408
CLN_MTB_PRT_MET,svc,7,0,0.8029999999999999
CLN_MTB_PRT_MET,xgb,7,0,0.766
CLN_MTB_PRT_MET,lr,7,0,0.7682727272727274
CLN_MTB_PRT_MET,avg,7,0,0.8021818181818181
MIR,svc,7,1,0.4054554865424431
MIR,xgb,7,1,0.6781677018633541
MIR,lr,7,1,0.6355253623188406
MIR,avg,7,1,0.6731444099378882
CLN_MTB_PRT_MIR_MET,svc,7,0,0.8007272727272726
CLN_MTB_PRT_MIR_MET,xgb,7,0,0.7764545454545455
CLN_MTB_PRT_MIR_MET,lr,7,0,0.7515454545454546
CLN_MTB_PRT_MIR_MET,avg,7,0,0.8005454545454544
CLN_PRT_MET,svc,7,1,0.7299443581780538
CLN_PRT_MET,xgb,7,1,0.7623576604554866
CLN_PRT_MET,lr,7,1,0.7790269151138716
CLN_PRT_MET,avg,7,1,0.7778726708074534
CLN_MTB_MIR,svc,7,0,0.7819090909090909
CLN_MTB_MIR,xgb,7,0,0.7839090909090909
CLN_MTB_MIR,lr,7,0,0.7322727272727273
CLN_MTB_MIR,avg,7,0,0.7859090909090909
CLN_PRT_MIR,svc,7,1,0.7217598343685301
CLN_PRT_MIR,xgb,7,1,0.7565269151138716
CLN_PRT_MIR,lr,7,1,0.7810791925465839
CLN_PRT_MIR,avg,7,1,0.7559834368530021
MTB,svc,7,0,0.7650909090909092
MTB,xgb,7,0,0.7217272727272726
MTB,lr,7,0,0.7645454545454544
MTB,avg,7,0,0.7757272727272727
CLN_MIR,svc,7,1,0.7575219979296065
CLN_MIR,xgb,7,1,0.7734161490683229
CLN_MIR,lr,7,1,0.7957091097308489
CLN_MIR,avg,7,1,0.785121635610766
CLN,svc,7,0,0.7516363636363637
CLN,xgb,7,0,0.7392727272727274
CLN,lr,7,0,0.747
CLN,avg,7,0,0.757
CLN_MTB_PRT_MIR_MET,svc,7,1,0.747633281573499
CLN_MTB_PRT_MIR_MET,xgb,7,1,0.7709860248447205
CLN_MTB_PRT_MIR_MET,lr,7,1,0.795315734989648
CLN_MTB_PRT_MIR_MET,avg,7,1,0.7779813664596273
CLN_MTB_PRT_MIR,svc,7,0,0.7941818181818182
CLN_MTB_PRT_MIR,xgb,7,0,0.7539090909090909
CLN_MTB_PRT_MIR,lr,7,0,0.7515454545454546
CLN_MTB_PRT_MIR,avg,7,0,0.7919999999999999
MTB,svc,7,1,0.7325854037267081
MTB,xgb,7,1,0.7695522774327123
MTB,lr,7,1,0.7758307453416149
MTB,avg,7,1,0.7683566252587992
PRT,svc,7,0,0.6725909090909091
PRT,xgb,7,0,0.5820454545454544
PRT,lr,7,0,0.6457272727272727
PRT,avg,7,0,0.6543636363636365
CLN_MTB_PRT_MIR,svc,7,1,0.7464492753623189
CLN_MTB_PRT_MIR,xgb,7,1,0.7714233954451346
CLN_MTB_PRT_MIR,lr,7,1,0.7944461697722568
CLN_MTB_PRT_MIR,avg,7,1,0.7956858178053829
CLN_MTB,svc,7,0,0.7928181818181819
CLN_MTB,xgb,7,0,0.7716818181818181
CLN_MTB,lr,7,0,0.7756363636363637
CLN_MTB,avg,7,0,0.7978181818181819
CLN_MET,svc,7,1,0.7729114906832298
CLN_MET,xgb,7,1,0.7731573498964803
CLN_MET,lr,7,1,0.7791433747412009
CLN_MET,avg,7,1,0.7901371635610765
CLN_PRT,svc,7,0,0.7617272727272727
CLN_PRT,xgb,7,0,0.7129090909090909
CLN_PRT,lr,7,0,0.7571818181818182
CLN_PRT,avg,7,0,0.7679090909090909
CLN_PRT,svc,7,1,0.7360895445134575
CLN_PRT,xgb,7,1,0.7608113354037267
CLN_PRT,lr,7,1,0.7790269151138716
CLN_PRT,avg,7,1,0.7710610766045549
CLN_MIR,svc,7,0,0.7446363636363637
CLN_MIR,xgb,7,0,0.729909090909091
CLN_MIR,lr,7,0,0.7385454545454545
CLN_MIR,avg,7,0,0.7500909090909091
CLN_MTB_PRT,svc,7,1,0.748555900621118
CLN_MTB_PRT,xgb,7,1,0.7728079710144928
CLN_MTB_PRT,lr,7,1,0.7899974120082816
CLN_MTB_PRT,avg,7,1,0.7772644927536231
MIR,svc,7,0,0.6454999999999999
MIR,xgb,7,0,0.6316363636363636
MIR,lr,7,0,0.6418181818181817
MIR,avg,7,0,0.6517272727272728
CLN_MTB,svc,7,1,0.802050983436853
CLN_MTB,xgb,7,1,0.7705952380952381
CLN_MTB,lr,7,1,0.8108385093167702
CLN_MTB,avg,7,1,0.8127225672877847
CLN_MIR_MET,svc,7,0,0.7269545454545455
CLN_MIR_MET,xgb,7,0,0.7388181818181818
CLN_MIR_MET,lr,7,0,0.7378181818181818
CLN_MIR_MET,avg,7,0,0.7482727272727273
CLN_MTB_MIR,svc,7,1,0.7956858178053829
CLN_MTB_MIR,xgb,7,1,0.7828105590062112
CLN_MTB_MIR,lr,7,1,0.8138897515527951
CLN_MTB_MIR,avg,7,1,0.8171557971014494
CLN_PRT_MET,svc,7,0,0.771590909090909
CLN_PRT_MET,xgb,7,0,0.7487272727272727
CLN_PRT_MET,lr,7,0,0.7571818181818182
CLN_PRT_MET,avg,7,0,0.7884545454545455
CLN_MIR_MET,svc,7,1,0.7461102484472051
CLN_MIR_MET,xgb,7,1,0.7730900621118013
CLN_MIR_MET,lr,7,1,0.7969332298136645
CLN_MIR_MET,avg,7,1,0.7944875776397515
CLN_MTB_PRT,svc,7,0,0.7991818181818181
CLN_MTB_PRT,xgb,7,0,0.7516363636363635
CLN_MTB_PRT,lr,7,0,0.7682727272727274
CLN_MTB_PRT,avg,7,0,0.804
CLN_MTB_PRT_MET,svc,7,1,0.7447256728778469
CLN_MTB_PRT_MET,xgb,7,1,0.77080615942029
CLN_MTB_PRT_MET,lr,7,1,0.7899974120082816
CLN_MTB_PRT_MET,avg,7,1,0.7848498964803312
CLN_MTB_MET,svc,7,0,0.7937272727272727
CLN_MTB_MET,xgb,7,0,0.7721363636363636
CLN_MTB_MET,lr,7,0,0.7892727272727271
CLN_MTB_MET,avg,7,0,0.8040909090909091
CLN_MTB_MET,svc,7,1,0.805527950310559
CLN_MTB_MET,xgb,7,1,0.7737047101449275
CLN_MTB_MET,lr,7,1,0.8059989648033128
CLN_MTB_MET,avg,7,1,0.8159627329192546
MET,svc,7,0,0.4829090909090909
MET,xgb,7,0,0.5178181818181818
MET,lr,7,0,0.518909090909091
MET,avg,7,0,0.5155454545454544
CLN,svc,7,1,0.7811024844720496
CLN,xgb,7,1,0.7628920807453415
CLN,lr,7,1,0.783040890269151
CLN,avg,7,1,0.7791718426501036
CLN_PRT_MIR_MET,svc,7,0,0.7673636363636364
CLN_PRT_MIR_MET,xgb,7,0,0.7573636363636362
CLN_PRT_MIR_MET,lr,7,0,0.7649090909090909
CLN_PRT_MIR_MET,avg,7,0,0.7813636363636364
MET,svc,7,1,0.4935481366459627
MET,xgb,7,1,0.5659420289855073
MET,lr,7,1,0.5012163561076605
MET,avg,7,1,0.5543892339544513
CLN_MET,svc,7,0,0.7570454545454545
CLN_MET,xgb,7,0,0.7371818181818182
CLN_MET,lr,7,0,0.7383636363636363
CLN_MET,avg,7,0,0.7588181818181818
CLN_MTB_MIR_MET,svc,7,1,0.7965864389233954
CLN_MTB_MIR_MET,xgb,7,1,0.7828752587991719
CLN_MTB_MIR_MET,lr,7,1,0.8127743271221533
CLN_MTB_MIR_MET,avg,7,1,0.8158902691511386
