HBA1C	FPG	PBG	FINS	HOMA.B	HOMA.IR	TG	TC	LDLC	HDLC	FFA	ALT	AST	TBIL	BUN	EGFR	SCR	UCR	UMA	UMACRR	CKMB	HSCRP	HB	PLT	HCT	RBC	WBC	BMI	WACC	WEIGHT	DBP	SBP	Age	Sex	Dose	cg00574958	cg03767807	cg06500161	cg11078090	cg17722508	cg17901584	cg21055197	cg19076985	cg03629335	cg27352622	cg08726900	cg05484949	cg00827581	cg14153852
-0.0	0.0537218814893198	-0.15613942527949612	0.05429644865903934	0.39938325802120084	0.0	-0.0	0.0	0.0	0.0	-0.0	-0.0	-0.0	-0.0	-0.0	-0.0	0.0	-0.0	-0.0	-0.0	-0.0	-0.0	0.00010898710862290037	0.0	-0.0	0.021444450421739397	-0.0	0.0	0.0	0.0	-0.0	0.0	0.016317528880114247	-0.0	-0.0	-0.0	0.0	0.0	0.0	0.0	0.0	0.0	0.0	0.0	0.0	-0.0	0.0	0.0	0.0
-0.0	0.11087281924391525	0.13578370434866746	4.378392763409917e-06	0.0611668360269782	-0.0	-0.0	-0.0	-0.0	-0.0	0.0	-0.0	-0.0	0.0	-0.0	-0.0	0.0	-0.0	-0.0	-0.0	-0.0	-0.0	0.004405969885869872	0.0	-0.0	-0.1471583259497773	-0.0	0.0	0.0	0.0	-0.0	-0.0	0.025771485357584847	-0.0	0.0	0.0	0.0	-0.0	-0.0	0.0	-0.0	-0.0	0.0	-0.0	0.0	-0.0	0.0	-0.0	-0.0
-0.0	-0.33204694835419984	-0.17980886822232026	0.046999127386690424	0.04819882618907361	0.0	0.0	0.0	-0.0	0.0	-0.0	0.0	0.0	-0.0	0.0	0.0	-0.0	0.0	0.0	-0.0	-0.0	-0.0	0.0004996219065544433	-0.0	0.0	-0.023212501157743426	-0.0	0.0	0.0	-0.0	-0.0	0.0	0.014426737584620129	-0.0	0.0	0.0	0.0	-0.0	0.0	0.0	0.0	0.0	0.0	-0.0	0.0	0.0	0.0	0.0	0.0
0.0	0.08229735036661752	0.1121142614058434	0.013431449533885415	0.1432406877642429	0.0	-0.0	-0.0	-0.0	-0.0	0.0	0.0	0.0	0.0	-0.0	0.0	-0.0	0.0	-0.0	-0.0	-0.0	-0.0	-0.0018441868810348142	0.0	0.0	0.0013943905289104065	0.0	0.0	0.0	0.0	0.0	0.0	-0.04607858387119169	-0.0	0.0	-0.0	-0.0	-0.0	-0.0	-0.0	-0.0	0.0	0.0	0.0	0.0	-0.0	0.0	0.0	0.0
0.0	0.025146412612021985	-0.037792210565375725	0.00029627124365736563	-0.0003824587863848157	-0.0	-0.0	0.0	0.0	-0.0	0.0	-0.0	-0.0	0.0	-0.0	0.0	-0.0	-0.0	-0.0	-0.0	-0.0	-0.0	-0.0026254564768978996	0.0	0.0	-0.011364738493799018	-0.0	0.0	0.0	-0.0	0.0	0.0	-0.0025903840748269435	-0.0	0.0	-0.0	0.0	0.0	0.0	-0.0	0.0	-0.0	0.0	0.0	0.0	0.0	-0.0	-0.0	0.0
-0.0	-0.07010515031230383	-0.037792210565375725	0.01299361025754448	0.023457228472018764	0.0	0.0	0.0	0.0	0.0	0.0	0.0	0.0	-0.0	-0.0	0.0	-0.0	-0.0	-0.0	0.0	-0.0	0.0	0.0006949393055202147	-0.0	0.0	0.004128489605205214	0.0	0.0	-0.0	-0.0	-0.0	0.0	-0.01204434055229754	0.0	-0.0	-0.0	-0.0	-0.0	0.0	0.0	-0.0	-0.0	-0.0	0.0	-0.0	0.0	0.0	0.0	-0.0
-0.0	-0.017716790703924564	-0.07724128213674918	-0.009774032112184137	-0.07280343102024682	-0.0	-0.0	-0.0	-0.0	0.0	-0.0	-0.0	-0.0	-0.0	0.0	0.0	-0.0	0.0	-0.0	-0.0	-0.0	-0.0	0.0008902567044859862	-0.0	-0.0	0.06154457020739747	-0.0	-0.0	-0.0	0.0	-0.0	-0.0	0.014426737584620129	-0.0	0.0	0.0	-0.0	-0.0	-0.0	-0.0	0.0	-0.0	-0.0	0.0	-0.0	-0.0	0.0	0.0	-0.0
0.0	-0.0034290562652757425	-0.1285250751795347	-0.013422692748358594	-0.09076851231824624	-0.0	-0.0	0.0	0.0	0.0	-0.0	-0.0	-0.0	-0.0	0.0	0.0	-0.0	-0.0	-0.0	-0.0	0.0	-0.0	0.007921683067253759	0.0	-0.0	0.07886053102393156	-0.0	-0.0	-0.0	-0.0	-0.0	-0.0	-0.01204434055229754	0.0	0.0	0.0	-0.0	-0.0	-0.0	-0.0	0.0	0.0	-0.0	0.0	-0.0	-0.0	-0.0	-0.0	0.0
0.0	-0.1415438225055482	-0.24292738273651782	-0.007146996454138528	-0.07838552548054786	-0.0	-0.0	-0.0	-0.0	-0.0	-0.0	-0.0	-0.0	-0.0	-0.0	-0.0	0.0	0.0	-0.0	-0.0	-0.0	-0.0	-0.0034067260727609857	-0.0	0.0	-0.030503432027863077	0.0	-0.0	0.0	0.0	0.0	-0.0	0.003081989811655414	-0.0	-0.0	-0.0	-0.0	-0.0	-0.0	0.0	0.0	0.0	0.0	0.0	0.0	0.0	-0.0	-0.0	0.0
-0.0	0.06324703778175235	-0.014122767622551727	-0.006125371476009681	-0.025806583337013585	-0.0	-0.0	0.0	0.0	0.0	0.0	-0.0	-0.0	0.0	-0.0	-0.0	-0.0	-0.0	-0.0	0.0	-0.0	-0.0	0.0014762089013833004	-0.0	-0.0	0.026001282215564157	-0.0	0.0	0.0	-0.0	0.0	0.0	0.03333465053956132	0.0	0.0	0.0	0.0	0.0	-0.0	0.0	0.0	0.0	0.0	-0.0	-0.0	-0.0	0.0	0.0	0.0
-0.0	0.0775347722204012	0.3133045264198481	-0.008168621432267376	-0.03494756771523582	-0.0	-0.0	-0.0	-0.0	0.0	0.0	-0.0	-0.0	-0.0	-0.0	-0.0	0.0	-0.0	-0.0	-0.0	0.0	-0.0	-0.003602043471726757	0.0	0.0	-0.0341488974629229	-0.0	-0.0	0.0	0.0	-0.0	-0.0	-0.01015354925680342	-0.0	-0.0	-0.0	-0.0	-0.0	-0.0	0.0	0.0	-0.0	0.0	0.0	0.0	0.0	0.0	0.0	-0.0
0.0	-0.10344319733581783	0.04110593257737113	4.378392763409917e-06	-0.04382041655169686	0.0	0.0	0.0	-0.0	-0.0	0.0	-0.0	-0.0	-0.0	0.0	-0.0	0.0	-0.0	0.0	0.0	0.0	-0.0	-0.0053599000624186995	0.0	0.0	-0.0778944826836407	0.0	0.0	0.0	0.0	-0.0	-0.0	-0.034733836098226965	-0.0	0.0	-0.0	-0.0	0.0	0.0	-0.0	-0.0	0.0	-0.0	-0.0	0.0	-0.0	-0.0	-0.0	-0.0
-0.0	-0.14630640065176448	-0.32971534019353943	-0.0051037464978808305	-0.07124336968636355	-0.0	-0.0	0.0	0.0	0.0	0.0	-0.0	-0.0	-0.0	0.0	-0.0	-0.0	-0.0	0.0	0.0	0.0	-0.0	0.007531048269322214	0.0	-0.0	0.11713791809205969	-0.0	-0.0	-0.0	-0.0	0.0	0.0	0.006863572402643651	0.0	0.0	0.0	0.0	0.0	0.0	0.0	0.0	0.0	0.0	0.0	-0.0	-0.0	-0.0	-0.0	0.0
-0.0	0.1156353973901315	0.2659656405341999	-0.000433460883577526	0.062361257985732596	-0.0	-0.0	-0.0	-0.0	-0.0	-0.0	-0.0	-0.0	-0.0	0.0	-0.0	0.0	-0.0	-0.0	-0.0	0.0	-0.0	0.0012808915024175292	-0.0	0.0	-0.018655669363918666	0.0	-0.0	-0.0	0.0	0.0	0.0	0.008754363698137771	-0.0	0.0	0.0	0.0	0.0	0.0	0.0	0.0	0.0	-0.0	-0.0	-0.0	0.0	0.0	0.0	0.0
0.0	0.025146412612021985	-0.029902396251101058	-0.008168621432267376	-0.05374143159686073	-0.0	0.0	-0.0	-0.0	-0.0	-0.0	-0.0	-0.0	0.0	-0.0	0.0	-0.0	0.0	-0.0	-0.0	0.0	-0.0	-0.0012582346841374995	-0.0	0.0	-0.0077192730587391945	-0.0	-0.0	-0.0	-0.0	-0.0	-0.0	-0.0006995927793328246	-0.0	-0.0	0.0	0.0	0.0	0.0	0.0	0.0	0.0	0.0	-0.0	0.0	-0.0	0.0	-0.0	0.0
0.0	-0.1272560880668993	-0.02201258193682639	-0.0017469787126003315	-0.05549650059747939	0.0	0.0	0.0	0.0	-0.0	0.0	-0.0	-0.0	-0.0	-0.0	0.0	-0.0	-0.0	-0.0	-0.0	0.0	0.0	0.0006949393055202147	0.0	-0.0	0.03146948036815393	0.0	-0.0	0.0	0.0	-0.0	-0.0	-0.01204434055229754	-0.0	0.0	-0.0	-0.0	-0.0	-0.0	-0.0	0.0	-0.0	-0.0	-0.0	-0.0	0.0	-0.0	-0.0	-0.0
0.0	-0.017716790703924564	0.009546675320272407	-0.0024767108398352227	-0.03348501021472026	-0.0	0.0	0.0	0.0	0.0	0.0	0.0	0.0	-0.0	-0.0	-0.0	-0.0	-0.0	-0.0	-0.0	0.0	-0.0	0.004405969885869872	0.0	-0.0	0.02508991585679922	0.0	-0.0	-0.0	-0.0	0.0	-0.0	-0.0044811753703210624	0.0	0.0	-0.0	0.0	0.0	-0.0	-0.0	-0.0	-0.0	-0.0	-0.0	0.0	-0.0	0.0	0.0	0.0
-0.0	0.09182250665905008	0.3764230409340456	-0.013130799897464638	-0.07048771497776385	-0.0	-0.0	0.0	0.0	0.0	-0.0	-0.0	0.0	0.0	0.0	-0.0	0.0	-0.0	-0.0	-0.0	0.0	-0.0	0.0003043045075886718	-0.0	0.0	-0.016832936646388717	-0.0	-0.0	0.0	0.0	-0.0	-0.0	0.008754363698137771	-0.0	-0.0	0.0	0.0	-0.0	-0.0	-0.0	-0.0	-0.0	-0.0	-0.0	0.0	-0.0	-0.0	-0.0	-0.0
0.0	-0.041529681435006016	0.009546675320272407	-0.011525389217547878	-0.08545455339970638	-0.0	-0.0	0.0	0.0	-0.0	-0.0	0.0	-0.0	0.0	0.0	0.0	-0.0	0.0	0.0	0.0	-0.0	-0.0	-0.0010629172851717283	0.0	0.0	-0.019567035722683604	-0.0	0.0	0.0	0.0	-0.0	-0.0	-0.013935131847791658	-0.0	0.0	0.0	0.0	0.0	0.0	0.0	-0.0	-0.0	-0.0	-0.0	-0.0	0.0	0.0	0.0	0.0
-0.0	-0.09391804104338528	0.021381396791684402	-0.006417264326903636	-0.0692201651439837	-0.0	-0.0	0.0	0.0	0.0	-0.0	-0.0	-0.0	-0.0	-0.0	-0.0	-0.0	-0.0	-0.0	-0.0	-0.0	-0.0	0.0014762089013833004	0.0	-0.0	0.007773955040265039	0.0	-0.0	-0.0	-0.0	-0.0	-0.0	-0.02527987962075637	0.0	-0.0	0.0	-0.0	0.0	0.0	-0.0	0.0	0.0	0.0	0.0	-0.0	-0.0	0.0	-0.0	-0.0
-0.0	-0.05581741587365493	-0.05751674635106245	-0.003206442967070114	-0.047476810302985756	-0.0	-0.0	0.0	0.0	0.0	0.0	-0.0	-0.0	-0.0	-0.0	-0.0	0.0	0.0	-0.0	-0.0	-0.0	-0.0	-0.0012582346841374995	-0.0	0.0	0.008685321399030055	0.0	0.0	0.0	0.0	0.0	0.0	0.012535946289126009	-0.0	-0.0	-0.0	-0.0	-0.0	0.0	-0.0	0.0	-0.0	-0.0	0.0	-0.0	0.0	0.0	0.0	-0.0
0.0	-0.0034290562652757425	-0.11274544655098538	-0.0052496929233278086	-0.0445029433852708	-0.0	-0.0	-0.0	-0.0	0.0	-0.0	-0.0	-0.0	0.0	0.0	-0.0	0.0	0.0	0.0	0.0	-0.0	0.0	0.0010855741034517578	-0.0	-0.0	0.027824014933094113	-0.0	0.0	0.0	0.0	0.0	0.0	0.016317528880114247	-0.0	0.0	-0.0	-0.0	-0.0	-0.0	0.0	-0.0	0.0	-0.0	-0.0	0.0	0.0	-0.0	0.0	0.0
0.0	-0.027241946996357194	-0.07724128213674918	0.0005881640945513235	-0.020370744626764102	0.0	-0.0	0.0	0.0	-0.0	0.0	-0.0	0.0	-0.0	-0.0	-0.0	-0.0	-0.0	-0.0	-0.0	-0.0	-0.0	0.0022574784972463863	0.0	-0.0	0.058810471131102576	-0.0	0.0	0.0	-0.0	-0.0	-0.0	0.03333465053956132	0.0	0.0	0.0	0.0	0.0	0.0	0.0	0.0	0.0	0.0	0.0	-0.0	-0.0	0.0	0.0	0.0
0.0	-0.017716790703924564	-0.02201258193682639	0.01999903867899944	0.08761475082796788	0.0	-0.0	-0.0	0.0	-0.0	0.0	-0.0	-0.0	-0.0	-0.0	-0.0	0.0	-0.0	0.0	0.0	-0.0	-0.0	0.0003043045075886718	-0.0	-0.0	0.02508991585679922	0.0	0.0	0.0	0.0	0.0	-0.0	0.01064515499363189	-0.0	-0.0	-0.0	0.0	0.0	0.0	-0.0	0.0	0.0	0.0	0.0	0.0	-0.0	-0.0	-0.0	-0.0
-0.0	0.2013618040220248	0.198902218862865	0.005988181836089519	0.40774421173248143	-0.0	-0.0	0.0	0.0	0.0	-0.0	0.0	0.0	-0.0	-0.0	0.0	-0.0	0.0	-0.0	-0.0	-0.0	-0.0	-0.0006722824872401853	-0.0	0.0	0.026001282215564157	0.0	0.0	0.0	0.0	-0.0	-0.0	0.004972781107149533	-0.0	0.0	-0.0	0.0	0.0	0.0	0.0	0.0	0.0	0.0	-0.0	0.0	0.0	-0.0	-0.0	0.0
-0.0	0.0965850848052664	-0.0022880461511396613	0.02656662782411346	0.27994106214576364	0.0	-0.0	-0.0	-0.0	-0.0	-0.0	0.0	0.0	0.0	-0.0	-0.0	-0.0	0.0	-0.0	-0.0	-0.0	-0.0	0.002452795896212158	-0.0	-0.0	0.03329221308568381	-0.0	0.0	0.0	0.0	-0.0	0.0	0.0314438592440672	0.0	-0.0	0.0	0.0	0.0	-0.0	-0.0	0.0	0.0	-0.0	0.0	0.0	-0.0	-0.0	0.0	0.0
-0.0	0.10611024109769897	0.14367351866294215	0.01299361025754448	0.1765138709009718	0.0	-0.0	-0.0	-0.0	-0.0	0.0	0.0	0.0	0.0	-0.0	-0.0	-0.0	-0.0	-0.0	-0.0	-0.0	-0.0	0.0028434306941437005	-0.0	-0.0	0.00048302417014538945	-0.0	0.0	0.0	0.0	-0.0	-0.0	0.0011911985161612946	0.0	0.0	-0.0	0.0	0.0	0.0	0.0	-0.0	0.0	0.0	-0.0	0.0	-0.0	0.0	-0.0	0.0
-0.0	0.08229735036661752	0.0016568610059976704	-0.0033523893925170925	0.006515937424380224	-0.0	-0.0	0.0	0.0	0.0	-0.0	0.0	0.0	-0.0	-0.0	-0.0	-0.0	-0.0	-0.0	-0.0	-0.0	-0.0	0.0012808915024175292	0.0	-0.0	0.02508991585679922	-0.0	0.0	0.0	0.0	-0.0	-0.0	0.004972781107149533	0.0	-0.0	0.0	-0.0	-0.0	-0.0	-0.0	0.0	-0.0	-0.0	-0.0	-0.0	-0.0	-0.0	-0.0	0.0
0.0	0.025146412612021985	0.06083046836305786	-0.00028751445813054825	-0.00406322849601563	-0.0	-0.0	-0.0	0.0	-0.0	-0.0	-0.0	-0.0	-0.0	0.0	0.0	-0.0	-0.0	-0.0	-0.0	-0.0	-0.0	-0.0006722824872401853	-0.0	0.0	-0.012276104852563955	-0.0	0.0	0.0	0.0	-0.0	-0.0	0.018208320175608365	-0.0	0.0	0.0	0.0	-0.0	-0.0	0.0	-0.0	-0.0	-0.0	-0.0	-0.0	0.0	0.0	0.0	-0.0
0.0	0.05848445963553607	0.21862675464855172	0.03050718131118187	0.23803878975599288	0.0	0.0	0.0	0.0	-0.0	-0.0	-0.0	-0.0	-0.0	-0.0	0.0	-0.0	0.0	-0.0	-0.0	-0.0	0.0	0.0004996219065544433	-0.0	-0.0	-0.010453372135034002	0.0	0.0	0.0	0.0	-0.0	-0.0	-0.0082627579613093	-0.0	-0.0	0.0	-0.0	0.0	0.0	-0.0	0.0	0.0	0.0	0.0	-0.0	0.0	-0.0	-0.0	0.0
-0.0	0.1299231318287804	-0.0022880461511396613	0.005550342559748583	0.1450201327232035	-0.0	0.0	-0.0	-0.0	-0.0	0.0	-0.0	-0.0	0.0	-0.0	-0.0	0.0	-0.0	-0.0	-0.0	0.0	-0.0	-8.633029034287104e-05	-0.0	0.0	-0.019567035722683604	0.0	0.0	0.0	0.0	-0.0	0.0	0.03522544183505544	-0.0	0.0	-0.0	0.0	0.0	0.0	0.0	0.0	0.0	-0.0	0.0	0.0	0.0	0.0	0.0	0.0
-0.0	0.07277219407418493	0.1278938900343928	0.017809842297294768	0.1647646589801635	0.0	0.0	-0.0	-0.0	-0.0	0.0	0.0	0.0	0.0	-0.0	0.0	-0.0	-0.0	-0.0	-0.0	0.0	0.0	-8.633029034287104e-05	-0.0	0.0	-0.0077192730587391945	0.0	0.0	0.0	0.0	-0.0	0.0	-0.019607505734274014	-0.0	-0.0	-0.0	-0.0	0.0	0.0	0.0	-0.0	0.0	0.0	-0.0	0.0	-0.0	-0.0	0.0	0.0
-0.0	-0.09391804104338528	-0.029902396251101058	-0.0055415857742217665	-0.06546626755932711	-0.0	-0.0	0.0	0.0	0.0	-0.0	0.0	0.0	-0.0	-0.0	-0.0	0.0	-0.0	-0.0	-0.0	-0.0	-0.0	0.001671526300349072	-0.0	-0.0	0.0533422729785128	-0.0	-0.0	-0.0	-0.0	-0.0	0.0	0.012535946289126009	0.0	0.0	0.0	0.0	0.0	-0.0	-0.0	-0.0	0.0	-0.0	0.0	-0.0	-0.0	-0.0	-0.0	0.0
-0.0	-0.0034290562652757425	0.18312259023431557	-0.010503764239419029	-0.07424161256242046	-0.0	-0.0	-0.0	-0.0	-0.0	-0.0	0.0	0.0	0.0	0.0	0.0	-0.0	0.0	-0.0	-0.0	0.0	0.0	-0.0053599000624186995	0.0	0.0	-0.04690802648563224	0.0	-0.0	0.0	0.0	0.0	-0.0	-0.03095225350723873	-0.0	-0.0	-0.0	-0.0	0.0	0.0	0.0	-0.0	0.0	0.0	-0.0	0.0	0.0	0.0	0.0	0.0
-0.0	0.10611024109769897	0.10027953993443132	-0.006855103603244572	-0.007670870330620681	-0.0	-0.0	0.0	0.0	0.0	0.0	-0.0	-0.0	-0.0	-0.0	-0.0	0.0	0.0	-0.0	-0.0	-0.0	-0.0	0.0014762089013833004	-0.0	-0.0	0.026912648574329092	-0.0	-0.0	-0.0	-0.0	-0.0	-0.0	0.027662276653078965	-0.0	0.0	-0.0	0.0	0.0	0.0	-0.0	0.0	-0.0	-0.0	0.0	-0.0	0.0	0.0	0.0	0.0
0.0	-0.14630640065176448	-0.07724128213674918	-0.0007253537344714817	-0.05481397376390547	0.0	-0.0	0.0	0.0	0.0	-0.0	0.0	-0.0	-0.0	0.0	-0.0	0.0	0.0	0.0	0.0	0.0	0.0	-0.0020395042800005854	0.0	0.0	-0.07880584904240565	0.0	0.0	0.0	0.0	0.0	-0.0	-0.02717067091625049	-0.0	-0.0	0.0	-0.0	0.0	-0.0	-0.0	-0.0	0.0	0.0	-0.0	0.0	-0.0	-0.0	0.0	-0.0
-0.0	-0.06534257216608746	-0.10485563223671071	0.0148909137883552	0.03432890589251774	0.0	0.0	0.0	-0.0	0.0	0.0	-0.0	-0.0	-0.0	0.0	0.0	-0.0	-0.0	-0.0	-0.0	-0.0	-0.0	0.008507635264151072	-0.0	-0.0	0.002305756887675342	0.0	0.0	-0.0	0.0	-0.0	0.0	0.0011911985161612946	0.0	0.0	-0.0	-0.0	0.0	0.0	0.0	0.0	0.0	0.0	-0.0	0.0	0.0	-0.0	-0.0	0.0
0.0	-0.21298249469879255	-0.14035979665094678	-0.003936175094305006	-0.07482663556262667	0.0	0.0	0.0	0.0	0.0	-0.0	-0.0	-0.0	-0.0	0.0	-0.0	-0.0	-0.0	-0.0	-0.0	-0.0	-0.0	0.0022574784972463863	0.0	-0.0	0.008685321399030055	0.0	0.0	-0.0	-0.0	-0.0	0.0	0.0011911985161612946	0.0	0.0	0.0	-0.0	-0.0	-0.0	-0.0	0.0	0.0	0.0	-0.0	-0.0	-0.0	0.0	-0.0	0.0
-0.0	-0.07963030660473638	-0.07329637497961192	-0.015174049853722334	-0.10597911032360804	-0.0	0.0	0.0	0.0	-0.0	-0.0	-0.0	-0.0	0.0	-0.0	0.0	0.0	-0.0	-0.0	-0.0	0.0	-0.0	-0.0004769650882744139	-0.0	0.0	0.002305756887675342	-0.0	-0.0	-0.0	-0.0	-0.0	-0.0	0.003081989811655414	-0.0	-0.0	-0.0	-0.0	-0.0	0.0	0.0	-0.0	-0.0	-0.0	-0.0	-0.0	0.0	0.0	0.0	-0.0
0.0	-0.0034290562652757425	0.009546675320272407	-0.00028751445813054825	-0.01639746341703017	-0.0	0.0	0.0	0.0	-0.0	0.0	-0.0	-0.0	0.0	-0.0	-0.0	0.0	0.0	-0.0	-0.0	-0.0	-0.0	0.00010898710862290037	-0.0	0.0	-0.00863063941750413	-0.0	0.0	-0.0	0.0	0.0	-0.0	-0.0044811753703210624	-0.0	-0.0	-0.0	0.0	-0.0	-0.0	-0.0	-0.0	-0.0	-0.0	-0.0	-0.0	-0.0	-0.0	-0.0	-0.0
0.0	0.025146412612021985	0.0687202826773326	0.01547469949014311	0.09529317770567453	0.0	0.0	-0.0	-0.0	-0.0	-0.0	0.0	0.0	-0.0	0.0	-0.0	0.0	0.0	-0.0	-0.0	-0.0	0.0	-0.0032114086737952143	-0.0	0.0	-0.05237622463822194	-0.0	0.0	0.0	0.0	-0.0	-0.0	-0.0082627579613093	-0.0	0.0	-0.0	0.0	-0.0	-0.0	0.0	-0.0	-0.0	-0.0	-0.0	0.0	-0.0	0.0	-0.0	-0.0
0.0	0.0775347722204012	0.15945314729149154	0.0451018238558797	0.3887309642257792	0.0	0.0	-0.0	-0.0	-0.0	0.0	-0.0	0.0	0.0	0.0	-0.0	0.0	0.0	0.0	0.0	-0.0	-0.0	-0.002820773875863671	-0.0	0.0	-0.018655669363918666	0.0	0.0	0.0	0.0	0.0	-0.0	0.0011911985161612946	-0.0	0.0	0.0	-0.0	0.0	0.0	-0.0	-0.0	0.0	0.0	0.0	0.0	0.0	0.0	0.0	0.0
-0.0	-0.1605941350904133	-0.1916435896937323	0.03955585968889453	0.08912606024516731	0.0	0.0	-0.0	-0.0	-0.0	0.0	0.0	0.0	-0.0	0.0	0.0	-0.0	0.0	-0.0	-0.0	0.0	0.0	0.002648113295177929	-0.0	-0.0	0.04513997574962821	0.0	0.0	0.0	0.0	-0.0	-0.0	-0.0006995927793328246	0.0	0.0	0.0	0.0	0.0	0.0	-0.0	0.0	0.0	0.0	0.0	-0.0	-0.0	-0.0	-0.0	0.0
0.0	0.010858678173373163	-0.029902396251101058	-0.0027686036907291784	-0.025367816086858914	-0.0	-0.0	0.0	0.0	-0.0	-0.0	-0.0	0.0	-0.0	-0.0	-0.0	-0.0	-0.0	-0.0	-0.0	0.0	0.0	0.001671526300349072	-0.0	-0.0	0.04513997574962821	-0.0	-0.0	-0.0	-0.0	-0.0	0.0	0.021989902766596604	0.0	0.0	-0.0	0.0	-0.0	0.0	-0.0	0.0	0.0	-0.0	-0.0	0.0	0.0	-0.0	-0.0	0.0
-0.0	0.015621256319589438	-0.014122767622551727	-0.008752407134055288	-0.05988417309902607	-0.0	0.0	-0.0	-0.0	0.0	-0.0	-0.0	-0.0	0.0	0.0	-0.0	0.0	0.0	0.0	-0.0	-0.0	0.0	0.00010898710862290037	-0.0	0.0	0.028735381291859048	0.0	-0.0	0.0	0.0	-0.0	-0.0	0.0011911985161612946	-0.0	-0.0	-0.0	0.0	0.0	0.0	0.0	0.0	0.0	-0.0	-0.0	-0.0	-0.0	0.0	0.0	-0.0
-0.0	0.0775347722204012	0.06477537552019519	0.002631414050809018	0.05095330948171123	-0.0	-0.0	-0.0	-0.0	0.0	-0.0	0.0	0.0	-0.0	-0.0	-0.0	0.0	-0.0	-0.0	-0.0	-0.0	-0.0	0.0022574784972463863	-0.0	-0.0	-0.0022510749061494177	-0.0	0.0	0.0	0.0	0.0	0.0	0.027662276653078965	-0.0	0.0	-0.0	0.0	-0.0	0.0	0.0	-0.0	-0.0	-0.0	-0.0	-0.0	-0.0	0.0	0.0	-0.0
0.0	0.0775347722204012	0.16339805444862887	0.005988181836089519	0.07764498386612016	0.0	-0.0	-0.0	-0.0	0.0	-0.0	0.0	0.0	-0.0	-0.0	-0.0	0.0	0.0	-0.0	-0.0	0.0	-0.0	0.0011246375832449098	-0.0	0.0	-0.0341488974629229	0.0	0.0	0.0	0.0	-0.0	-0.0	-0.0082627579613093	-0.0	-0.0	-0.0	0.0	-0.0	0.0	0.0	-0.0	-0.0	-0.0	-0.0	0.0	-0.0	0.0	0.0	-0.0
-0.0	0.0013335218809405306	0.05688556120592053	-0.010503764239419029	-0.07336407806211112	-0.0	0.0	0.0	0.0	-0.0	-0.0	-0.0	0.0	-0.0	-0.0	-0.0	0.0	-0.0	-0.0	-0.0	-0.0	0.0	-0.0006722824872401853	-0.0	0.0	-0.004985173982444306	0.0	-0.0	-0.0	-0.0	-0.0	-0.0	-0.0044811753703210624	-0.0	0.0	0.0	-0.0	0.0	-0.0	-0.0	-0.0	-0.0	0.0	-0.0	-0.0	0.0	0.0	0.0	-0.0
-0.0	0.06800961592796863	-0.0022880461511396613	-0.006855103603244572	-0.02907296175483167	-0.0	-0.0	0.0	0.0	0.0	-0.0	-0.0	-0.0	-0.0	0.0	-0.0	-0.0	0.0	-0.0	-0.0	0.0	-0.0	0.001671526300349072	-0.0	-0.0	-0.01318747121132889	-0.0	-0.0	-0.0	-0.0	0.0	0.0	0.027662276653078965	0.0	0.0	0.0	-0.0	-0.0	-0.0	-0.0	0.0	-0.0	-0.0	0.0	-0.0	0.0	-0.0	-0.0	0.0
0.0	0.039434147050670894	-0.010177860465414326	0.03663693117995496	0.24990988146851084	0.0	-0.0	0.0	0.0	0.0	0.0	-0.0	0.0	-0.0	-0.0	0.0	-0.0	0.0	0.0	-0.0	0.0	-0.0	0.0018668436993148434	0.0	-0.0	0.015976252269149702	0.0	0.0	-0.0	0.0	0.0	0.0	-0.034733836098226965	0.0	-0.0	-0.0	-0.0	-0.0	-0.0	-0.0	0.0	0.0	0.0	0.0	-0.0	-0.0	-0.0	-0.0	0.0
0.0	-0.03676710328878974	-0.08513109645102397	-0.00948213926129018	-0.07450974810418164	-0.0	-0.0	0.0	0.0	0.0	-0.0	0.0	0.0	0.0	0.0	-0.0	0.0	-0.0	0.0	0.0	0.0	-0.0	0.004405969885869872	-0.0	-0.0	0.06519003564245729	-0.0	-0.0	-0.0	-0.0	-0.0	-0.0	0.01064515499363189	0.0	0.0	0.0	-0.0	-0.0	0.0	0.0	0.0	0.0	0.0	-0.0	0.0	0.0	-0.0	-0.0	-0.0
0.0	0.10134766295148266	0.22257166180568905	-0.0033523893925170925	0.020775873054406913	-0.0	-0.0	-0.0	-0.0	-0.0	0.0	-0.0	-0.0	-0.0	-0.0	-0.0	0.0	0.0	-0.0	-0.0	0.0	0.0	0.002452795896212158	0.0	-0.0	0.05972183748986751	-0.0	0.0	0.0	0.0	0.0	-0.0	-0.0006995927793328246	-0.0	0.0	-0.0	0.0	-0.0	-0.0	-0.0	0.0	-0.0	0.0	-0.0	0.0	0.0	0.0	0.0	-0.0
0.0	-0.05105483772743865	-0.07329637497961192	0.010366574599498869	0.01936206747057521	0.0	-0.0	-0.0	-0.0	0.0	0.0	-0.0	-0.0	0.0	-0.0	0.0	-0.0	-0.0	-0.0	-0.0	0.0	-0.0	0.0032340654920752433	0.0	-0.0	0.05972183748986751	0.0	-0.0	-0.0	-0.0	-0.0	-0.0	-0.034733836098226965	0.0	0.0	-0.0	-0.0	-0.0	0.0	0.0	-0.0	0.0	0.0	-0.0	-0.0	-0.0	0.0	0.0	0.0
0.0	0.15849860070607816	0.13578370434866746	0.003069253327149954	0.176782006442733	-0.0	-0.0	0.0	0.0	0.0	0.0	-0.0	0.0	-0.0	0.0	0.0	-0.0	-0.0	0.0	0.0	0.0	-0.0	0.0049919220827671865	-0.0	-0.0	0.07886053102393156	-0.0	-0.0	-0.0	-0.0	-0.0	-0.0	0.004972781107149533	0.0	-0.0	-0.0	0.0	-0.0	-0.0	-0.0	0.0	-0.0	-0.0	0.0	-0.0	-0.0	0.0	0.0	0.0
-0.0	-0.03200452514257347	-0.01806767477968899	0.046415341684902515	0.21354095162235737	0.0	0.0	0.0	-0.0	-0.0	0.0	0.0	0.0	0.0	0.0	-0.0	-0.0	-0.0	0.0	0.0	0.0	0.0	0.004601287284835644	0.0	-0.0	0.058810471131102576	0.0	0.0	0.0	0.0	0.0	0.0	0.02388069406209073	0.0	0.0	-0.0	-0.0	0.0	0.0	-0.0	-0.0	0.0	0.0	0.0	0.0	-0.0	-0.0	-0.0	0.0
0.0	-0.15106897879798073	-0.08513109645102397	-0.005395639348774789	-0.07292531081195645	-0.0	0.0	0.0	-0.0	-0.0	-0.0	-0.0	-0.0	0.0	-0.0	-0.0	0.0	-0.0	0.0	0.0	0.0	-0.0	-0.005164582663452928	-0.0	0.0	-0.07516038360734582	-0.0	0.0	0.0	0.0	0.0	0.0	-0.0082627579613093	-0.0	0.0	0.0	-0.0	0.0	-0.0	0.0	-0.0	-0.0	-0.0	-0.0	0.0	0.0	-0.0	-0.0	0.0
0.0	0.0537218814893198	0.0687202826773326	-0.0013091394362593953	0.004175845423555331	-0.0	0.0	0.0	-0.0	-0.0	-0.0	0.0	-0.0	0.0	-0.0	-0.0	0.0	0.0	-0.0	-0.0	-0.0	0.0	-0.004187995668624072	0.0	0.0	-0.0633126209434014	0.0	0.0	0.0	0.0	0.0	-0.0	-0.019607505734274014	-0.0	0.0	-0.0	-0.0	0.0	0.0	0.0	-0.0	0.0	-0.0	0.0	-0.0	0.0	-0.0	0.0	-0.0
-0.0	0.07277219407418493	0.21862675464855172	0.0037989854543848457	0.055926004983464145	-0.0	0.0	0.0	0.0	-0.0	0.0	0.0	-0.0	-0.0	-0.0	-0.0	0.0	0.0	-0.0	-0.0	-0.0	-0.0	0.0022574784972463863	-0.0	-0.0	0.010508054116559926	-0.0	-0.0	-0.0	0.0	-0.0	-0.0	-0.006371966665815182	-0.0	0.0	-0.0	0.0	-0.0	0.0	0.0	0.0	-0.0	-0.0	-0.0	-0.0	0.0	-0.0	-0.0	-0.0
-0.0	-0.07010515031230383	-0.07724128213674918	0.0005881640945513235	-0.03331437850632678	0.0	0.0	0.0	0.0	-0.0	0.0	-0.0	-0.0	-0.0	0.0	0.0	-0.0	-0.0	-0.0	-0.0	0.0	-0.0	-0.000867599886205957	0.0	0.0	-0.010453372135034002	0.0	0.0	0.0	0.0	0.0	-0.0	-0.015825923143285778	-0.0	-0.0	-0.0	0.0	-0.0	0.0	0.0	-0.0	-0.0	0.0	-0.0	0.0	0.0	-0.0	0.0	-0.0
0.0	0.1251605536825641	0.11605916856298074	0.004674664007066717	0.12742069080033294	-0.0	-0.0	0.0	0.0	-0.0	-0.0	0.0	0.0	0.0	-0.0	-0.0	0.0	0.0	0.0	0.0	-0.0	-0.0	0.0003043045075886718	-0.0	-0.0	0.015064885910384684	-0.0	0.0	0.0	0.0	0.0	0.0	0.01064515499363189	-0.0	-0.0	0.0	0.0	-0.0	0.0	0.0	-0.0	-0.0	-0.0	-0.0	0.0	0.0	-0.0	0.0	-0.0
0.0	0.010858678173373163	0.0016568610059976704	0.011534146003074697	0.059948038109881904	0.0	0.0	0.0	0.0	-0.0	-0.0	0.0	-0.0	-0.0	-0.0	0.0	0.0	0.0	0.0	-0.0	-0.0	-0.0	-0.0014535520831032711	0.0	0.0	-0.014098837570093826	0.0	-0.0	-0.0	-0.0	-0.0	-0.0	-0.015825923143285778	-0.0	-0.0	-0.0	-0.0	-0.0	-0.0	-0.0	0.0	0.0	0.0	0.0	0.0	0.0	-0.0	-0.0	0.0
-0.0	-0.22727022913744138	-0.2744866399936165	-0.005395639348774789	-0.08087187323142431	0.0	-0.0	0.0	0.0	-0.0	0.0	-0.0	-0.0	-0.0	0.0	-0.0	0.0	0.0	-0.0	-0.0	0.0	-0.0	0.0006949393055202147	0.0	-0.0	0.03238084672691887	0.0	-0.0	-0.0	-0.0	0.0	0.0	0.025771485357584847	-0.0	-0.0	-0.0	-0.0	-0.0	0.0	-0.0	-0.0	0.0	0.0	0.0	-0.0	-0.0	0.0	0.0	-0.0
0.0	-0.08915546289716893	-0.3336602473506767	-0.016925406959086075	-0.11407192849312746	-0.0	-0.0	0.0	-0.0	0.0	0.0	-0.0	-0.0	0.0	0.0	0.0	-0.0	-0.0	-0.0	-0.0	0.0	-0.0	0.0006949393055202147	-0.0	-0.0	0.06519003564245729	-0.0	-0.0	-0.0	-0.0	0.0	0.0	0.020099111471102486	-0.0	-0.0	-0.0	-0.0	-0.0	0.0	-0.0	0.0	-0.0	-0.0	-0.0	-0.0	0.0	-0.0	-0.0	-0.0
0.0	0.1251605536825641	0.096334632777294	-0.011671335642994855	-0.043211017593148715	-0.0	-0.0	-0.0	-0.0	-0.0	-0.0	0.0	-0.0	0.0	0.0	-0.0	0.0	0.0	-0.0	-0.0	0.0	-0.0	0.0006949393055202147	0.0	-0.0	0.005039855963970231	0.0	0.0	0.0	0.0	0.0	0.0	0.02388069406209073	-0.0	0.0	0.0	0.0	0.0	0.0	0.0	0.0	0.0	-0.0	0.0	0.0	0.0	0.0	0.0	0.0
-0.0	0.0775347722204012	0.096334632777294	-0.0008713001599184594	0.023091589096889884	-0.0	-0.0	-0.0	-0.0	-0.0	0.0	0.0	0.0	-0.0	0.0	-0.0	-0.0	-0.0	-0.0	-0.0	0.0	-0.0	0.002648113295177929	-0.0	-0.0	0.022355816780504335	-0.0	0.0	0.0	-0.0	-0.0	-0.0	0.0011911985161612946	0.0	-0.0	0.0	0.0	0.0	-0.0	-0.0	0.0	0.0	-0.0	0.0	-0.0	-0.0	-0.0	-0.0	0.0
-0.0	-0.16535671323662965	-0.17980886822232026	-0.0059794250505627	-0.0767279603132969	-0.0	-0.0	0.0	0.0	0.0	0.0	-0.0	-0.0	0.0	-0.0	0.0	-0.0	-0.0	-0.0	-0.0	-0.0	-0.0	-0.0006722824872401853	-0.0	-0.0	-0.01592157028762378	0.0	0.0	-0.0	0.0	0.0	0.0	-0.0006995927793328246	-0.0	0.0	-0.0	-0.0	-0.0	-0.0	-0.0	0.0	-0.0	0.0	0.0	0.0	-0.0	-0.0	-0.0	0.0
0.0	0.1251605536825641	0.05688556120592053	0.0013178962217862153	0.09239243866298534	-0.0	-0.0	0.0	0.0	0.0	-0.0	0.0	0.0	0.0	-0.0	0.0	-0.0	0.0	-0.0	-0.0	0.0	-0.0	-0.0018441868810348142	-0.0	0.0	-0.04235119469180748	-0.0	0.0	0.0	0.0	0.0	-0.0	-0.0177167144387799	-0.0	-0.0	-0.0	-0.0	-0.0	0.0	0.0	-0.0	-0.0	-0.0	-0.0	0.0	0.0	-0.0	-0.0	0.0
-0.0	0.11087281924391525	0.13578370434866746	-0.011671335642994855	-0.050255669553965314	-0.0	-0.0	0.0	0.0	0.0	-0.0	-0.0	-0.0	0.0	-0.0	-0.0	0.0	0.0	-0.0	-0.0	0.0	-0.0	-0.0010629172851717283	0.0	0.0	-0.03141479838662801	-0.0	0.0	-0.0	-0.0	-0.0	0.0	-0.0025903840748269435	-0.0	0.0	0.0	-0.0	-0.0	-0.0	-0.0	0.0	0.0	-0.0	-0.0	0.0	-0.0	0.0	0.0	0.0
0.0	0.025146412612021985	0.013491582477409739	-0.0007253537344714817	-0.006817711788653268	-0.0	0.0	0.0	-0.0	0.0	-0.0	-0.0	-0.0	0.0	-0.0	-0.0	0.0	0.0	-0.0	-0.0	0.0	-0.0	0.0013004232423141052	-0.0	-0.0	0.010508054116559926	-0.0	-0.0	-0.0	-0.0	-0.0	0.0	-0.0082627579613093	-0.0	0.0	-0.0	-0.0	-0.0	-0.0	-0.0	0.0	-0.0	0.0	-0.0	-0.0	0.0	-0.0	-0.0	-0.0
0.0	-0.1605941350904133	-0.05751674635106245	0.005696288985195565	-0.0338018976731653	0.0	-0.0	-0.0	-0.0	-0.0	0.0	-0.0	-0.0	-0.0	-0.0	0.0	-0.0	-0.0	-0.0	-0.0	-0.0	0.0	0.011828031046569189	0.0	-0.0	-0.025946600234038237	-0.0	0.0	0.0	0.0	0.0	0.0	-0.0082627579613093	0.0	0.0	-0.0	-0.0	-0.0	-0.0	0.0	0.0	0.0	-0.0	-0.0	-0.0	-0.0	0.0	0.0	0.0
0.0	-0.0748677284585201	0.04110593257737113	0.002777360476255998	-0.02468528925328499	0.0	0.0	-0.0	-0.0	0.0	-0.0	-0.0	-0.0	-0.0	0.0	0.0	-0.0	-0.0	-0.0	-0.0	-0.0	-0.0	0.0008902567044859862	-0.0	-0.0	0.015976252269149702	-0.0	0.0	0.0	0.0	0.0	0.0	-0.0177167144387799	-0.0	0.0	-0.0	-0.0	0.0	0.0	0.0	-0.0	0.0	0.0	0.0	-0.0	-0.0	0.0	0.0	0.0
0.0	-0.07963030660473638	-0.04568202487965053	-0.0034983358179640697	-0.05398519118027999	-0.0	0.0	0.0	-0.0	0.0	0.0	-0.0	-0.0	-0.0	-0.0	0.0	-0.0	-0.0	-0.0	-0.0	-0.0	-0.0	0.002648113295177929	0.0	-0.0	0.026912648574329092	-0.0	0.0	-0.0	-0.0	0.0	0.0	-0.01204434055229754	0.0	0.0	0.0	-0.0	-0.0	-0.0	0.0	-0.0	0.0	0.0	0.0	0.0	-0.0	0.0	0.0	-0.0
0.0	-0.041529681435006016	0.04110593257737113	-0.011817282068441834	-0.08691711090022194	-0.0	-0.0	0.0	0.0	-0.0	-0.0	-0.0	-0.0	-0.0	0.0	0.0	-0.0	0.0	-0.0	-0.0	0.0	-0.0	0.0022574784972463863	-0.0	-0.0	0.035114945803213754	0.0	-0.0	-0.0	0.0	0.0	0.0	-0.02527987962075637	-0.0	-0.0	-0.0	-0.0	-0.0	0.0	-0.0	0.0	0.0	0.0	-0.0	-0.0	0.0	-0.0	-0.0	-0.0
0.0	0.02038383446580571	0.0371610254202338	-0.0024767108398352227	-0.019858849501583658	-0.0	-0.0	-0.0	-0.0	-0.0	0.0	0.0	0.0	-0.0	-0.0	-0.0	0.0	0.0	-0.0	-0.0	-0.0	-0.0	-0.0016488694820690425	0.0	0.0	-0.030503432027863077	-0.0	0.0	0.0	0.0	-0.0	-0.0	-0.015825923143285778	-0.0	-0.0	0.0	0.0	0.0	-0.0	-0.0	0.0	0.0	0.0	0.0	0.0	-0.0	0.0	0.0	-0.0
0.0	-0.06534257216608746	-0.16797414675090816	-0.012692960621123702	-0.09364487540259352	-0.0	-0.0	-0.0	0.0	0.0	-0.0	-0.0	-0.0	0.0	0.0	-0.0	0.0	0.0	-0.0	-0.0	0.0	-0.0	0.0004996219065544433	-0.0	-0.0	0.026001282215564157	-0.0	-0.0	-0.0	-0.0	-0.0	-0.0	0.004972781107149533	-0.0	0.0	0.0	-0.0	-0.0	-0.0	0.0	-0.0	-0.0	-0.0	-0.0	-0.0	0.0	0.0	0.0	-0.0
-0.0	-0.09868061918960155	-0.09302091076529866	-0.00028751445813054825	-0.04401542421843226	0.0	0.0	-0.0	-0.0	-0.0	-0.0	-0.0	-0.0	-0.0	0.0	0.0	-0.0	0.0	-0.0	-0.0	0.0	-0.0	-0.02020402238381733	0.0	0.0	-0.11070367159917913	0.0	0.0	-0.0	0.0	-0.0	-0.0	0.003081989811655414	-0.0	-0.0	-0.0	-0.0	-0.0	0.0	0.0	0.0	-0.0	-0.0	-0.0	0.0	-0.0	0.0	0.0	-0.0
-0.0	0.1299231318287804	0.0016568610059976704	-0.00787672858137342	0.0003244440055310342	-0.0	-0.0	-0.0	-0.0	0.0	0.0	-0.0	-0.0	-0.0	0.0	-0.0	0.0	-0.0	-0.0	-0.0	0.0	0.0	-0.0012582346841374995	-0.0	0.0	-0.025946600234038237	-0.0	-0.0	0.0	-0.0	0.0	0.0	0.03333465053956132	-0.0	0.0	-0.0	0.0	-0.0	0.0	0.0	0.0	0.0	-0.0	0.0	0.0	0.0	0.0	0.0	-0.0
0.0	-0.0034290562652757425	-0.006232953308277063	-0.0059794250505627	-0.04862248034505627	-0.0	0.0	0.0	0.0	-0.0	0.0	-0.0	0.0	-0.0	-0.0	0.0	-0.0	-0.0	-0.0	-0.0	0.0	0.0	0.003624700290006786	0.0	-0.0	0.04422860939086328	0.0	0.0	0.0	0.0	0.0	-0.0	-0.0082627579613093	0.0	-0.0	0.0	0.0	0.0	-0.0	-0.0	0.0	0.0	0.0	0.0	-0.0	-0.0	0.0	0.0	0.0
0.0	-0.1320186662131156	-0.11274544655098538	-0.004811853646986875	-0.06822075085196475	-0.0	-0.0	-0.0	0.0	0.0	0.0	-0.0	-0.0	-0.0	-0.0	0.0	-0.0	-0.0	0.0	0.0	0.0	-0.0	-0.0012582346841374995	-0.0	-0.0	0.026001282215564157	-0.0	-0.0	-0.0	-0.0	-0.0	-0.0	-0.01015354925680342	0.0	-0.0	0.0	0.0	0.0	0.0	-0.0	0.0	0.0	0.0	0.0	-0.0	-0.0	0.0	0.0	0.0
-0.0	0.0775347722204012	-0.006232953308277063	-0.0027686036907291784	0.008002870883237706	-0.0	0.0	0.0	-0.0	0.0	0.0	-0.0	-0.0	-0.0	0.0	-0.0	-0.0	0.0	-0.0	-0.0	0.0	0.0	0.004796604683801415	0.0	-0.0	0.060633203848632446	0.0	-0.0	-0.0	-0.0	0.0	0.0	-0.01015354925680342	0.0	-0.0	-0.0	0.0	-0.0	-0.0	-0.0	-0.0	0.0	-0.0	-0.0	-0.0	-0.0	-0.0	0.0	-0.0
-0.0	0.10134766295148266	0.14761842582007953	-0.004957800072433853	0.006272177840960961	-0.0	0.0	-0.0	-0.0	-0.0	-0.0	-0.0	-0.0	0.0	-0.0	-0.0	0.0	-0.0	-0.0	-0.0	0.0	-0.0	-0.0006722824872401853	0.0	0.0	-0.006807906699974177	0.0	-0.0	-0.0	-0.0	-0.0	-0.0	0.004972781107149533	-0.0	0.0	-0.0	0.0	0.0	0.0	0.0	-0.0	-0.0	-0.0	0.0	0.0	0.0	-0.0	0.0	-0.0
-0.0	-0.08915546289716893	-0.01806767477968899	-0.005833478625115723	-0.06595378672616561	-0.0	-0.0	0.0	0.0	0.0	-0.0	0.0	-0.0	-0.0	-0.0	-0.0	0.0	-0.0	-0.0	-0.0	0.0	0.0	0.001671526300349072	-0.0	-0.0	0.01871035134544451	-0.0	-0.0	0.0	-0.0	-0.0	0.0	0.014426737584620129	-0.0	-0.0	-0.0	0.0	0.0	0.0	0.0	0.0	-0.0	-0.0	-0.0	-0.0	0.0	0.0	0.0	-0.0
-0.0	-0.008191634411492017	0.0687202826773326	-0.011963228493888811	-0.08323634119059113	-0.0	-0.0	-0.0	-0.0	0.0	-0.0	-0.0	-0.0	-0.0	0.0	-0.0	0.0	0.0	-0.0	-0.0	-0.0	-0.0	-0.002820773875863671	-0.0	0.0	-0.04873075920316212	0.0	-0.0	-0.0	-0.0	-0.0	-0.0	-0.0082627579613093	-0.0	-0.0	0.0	-0.0	-0.0	-0.0	0.0	-0.0	0.0	0.0	-0.0	-0.0	0.0	0.0	-0.0	-0.0
0.0	-0.1605941350904133	0.2146818474914144	-0.014298371301040466	-0.10639350161542079	-0.0	-0.0	-0.0	0.0	-0.0	-0.0	-0.0	-0.0	-0.0	0.0	0.0	-0.0	0.0	-0.0	-0.0	-0.0	-0.0	-0.002820773875863671	-0.0	0.0	-0.054198957355751885	0.0	-0.0	-0.0	-0.0	-0.0	-0.0	-0.02717067091625049	-0.0	0.0	-0.0	-0.0	0.0	-0.0	0.0	0.0	-0.0	0.0	0.0	-0.0	0.0	0.0	0.0	0.0
-0.0	0.06800961592796863	-0.04173711772251313	-0.0037902286688580255	-0.005818297496634295	-0.0	-0.0	0.0	0.0	0.0	0.0	-0.0	-0.0	0.0	0.0	-0.0	-0.0	0.0	-0.0	-0.0	-0.0	-0.0	0.002452795896212158	-0.0	-0.0	0.02964674765062398	-0.0	-0.0	-0.0	-0.0	-0.0	0.0	0.014426737584620129	0.0	0.0	0.0	-0.0	-0.0	0.0	-0.0	-0.0	0.0	-0.0	0.0	-0.0	-0.0	0.0	0.0	0.0
-0.0	-0.20821991655257618	-0.11669035370812264	-0.0010172465853654398	-0.06478374072575319	0.0	-0.0	-0.0	0.0	0.0	0.0	0.0	0.0	-0.0	-0.0	0.0	-0.0	-0.0	0.0	0.0	-0.0	0.0	0.0003043045075886718	0.0	0.0	-0.02868069931033312	0.0	0.0	0.0	0.0	0.0	0.0	-0.049860166462179924	0.0	0.0	-0.0	-0.0	0.0	0.0	-0.0	-0.0	0.0	0.0	0.0	0.0	-0.0	-0.0	0.0	-0.0
-0.0	0.0537218814893198	0.009546675320272407	0.011971985279415632	0.09855955612349261	0.0	-0.0	-0.0	-0.0	-0.0	0.0	0.0	0.0	0.0	-0.0	-0.0	0.0	0.0	0.0	-0.0	0.0	-0.0	-0.0032114086737952143	-0.0	0.0	-0.010453372135034002	-0.0	0.0	-0.0	-0.0	0.0	-0.0	0.012535946289126009	-0.0	0.0	0.0	-0.0	0.0	-0.0	-0.0	0.0	-0.0	-0.0	-0.0	0.0	0.0	-0.0	-0.0	0.0
-0.0	-0.027241946996357194	-0.0022880461511396613	-0.0029145501161761565	-0.03865271338320857	-0.0	0.0	0.0	0.0	0.0	0.0	0.0	0.0	-0.0	-0.0	-0.0	-0.0	-0.0	-0.0	-0.0	0.0	-0.0	0.002648113295177929	0.0	-0.0	0.01688761862791464	0.0	0.0	-0.0	-0.0	-0.0	-0.0	0.008754363698137771	0.0	-0.0	0.0	-0.0	-0.0	0.0	0.0	-0.0	-0.0	0.0	-0.0	-0.0	0.0	-0.0	-0.0	-0.0
0.0	0.044196725196887165	0.08449991130588193	0.003069253327149954	0.0287468114322167	0.0	-0.0	0.0	0.0	-0.0	0.0	-0.0	-0.0	0.0	-0.0	-0.0	-0.0	-0.0	-0.0	-0.0	-0.0	-0.0	0.0077263656682879855	0.0	-0.0	0.02508991585679922	-0.0	0.0	0.0	-0.0	-0.0	-0.0	-0.0082627579613093	0.0	-0.0	0.0	0.0	0.0	-0.0	-0.0	-0.0	0.0	0.0	-0.0	0.0	-0.0	-0.0	-0.0	-0.0
0.0	0.0870599285128338	0.04505083973450846	-0.010503764239419029	-0.04991440613717835	-0.0	-0.0	-0.0	-0.0	-0.0	0.0	-0.0	-0.0	-0.0	-0.0	-0.0	0.0	-0.0	-0.0	-0.0	0.0	-0.0	-0.0010629172851717283	-0.0	0.0	-0.0341488974629229	-0.0	-0.0	-0.0	-0.0	0.0	-0.0	-0.01204434055229754	-0.0	-0.0	-0.0	0.0	-0.0	-0.0	0.0	-0.0	-0.0	-0.0	-0.0	-0.0	-0.0	0.0	0.0	-0.0
0.0	0.05848445963553607	-0.006232953308277063	-0.012838907046570681	-0.0767279603132969	-0.0	-0.0	-0.0	-0.0	0.0	0.0	0.0	0.0	0.0	0.0	0.0	0.0	-0.0	0.0	0.0	0.0	0.0	0.0010855741034517578	-0.0	-0.0	0.008685321399030055	-0.0	-0.0	-0.0	-0.0	0.0	0.0	-0.019607505734274014	-0.0	-0.0	-0.0	0.0	0.0	-0.0	-0.0	0.0	0.0	-0.0	-0.0	-0.0	0.0	0.0	0.0	-0.0
-0.0	0.06324703778175235	-0.04568202487965053	-0.0033523893925170925	-0.005233274496428086	-0.0	-0.0	0.0	0.0	0.0	-0.0	0.0	0.0	-0.0	-0.0	0.0	-0.0	-0.0	-0.0	-0.0	0.0	-0.0	0.0018668436993148434	-0.0	-0.0	0.02417854949803429	-0.0	0.0	-0.0	-0.0	-0.0	-0.0	-0.006371966665815182	0.0	0.0	0.0	-0.0	-0.0	0.0	0.0	0.0	0.0	0.0	-0.0	-0.0	-0.0	0.0	0.0	-0.0
-0.0	0.015621256319589438	-0.0022880461511396613	-0.010649710664866007	-0.07141400139475704	-0.0	0.0	0.0	0.0	0.0	0.0	-0.0	-0.0	-0.0	-0.0	0.0	-0.0	-0.0	-0.0	-0.0	-0.0	-0.0	0.0032340654920752433	0.0	-0.0	0.057899104772337645	0.0	-0.0	-0.0	-0.0	-0.0	0.0	0.012535946289126009	0.0	-0.0	-0.0	0.0	-0.0	-0.0	-0.0	0.0	-0.0	0.0	0.0	0.0	-0.0	-0.0	0.0	-0.0
0.0	-0.06057999401987119	-0.10485563223671071	0.0010260033708922572	-0.028658570463018923	0.0	-0.0	0.0	0.0	0.0	0.0	0.0	0.0	0.0	0.0	-0.0	-0.0	-0.0	-0.0	-0.0	0.0	-0.0	0.001671526300349072	-0.0	-0.0	0.01415351955161975	0.0	0.0	0.0	-0.0	0.0	0.0	0.02388069406209073	0.0	-0.0	-0.0	0.0	-0.0	-0.0	0.0	0.0	0.0	-0.0	0.0	-0.0	-0.0	-0.0	-0.0	-0.0
0.0	0.13468570997499668	0.16339805444862887	0.002193574774468085	0.11664651721320166	-0.0	0.0	0.0	-0.0	-0.0	-0.0	-0.0	-0.0	-0.0	0.0	-0.0	0.0	-0.0	-0.0	-0.0	-0.0	-0.0	-0.0030160912748294424	0.0	0.0	-0.04873075920316212	-0.0	0.0	0.0	0.0	0.0	-0.0	-0.0177167144387799	-0.0	-0.0	-0.0	0.0	0.0	0.0	0.0	-0.0	0.0	0.0	-0.0	0.0	-0.0	-0.0	-0.0	0.0
-0.0	0.044196725196887165	-0.014122767622551727	0.005550342559748583	0.04563935056317139	0.0	-0.0	0.0	0.0	-0.0	0.0	0.0	0.0	0.0	-0.0	0.0	-0.0	-0.0	0.0	0.0	-0.0	0.0	0.0063591438755275865	-0.0	-0.0	0.09070829368787597	-0.0	0.0	0.0	0.0	-0.0	-0.0	-0.013935131847791658	0.0	0.0	-0.0	0.0	-0.0	-0.0	-0.0	-0.0	0.0	-0.0	0.0	-0.0	-0.0	-0.0	-0.0	-0.0
0.0	0.0775347722204012	0.18706749739145298	0.008177378217794195	0.09507379408059721	0.0	-0.0	-0.0	-0.0	0.0	0.0	0.0	0.0	-0.0	-0.0	-0.0	0.0	-0.0	-0.0	-0.0	0.0	-0.0	-0.003602043471726757	-0.0	0.0	-0.02047840208144854	-0.0	-0.0	-0.0	-0.0	-0.0	0.0	0.008754363698137771	-0.0	0.0	0.0	-0.0	-0.0	0.0	-0.0	0.0	0.0	0.0	-0.0	-0.0	0.0	0.0	0.0	0.0
-0.0	-0.05581741587365493	0.10422444709156867	0.021020663657128288	0.06813836011276905	0.0	0.0	0.0	-0.0	0.0	0.0	0.0	0.0	-0.0	0.0	0.0	-0.0	0.0	-0.0	-0.0	0.0	-0.0	-0.002820773875863671	0.0	0.0	-0.03779436289798272	0.0	0.0	0.0	0.0	-0.0	0.0	-0.034733836098226965	-0.0	0.0	-0.0	0.0	0.0	0.0	0.0	0.0	0.0	0.0	-0.0	0.0	-0.0	0.0	0.0	0.0
0.0	-0.027241946996357194	-0.1324699823366721	-0.000433460883577526	-0.025684703545303965	0.0	-0.0	-0.0	-0.0	-0.0	0.0	-0.0	-0.0	-0.0	0.0	0.0	-0.0	0.0	-0.0	-0.0	-0.0	0.0	-0.0010629172851717283	-0.0	0.0	-0.02412386751650836	-0.0	0.0	0.0	0.0	0.0	0.0	0.016317528880114247	-0.0	-0.0	-0.0	-0.0	0.0	0.0	0.0	0.0	0.0	-0.0	-0.0	-0.0	0.0	0.0	0.0	-0.0
-0.0	-0.09868061918960155	-0.04568202487965053	-0.0021848179889412647	-0.05203511451292592	0.0	0.0	0.0	0.0	-0.0	-0.0	0.0	0.0	-0.0	-0.0	-0.0	-0.0	-0.0	-0.0	-0.0	-0.0	-0.0	0.002062161098280615	-0.0	-0.0	0.01871035134544451	-0.0	0.0	-0.0	-0.0	-0.0	-0.0	0.003081989811655414	0.0	-0.0	-0.0	0.0	0.0	0.0	-0.0	-0.0	0.0	0.0	-0.0	0.0	-0.0	-0.0	-0.0	-0.0
0.0	-0.0034290562652757425	-0.12063526086526004	-0.007438889305032483	-0.05688593022296917	-0.0	-0.0	0.0	0.0	0.0	-0.0	-0.0	-0.0	0.0	-0.0	-0.0	-0.0	0.0	-0.0	-0.0	0.0	-0.0	-0.0004769650882744139	-0.0	0.0	-0.009542005776269067	-0.0	-0.0	-0.0	-0.0	-0.0	-0.0	0.029553067948573084	0.0	-0.0	0.0	0.0	-0.0	0.0	0.0	0.0	0.0	0.0	0.0	0.0	0.0	0.0	0.0	0.0
0.0	0.029908990758238344	-0.010177860465414326	-0.0034983358179640697	-0.022345197252460095	-0.0	-0.0	0.0	0.0	0.0	-0.0	-0.0	-0.0	-0.0	-0.0	-0.0	0.0	0.0	-0.0	-0.0	0.0	-0.0	-0.0026254564768978996	-0.0	0.0	-0.0341488974629229	-0.0	-0.0	0.0	0.0	-0.0	-0.0	-0.0025903840748269435	-0.0	-0.0	-0.0	0.0	-0.0	-0.0	-0.0	0.0	-0.0	-0.0	-0.0	-0.0	0.0	-0.0	0.0	0.0
-0.0	0.0870599285128338	0.0687202826773326	-0.0020388715634942866	0.020775873054406913	-0.0	0.0	-0.0	-0.0	-0.0	-0.0	-0.0	0.0	0.0	-0.0	0.0	-0.0	-0.0	-0.0	-0.0	0.0	-0.0	0.0014762089013833004	-0.0	-0.0	0.035114945803213754	-0.0	0.0	0.0	-0.0	-0.0	-0.0	0.003081989811655414	0.0	-0.0	-0.0	-0.0	-0.0	0.0	-0.0	-0.0	-0.0	-0.0	-0.0	0.0	-0.0	-0.0	-0.0	-0.0
-0.0	0.06324703778175235	0.02927121110595914	-0.00860646070860831	-0.04423480784350961	-0.0	-0.0	0.0	0.0	-0.0	-0.0	-0.0	-0.0	-0.0	-0.0	0.0	-0.0	-0.0	-0.0	-0.0	-0.0	-0.0	-0.0020395042800005854	-0.0	0.0	-0.05328759099698695	0.0	0.0	0.0	0.0	-0.0	-0.0	-0.006371966665815182	-0.0	0.0	0.0	-0.0	0.0	0.0	0.0	-0.0	0.0	0.0	0.0	0.0	0.0	-0.0	0.0	0.0
-0.0	0.0775347722204012	0.13578370434866746	-0.010065924963078093	-0.05003628592888798	-0.0	-0.0	-0.0	-0.0	-0.0	-0.0	-0.0	-0.0	-0.0	0.0	-0.0	0.0	0.0	-0.0	-0.0	-0.0	-0.0	0.00010898710862290037	-0.0	0.0	-0.005896540341209242	0.0	-0.0	-0.0	-0.0	-0.0	-0.0	0.020099111471102486	-0.0	-0.0	0.0	0.0	-0.0	-0.0	0.0	-0.0	0.0	-0.0	-0.0	-0.0	0.0	0.0	0.0	-0.0
-0.0	0.044196725196887165	0.08449991130588193	-0.01035781781397205	-0.06280928810005718	-0.0	0.0	0.0	-0.0	-0.0	0.0	0.0	0.0	-0.0	-0.0	0.0	-0.0	-0.0	-0.0	-0.0	0.0	-0.0	0.001671526300349072	-0.0	-0.0	0.04605134210839315	-0.0	0.0	-0.0	0.0	-0.0	-0.0	-0.015825923143285778	-0.0	-0.0	-0.0	-0.0	0.0	-0.0	-0.0	-0.0	0.0	0.0	-0.0	0.0	-0.0	0.0	0.0	0.0
-0.0	0.08229735036661752	0.013491582477409739	-0.008752407134055288	-0.03748266738279611	-0.0	0.0	-0.0	-0.0	0.0	-0.0	-0.0	-0.0	-0.0	-0.0	0.0	-0.0	0.0	-0.0	-0.0	-0.0	0.0	0.0040153350879383294	0.0	-0.0	0.056987738413572624	0.0	-0.0	-0.0	-0.0	0.0	0.0	0.008754363698137771	0.0	-0.0	-0.0	-0.0	0.0	0.0	0.0	-0.0	0.0	0.0	0.0	0.0	-0.0	0.0	0.0	-0.0
0.0	-0.1605941350904133	-0.1285250751795347	-0.00014156803268356775	-0.05500898143064087	0.0	0.0	0.0	0.0	0.0	0.0	-0.0	-0.0	-0.0	0.0	-0.0	0.0	0.0	0.0	0.0	0.0	-0.0	-0.0020395042800005854	-0.0	0.0	-0.022301134798978488	0.0	-0.0	-0.0	-0.0	-0.0	-0.0	-0.0006995927793328246	-0.0	0.0	0.0	0.0	-0.0	0.0	-0.0	0.0	-0.0	-0.0	0.0	0.0	-0.0	0.0	-0.0	0.0
0.0	0.025146412612021985	-0.11669035370812264	-0.0023307644143882424	-0.016933734500552536	-0.0	0.0	-0.0	-0.0	0.0	0.0	-0.0	-0.0	0.0	-0.0	-0.0	-0.0	-0.0	-0.0	-0.0	0.0	0.0	0.0014762089013833004	0.0	-0.0	0.01688761862791464	-0.0	-0.0	0.0	-0.0	-0.0	0.0	0.012535946289126009	0.0	0.0	0.0	0.0	0.0	-0.0	-0.0	0.0	0.0	0.0	0.0	-0.0	-0.0	0.0	0.0	0.0
-0.0	0.07277219407418493	-0.06540656066533726	-0.007584835730479463	-0.03250997188104322	-0.0	-0.0	-0.0	-0.0	0.0	0.0	-0.0	-0.0	0.0	0.0	-0.0	0.0	-0.0	-0.0	-0.0	-0.0	-0.0	0.0004996219065544433	-0.0	0.0	-0.005896540341209242	0.0	-0.0	-0.0	0.0	-0.0	0.0	0.03333465053956132	-0.0	0.0	0.0	0.0	0.0	0.0	-0.0	-0.0	-0.0	-0.0	-0.0	-0.0	0.0	0.0	0.0	-0.0
-0.0	-0.1415438225055482	-0.11274544655098538	0.002339521199915062	-0.04238223500952322	0.0	0.0	0.0	-0.0	0.0	0.0	-0.0	-0.0	-0.0	-0.0	-0.0	-0.0	-0.0	-0.0	-0.0	-0.0	0.0	0.0012808915024175292	-0.0	-0.0	0.005951222322735166	-0.0	-0.0	-0.0	-0.0	0.0	0.0	0.003081989811655414	0.0	-0.0	-0.0	-0.0	0.0	-0.0	0.0	0.0	0.0	0.0	0.0	0.0	-0.0	0.0	0.0	-0.0
-0.0	0.015621256319589438	-0.014122767622551727	0.012409824555756564	0.06865025523794949	0.0	-0.0	-0.0	-0.0	-0.0	-0.0	-0.0	-0.0	0.0	-0.0	-0.0	-0.0	-0.0	-0.0	-0.0	-0.0	0.0	0.004210652486904101	-0.0	-0.0	0.06701276835998717	-0.0	0.0	0.0	0.0	-0.0	-0.0	0.037116233130549556	0.0	0.0	0.0	0.0	0.0	0.0	0.0	-0.0	-0.0	-0.0	0.0	0.0	0.0	0.0	0.0	-0.0
0.0	0.015621256319589438	-0.014122767622551727	0.0013178962217862153	0.001275106380866148	0.0	-0.0	-0.0	-0.0	-0.0	-0.0	-0.0	-0.0	0.0	-0.0	-0.0	0.0	0.0	0.0	-0.0	0.0	-0.0	-0.0032114086737952143	-0.0	0.0	-0.04143982833304254	0.0	0.0	0.0	-0.0	-0.0	0.0	0.027662276653078965	-0.0	-0.0	0.0	-0.0	-0.0	0.0	-0.0	-0.0	-0.0	-0.0	0.0	-0.0	0.0	0.0	0.0	0.0
0.0	0.0870599285128338	0.1121142614058434	-0.0024767108398352227	0.017119479303118017	-0.0	0.0	0.0	0.0	0.0	0.0	-0.0	-0.0	-0.0	-0.0	-0.0	0.0	-0.0	-0.0	-0.0	-0.0	-0.0	0.0010855741034517578	-0.0	-0.0	0.026912648574329092	-0.0	-0.0	-0.0	-0.0	-0.0	-0.0	-0.0025903840748269435	-0.0	0.0	0.0	-0.0	-0.0	0.0	0.0	0.0	-0.0	-0.0	-0.0	0.0	0.0	0.0	0.0	-0.0
0.0	-0.0034290562652757425	-0.006232953308277063	-0.009336192835843202	-0.06763572785175852	-0.0	-0.0	0.0	0.0	0.0	0.0	-0.0	-0.0	-0.0	0.0	-0.0	0.0	-0.0	-0.0	-0.0	0.0	-0.0	0.0022574784972463863	-0.0	-0.0	0.01415351955161975	-0.0	0.0	-0.0	-0.0	-0.0	0.0	0.01064515499363189	0.0	0.0	0.0	-0.0	-0.0	-0.0	-0.0	0.0	0.0	0.0	0.0	-0.0	-0.0	-0.0	0.0	0.0
-0.0	0.14897344441364554	0.025326303948821738	-0.01123349636665392	-0.02256458087753744	-0.0	0.0	0.0	0.0	0.0	0.0	-0.0	-0.0	-0.0	-0.0	0.0	-0.0	0.0	-0.0	-0.0	-0.0	-0.0	0.001671526300349072	0.0	-0.0	0.04058314395580345	0.0	-0.0	-0.0	-0.0	-0.0	0.0	0.020099111471102486	-0.0	0.0	0.0	-0.0	-0.0	0.0	0.0	-0.0	-0.0	0.0	-0.0	0.0	0.0	-0.0	-0.0	-0.0
-0.0	0.0013335218809405306	-0.04568202487965053	-0.001892925138047309	-0.02378337879463373	-0.0	-0.0	-0.0	-0.0	0.0	-0.0	0.0	0.0	0.0	0.0	0.0	-0.0	-0.0	-0.0	-0.0	-0.0	-0.0	0.0018668436993148434	-0.0	-0.0	0.03238084672691887	-0.0	-0.0	-0.0	0.0	0.0	-0.0	-0.01204434055229754	-0.0	-0.0	-0.0	-0.0	-0.0	0.0	-0.0	-0.0	0.0	-0.0	-0.0	0.0	0.0	-0.0	-0.0	-0.0
-0.0	0.08229735036661752	0.11605916856298074	0.008761163919582106	0.10518981679249646	0.0	-0.0	-0.0	0.0	-0.0	0.0	0.0	0.0	0.0	-0.0	-0.0	0.0	0.0	-0.0	-0.0	-0.0	-0.0	0.0012808915024175292	-0.0	-0.0	0.030558114009388914	-0.0	0.0	0.0	0.0	0.0	-0.0	-0.02906146221174461	0.0	0.0	-0.0	-0.0	0.0	0.0	0.0	-0.0	0.0	0.0	0.0	0.0	-0.0	-0.0	0.0	0.0
0.0	-0.022479368850140923	0.025326303948821738	0.007739538941453259	0.01924018767886557	0.0	-0.0	-0.0	0.0	-0.0	0.0	-0.0	-0.0	-0.0	0.0	0.0	-0.0	0.0	0.0	-0.0	0.0	0.0	-0.002430139077932128	0.0	0.0	-0.04052846197427753	0.0	0.0	-0.0	-0.0	0.0	0.0	-0.0044811753703210624	-0.0	0.0	-0.0	0.0	0.0	-0.0	0.0	0.0	0.0	0.0	0.0	0.0	-0.0	-0.0	0.0	0.0
-0.0	-0.012954212557708289	-0.0022880461511396613	-0.004665907221539898	-0.04396667230174842	-0.0	-0.0	-0.0	-0.0	0.0	-0.0	-0.0	-0.0	0.0	0.0	-0.0	0.0	0.0	-0.0	-0.0	0.0	-0.0	-0.0020395042800005854	0.0	0.0	-0.033237531104157884	0.0	-0.0	0.0	0.0	-0.0	0.0	0.027662276653078965	-0.0	0.0	-0.0	-0.0	0.0	0.0	0.0	-0.0	-0.0	-0.0	-0.0	-0.0	-0.0	0.0	0.0	-0.0
0.0	-0.03200452514257347	-0.08513109645102397	-0.005395639348774789	-0.052717641346499824	-0.0	0.0	0.0	-0.0	-0.0	0.0	-0.0	-0.0	-0.0	-0.0	0.0	-0.0	-0.0	-0.0	-0.0	-0.0	0.0	0.004210652486904101	0.0	-0.0	0.06427866928369227	-0.0	-0.0	-0.0	-0.0	0.0	0.0	0.014426737584620129	0.0	-0.0	0.0	0.0	0.0	0.0	0.0	-0.0	-0.0	-0.0	0.0	0.0	-0.0	0.0	0.0	-0.0
0.0	-0.0748677284585201	-0.025957489093963792	0.016350378042824982	0.036595870018316844	0.0	0.0	0.0	0.0	0.0	0.0	-0.0	-0.0	0.0	0.0	-0.0	-0.0	0.0	0.0	0.0	-0.0	-0.0	0.0010855741034517578	-0.0	-0.0	0.027824014933094113	-0.0	0.0	0.0	0.0	0.0	0.0	0.0314438592440672	0.0	0.0	-0.0	0.0	-0.0	0.0	-0.0	0.0	0.0	0.0	0.0	0.0	-0.0	-0.0	-0.0	0.0
-0.0	-0.03676710328878974	0.0016568610059976704	0.0032151997525969316	-0.01025472191486482	0.0	-0.0	-0.0	-0.0	-0.0	-0.0	0.0	-0.0	0.0	0.0	-0.0	0.0	0.0	0.0	-0.0	0.0	-0.0	-0.002820773875863671	-0.0	0.0	-0.03870572925674766	-0.0	0.0	0.0	0.0	0.0	0.0	-0.0177167144387799	-0.0	0.0	-0.0	0.0	0.0	-0.0	-0.0	0.0	0.0	0.0	-0.0	0.0	-0.0	-0.0	-0.0	0.0
-0.0	-0.16535671323662965	-0.037792210565375725	0.009490896046816997	-0.021150775293705733	0.0	-0.0	0.0	0.0	0.0	-0.0	-0.0	-0.0	-0.0	0.0	0.0	-0.0	-0.0	-0.0	-0.0	0.0	-0.0	-0.00028164768930864244	-0.0	0.0	-0.012276104852563955	0.0	-0.0	-0.0	-0.0	0.0	0.0	-0.01015354925680342	-0.0	0.0	0.0	-0.0	-0.0	-0.0	-0.0	0.0	0.0	0.0	-0.0	-0.0	0.0	-0.0	-0.0	-0.0
-0.0	-0.03200452514257347	-0.049626932036787794	-0.0020388715634942866	-0.03548383879875818	-0.0	0.0	0.0	-0.0	-0.0	0.0	-0.0	-0.0	-0.0	0.0	-0.0	0.0	0.0	0.0	0.0	-0.0	-0.0	0.0010855741034517578	-0.0	-0.0	0.03238084672691887	-0.0	0.0	-0.0	0.0	0.0	0.0	0.01064515499363189	-0.0	-0.0	-0.0	0.0	0.0	-0.0	0.0	-0.0	-0.0	-0.0	-0.0	-0.0	-0.0	0.0	0.0	-0.0
-0.0	-0.027241946996357194	-0.08513109645102397	-0.006563210752350614	-0.057690336848252734	-0.0	-0.0	-0.0	0.0	0.0	0.0	-0.0	-0.0	0.0	-0.0	0.0	-0.0	-0.0	-0.0	-0.0	-0.0	-0.0	0.002062161098280615	0.0	-0.0	0.054253639337277816	0.0	0.0	-0.0	-0.0	0.0	-0.0	-0.013935131847791658	0.0	-0.0	-0.0	0.0	-0.0	0.0	-0.0	-0.0	-0.0	-0.0	-0.0	-0.0	-0.0	0.0	0.0	-0.0
-0.0	-0.017716790703924564	-0.07329637497961192	-0.008168621432267376	-0.0641499658088631	-0.0	-0.0	-0.0	0.0	0.0	-0.0	-0.0	-0.0	0.0	-0.0	0.0	-0.0	-0.0	-0.0	-0.0	-0.0	-0.0	0.0063591438755275865	-0.0	-0.0	0.07156960015381192	-0.0	-0.0	-0.0	-0.0	0.0	0.0	-0.01015354925680342	0.0	-0.0	-0.0	-0.0	0.0	0.0	0.0	-0.0	-0.0	-0.0	-0.0	0.0	0.0	-0.0	-0.0	0.0
-0.0	-0.027241946996357194	-0.010177860465414326	-0.00860646070860831	-0.06834263064367437	-0.0	-0.0	-0.0	-0.0	0.0	-0.0	-0.0	-0.0	-0.0	-0.0	0.0	-0.0	-0.0	-0.0	-0.0	-0.0	-0.0	0.0010269788837620239	0.0	-0.0	0.026912648574329092	-0.0	-0.0	-0.0	-0.0	-0.0	-0.0	-0.02906146221174461	0.0	-0.0	0.0	0.0	-0.0	-0.0	-0.0	0.0	0.0	0.0	0.0	-0.0	-0.0	-0.0	-0.0	-0.0
-0.0	-0.008191634411492017	0.08449991130588193	0.01999903867899944	0.09470815470546831	0.0	-0.0	0.0	0.0	-0.0	-0.0	-0.0	-0.0	-0.0	0.0	-0.0	0.0	-0.0	-0.0	-0.0	0.0	0.0	0.003624700290006786	-0.0	-0.0	0.06519003564245729	0.0	0.0	0.0	0.0	0.0	0.0	0.014426737584620129	-0.0	-0.0	0.0	0.0	0.0	0.0	0.0	0.0	0.0	0.0	-0.0	0.0	0.0	-0.0	-0.0	0.0
-0.0	-0.08439288475095265	-0.033847303408238466	0.021896342209810155	0.05670603565040576	0.0	-0.0	0.0	0.0	-0.0	0.0	0.0	0.0	-0.0	-0.0	-0.0	-0.0	-0.0	-0.0	-0.0	-0.0	0.0	0.0034293828910410148	0.0	-0.0	0.015976252269149702	0.0	-0.0	0.0	-0.0	0.0	-0.0	0.0011911985161612946	0.0	-0.0	0.0	-0.0	-0.0	0.0	-0.0	0.0	0.0	0.0	0.0	0.0	0.0	-0.0	-0.0	0.0
-0.0	0.12039797553634782	0.096334632777294	0.00029627124365736563	0.0754267716570049	-0.0	0.0	0.0	-0.0	-0.0	0.0	-0.0	-0.0	-0.0	-0.0	0.0	-0.0	0.0	-0.0	-0.0	0.0	-0.0	-8.633029034287104e-05	0.0	-0.0	0.03693767852074363	0.0	-0.0	0.0	0.0	0.0	0.0	-0.01015354925680342	-0.0	-0.0	0.0	0.0	-0.0	-0.0	0.0	0.0	0.0	0.0	0.0	0.0	0.0	-0.0	-0.0	0.0
0.0	0.10134766295148266	0.08449991130588193	-0.012401067770229746	-0.06090796334938696	-0.0	-0.0	-0.0	0.0	-0.0	-0.0	0.0	0.0	-0.0	0.0	0.0	0.0	-0.0	-0.0	-0.0	-0.0	-0.0	-0.0014535520831032711	-0.0	0.0	-0.021389768440213477	-0.0	-0.0	-0.0	-0.0	-0.0	-0.0	-0.0177167144387799	-0.0	0.0	0.0	-0.0	0.0	0.0	0.0	-0.0	0.0	-0.0	-0.0	-0.0	-0.0	0.0	0.0	-0.0
0.0	-0.04629225958122238	-0.029902396251101058	-0.008752407134055288	-0.07243779164511793	-0.0	-0.0	-0.0	0.0	0.0	-0.0	-0.0	-0.0	-0.0	0.0	-0.0	-0.0	0.0	-0.0	-0.0	0.0	-0.0	0.002648113295177929	-0.0	-0.0	0.07156960015381192	-0.0	-0.0	-0.0	-0.0	-0.0	0.0	-0.0044811753703210624	0.0	-0.0	-0.0	-0.0	-0.0	-0.0	-0.0	0.0	-0.0	-0.0	-0.0	-0.0	-0.0	-0.0	0.0	-0.0
0.0	-0.05581741587365493	-0.12063526086526004	0.0008800569454452793	-0.027976043629445	0.0	-0.0	0.0	0.0	-0.0	-0.0	-0.0	-0.0	-0.0	0.0	-0.0	0.0	0.0	-0.0	-0.0	-0.0	-0.0	0.0018668436993148434	-0.0	-0.0	0.04240587667333341	-0.0	-0.0	-0.0	-0.0	-0.0	-0.0	-0.0006995927793328246	-0.0	0.0	0.0	-0.0	-0.0	-0.0	-0.0	-0.0	0.0	-0.0	-0.0	-0.0	0.0	-0.0	-0.0	-0.0
0.0	0.10611024109769897	0.2067920331771397	0.010950360301286781	0.15754937531095342	0.0	-0.0	0.0	0.0	-0.0	0.0	-0.0	0.0	-0.0	-0.0	0.0	-0.0	0.0	0.0	0.0	-0.0	0.0	-8.633029034287104e-05	0.0	0.0	-0.021389768440213477	0.0	0.0	0.0	0.0	0.0	0.0	-0.021498297029768132	-0.0	0.0	-0.0	0.0	-0.0	-0.0	0.0	-0.0	-0.0	-0.0	-0.0	-0.0	-0.0	-0.0	0.0	-0.0
-0.0	-0.09868061918960155	-0.2547621042079298	0.011534146003074697	0.005955290382515936	0.0	-0.0	0.0	0.0	-0.0	0.0	0.0	0.0	-0.0	-0.0	-0.0	0.0	0.0	0.0	-0.0	-0.0	0.0	0.0004996219065544433	0.0	0.0	-0.00863063941750413	0.0	-0.0	-0.0	-0.0	-0.0	-0.0	-0.013935131847791658	0.0	0.0	0.0	-0.0	-0.0	-0.0	-0.0	-0.0	-0.0	0.0	-0.0	0.0	0.0	-0.0	-0.0	0.0
0.0	0.13944828812121296	0.033216118263096464	-0.0013091394362593953	0.08466525986859481	-0.0	-0.0	0.0	0.0	0.0	0.0	0.0	0.0	0.0	-0.0	0.0	-0.0	-0.0	-0.0	-0.0	0.0	-0.0	0.0012808915024175292	-0.0	-0.0	0.04422860939086328	-0.0	-0.0	-0.0	-0.0	0.0	0.0	0.018208320175608365	0.0	-0.0	-0.0	0.0	0.0	0.0	-0.0	0.0	0.0	0.0	0.0	0.0	-0.0	-0.0	-0.0	0.0
0.0	-0.06534257216608746	-0.1285250751795347	-0.006563210752350614	-0.06522250797590785	-0.0	0.0	0.0	0.0	0.0	0.0	0.0	-0.0	0.0	-0.0	0.0	-0.0	-0.0	-0.0	-0.0	0.0	-0.0	-0.0034067260727609857	-0.0	0.0	-0.04690802648563224	-0.0	0.0	0.0	0.0	0.0	-0.0	-0.019607505734274014	-0.0	0.0	-0.0	-0.0	0.0	-0.0	-0.0	0.0	-0.0	0.0	0.0	0.0	0.0	0.0	0.0	0.0
-0.0	-0.03200452514257347	-0.006232953308277063	-0.0010172465853654398	-0.030218631796902193	0.0	0.0	-0.0	-0.0	-0.0	-0.0	-0.0	-0.0	-0.0	-0.0	-0.0	0.0	-0.0	0.0	0.0	0.0	0.0	-0.0028989008354499807	0.0	0.0	-0.025946600234038237	-0.0	0.0	0.0	0.0	0.0	0.0	-0.01015354925680342	-0.0	0.0	-0.0	-0.0	-0.0	-0.0	-0.0	-0.0	-0.0	-0.0	-0.0	0.0	-0.0	-0.0	-0.0	-0.0
-0.0	-0.09391804104338528	-0.12063526086526004	0.002047628349021107	-0.0329731150895398	0.0	0.0	-0.0	-0.0	-0.0	-0.0	0.0	0.0	0.0	0.0	0.0	-0.0	-0.0	-0.0	0.0	0.0	-0.0	-0.0026254564768978996	0.0	0.0	-0.03961709561551259	0.0	0.0	-0.0	0.0	0.0	0.0	-0.02527987962075637	-0.0	0.0	-0.0	0.0	0.0	0.0	-0.0	0.0	0.0	0.0	0.0	-0.0	-0.0	-0.0	-0.0	0.0
-0.0	0.039434147050670894	0.19495731170572766	0.04568560955766762	0.31036225815648727	0.0	0.0	0.0	0.0	-0.0	0.0	0.0	0.0	-0.0	0.0	0.0	0.0	-0.0	0.0	0.0	-0.0	0.0	-0.0030160912748294424	0.0	0.0	-0.056933056432046776	0.0	0.0	0.0	0.0	0.0	-0.0	-0.040406209984709326	-0.0	0.0	0.0	0.0	-0.0	0.0	-0.0	-0.0	0.0	0.0	-0.0	0.0	-0.0	0.0	0.0	-0.0
-0.0	-0.05581741587365493	0.08449991130588193	-0.007292942879585505	-0.06697757697652652	-0.0	0.0	0.0	0.0	0.0	-0.0	-0.0	-0.0	0.0	-0.0	0.0	-0.0	-0.0	-0.0	-0.0	0.0	0.0	0.00010898710862290037	-0.0	-0.0	-0.00407380762367937	0.0	0.0	-0.0	0.0	0.0	0.0	-0.019607505734274014	-0.0	0.0	-0.0	-0.0	0.0	-0.0	0.0	-0.0	-0.0	-0.0	0.0	-0.0	-0.0	0.0	0.0	-0.0
0.0	0.015621256319589438	-0.02201258193682639	-0.006563210752350614	-0.04659927580267643	-0.0	-0.0	-0.0	0.0	0.0	-0.0	-0.0	-0.0	-0.0	0.0	-0.0	0.0	0.0	-0.0	-0.0	0.0	-0.0	-0.0014535520831032711	0.0	0.0	-0.04235119469180748	0.0	-0.0	-0.0	0.0	-0.0	-0.0	-0.0044811753703210624	-0.0	0.0	-0.0	-0.0	-0.0	-0.0	0.0	-0.0	-0.0	0.0	0.0	0.0	0.0	0.0	-0.0	-0.0
-0.0	-0.017716790703924564	-0.14824961096522143	-0.008460514283161333	-0.06571002714274637	-0.0	-0.0	-0.0	-0.0	0.0	-0.0	0.0	-0.0	-0.0	0.0	-0.0	0.0	-0.0	-0.0	-0.0	0.0	-0.0	-0.003797360870692528	-0.0	0.0	-0.06786945273722625	0.0	-0.0	-0.0	-0.0	-0.0	0.0	0.004972781107149533	-0.0	0.0	0.0	-0.0	0.0	0.0	-0.0	0.0	-0.0	0.0	0.0	0.0	-0.0	-0.0	-0.0	-0.0
-0.0	0.0537218814893198	-0.037792210565375725	0.005550342559748583	0.05292776210740724	0.0	0.0	0.0	-0.0	0.0	-0.0	-0.0	0.0	-0.0	-0.0	-0.0	-0.0	-0.0	-0.0	-0.0	-0.0	-0.0	0.0037028272495930963	0.0	-0.0	0.00959668775779499	0.0	-0.0	0.0	-0.0	0.0	0.0	0.0011911985161612946	0.0	0.0	-0.0	-0.0	0.0	-0.0	-0.0	0.0	0.0	0.0	0.0	0.0	-0.0	-0.0	-0.0	0.0
-0.0	0.0870599285128338	0.1239489828772554	-0.006125371476009681	-0.013350468624289425	-0.0	0.0	-0.0	-0.0	-0.0	-0.0	-0.0	-0.0	-0.0	-0.0	-0.0	-0.0	-0.0	-0.0	-0.0	0.0	-0.0	0.0030387480931094724	-0.0	-0.0	0.035114945803213754	-0.0	-0.0	0.0	-0.0	-0.0	-0.0	0.016317528880114247	0.0	-0.0	-0.0	0.0	-0.0	-0.0	0.0	0.0	-0.0	-0.0	0.0	0.0	-0.0	-0.0	-0.0	-0.0
0.0	0.12039797553634782	0.10027953993443132	-0.007730782155926441	-0.005818297496634295	-0.0	-0.0	-0.0	-0.0	-0.0	0.0	-0.0	-0.0	0.0	0.0	-0.0	0.0	-0.0	-0.0	-0.0	-0.0	-0.0	0.0010855741034517578	-0.0	-0.0	0.03146948036815393	-0.0	0.0	0.0	0.0	0.0	0.0	0.027662276653078965	-0.0	0.0	-0.0	-0.0	-0.0	0.0	0.0	0.0	-0.0	-0.0	-0.0	0.0	-0.0	0.0	0.0	-0.0
-0.0	0.07277219407418493	0.07661009699160727	-0.0010172465853654398	0.0185089089286078	-0.0	0.0	-0.0	-0.0	-0.0	-0.0	-0.0	-0.0	-0.0	-0.0	-0.0	0.0	-0.0	-0.0	-0.0	0.0	0.0	-8.633029034287104e-05	-0.0	0.0	-0.017744303005153648	0.0	0.0	0.0	0.0	0.0	-0.0	0.014426737584620129	-0.0	-0.0	0.0	0.0	0.0	-0.0	0.0	-0.0	-0.0	-0.0	-0.0	0.0	-0.0	0.0	0.0	-0.0
-0.0	0.11087281924391525	0.24229619759137577	0.018977413700870586	0.24225583054914615	0.0	-0.0	-0.0	-0.0	-0.0	-0.0	-0.0	-0.0	-0.0	-0.0	0.0	-0.0	-0.0	-0.0	-0.0	0.0	-0.0	0.003624700290006786	0.0	-0.0	0.062455936566162405	0.0	0.0	0.0	0.0	-0.0	-0.0	-0.0082627579613093	0.0	-0.0	0.0	-0.0	-0.0	-0.0	0.0	-0.0	0.0	0.0	0.0	0.0	-0.0	-0.0	0.0	0.0
-0.0	-0.03200452514257347	0.04505083973450846	-0.0052496929233278086	-0.051986362596242064	-0.0	0.0	-0.0	-0.0	-0.0	-0.0	0.0	0.0	0.0	-0.0	-0.0	0.0	-0.0	-0.0	-0.0	-0.0	-0.0	-0.003797360870692528	0.0	0.0	-0.06422398730216643	-0.0	-0.0	0.0	0.0	-0.0	-0.0	-0.01204434055229754	-0.0	-0.0	0.0	-0.0	0.0	0.0	0.0	-0.0	-0.0	-0.0	0.0	0.0	0.0	0.0	0.0	-0.0
-0.0	0.0013335218809405306	-0.12063526086526004	-0.0059794250505627	-0.047306178594592276	-0.0	0.0	-0.0	-0.0	-0.0	-0.0	-0.0	-0.0	-0.0	-0.0	-0.0	0.0	0.0	-0.0	-0.0	-0.0	-0.0	0.001671526300349072	0.0	-0.0	0.03146948036815393	-0.0	-0.0	-0.0	-0.0	0.0	-0.0	0.01064515499363189	0.0	-0.0	-0.0	-0.0	-0.0	-0.0	-0.0	0.0	0.0	0.0	0.0	-0.0	-0.0	-0.0	-0.0	0.0
0.0	-0.3796727298163627	-0.5506301409932308	-0.004519960796092917	-0.08908657119265335	0.0	-0.0	0.0	0.0	-0.0	-0.0	-0.0	-0.0	-0.0	0.0	-0.0	0.0	0.0	0.0	0.0	0.0	-0.0	-0.002430139077932128	0.0	0.0	-0.01592157028762378	0.0	-0.0	0.0	0.0	0.0	0.0	0.01064515499363189	-0.0	-0.0	-0.0	0.0	-0.0	0.0	0.0	-0.0	0.0	0.0	-0.0	0.0	0.0	0.0	0.0	0.0
-0.0	-0.07963030660473638	-0.10091072507957333	-0.009336192835843202	-0.07996996277277305	-0.0	0.0	0.0	-0.0	-0.0	-0.0	-0.0	-0.0	0.0	-0.0	0.0	-0.0	0.0	-0.0	-0.0	-0.0	-0.0	-0.0032114086737952143	-0.0	0.0	-0.025946600234038237	0.0	-0.0	-0.0	-0.0	-0.0	-0.0	-0.0177167144387799	-0.0	0.0	-0.0	-0.0	0.0	-0.0	0.0	0.0	-0.0	0.0	-0.0	-0.0	0.0	0.0	0.0	-0.0
0.0	0.044196725196887165	-0.061461653508199855	-0.0014550858617063732	-0.002113151828661561	-0.0	-0.0	-0.0	-0.0	-0.0	0.0	0.0	0.0	0.0	0.0	-0.0	-0.0	0.0	-0.0	-0.0	-0.0	-0.0	0.004405969885869872	0.0	-0.0	0.0797718973826965	0.0	0.0	0.0	-0.0	-0.0	-0.0	0.01064515499363189	0.0	-0.0	-0.0	0.0	0.0	0.0	-0.0	-0.0	0.0	-0.0	-0.0	0.0	-0.0	-0.0	-0.0	0.0
-0.0	-0.022479368850140923	-0.029902396251101058	-0.012692960621123702	-0.08911094715099528	-0.0	-0.0	-0.0	-0.0	0.0	0.0	-0.0	0.0	0.0	0.0	-0.0	0.0	0.0	-0.0	-0.0	0.0	-0.0	0.001671526300349072	-0.0	-0.0	0.09708785819923069	-0.0	-0.0	-0.0	-0.0	-0.0	-0.0	0.018208320175608365	-0.0	0.0	0.0	0.0	-0.0	0.0	0.0	-0.0	-0.0	-0.0	-0.0	0.0	0.0	0.0	-0.0	-0.0
0.0	0.0870599285128338	0.10422444709156867	0.0010260033708922572	0.04637062931342916	-0.0	-0.0	0.0	0.0	0.0	0.0	0.0	0.0	-0.0	-0.0	0.0	-0.0	-0.0	-0.0	-0.0	0.0	-0.0	-8.633029034287104e-05	-0.0	0.0	-0.00863063941750413	-0.0	-0.0	-0.0	-0.0	0.0	0.0	0.006863572402643651	0.0	0.0	-0.0	-0.0	-0.0	-0.0	-0.0	0.0	0.0	-0.0	0.0	-0.0	-0.0	-0.0	-0.0	0.0
0.0	0.12039797553634782	0.24229619759137577	-0.00028751445813054825	0.06952778973825882	-0.0	0.0	-0.0	-0.0	-0.0	-0.0	-0.0	-0.0	-0.0	-0.0	-0.0	0.0	-0.0	-0.0	-0.0	-0.0	0.0	0.0012808915024175292	0.0	-0.0	0.030558114009388914	0.0	-0.0	-0.0	0.0	0.0	0.0	0.012535946289126009	-0.0	-0.0	0.0	-0.0	-0.0	-0.0	-0.0	-0.0	-0.0	-0.0	0.0	-0.0	-0.0	-0.0	-0.0	-0.0
0.0	0.00609610002715689	-0.006232953308277063	0.0007341105199983014	-0.006598328163575927	0.0	-0.0	0.0	0.0	-0.0	-0.0	-0.0	-0.0	-0.0	0.0	0.0	-0.0	-0.0	-0.0	-0.0	-0.0	-0.0	0.0010855741034517578	0.0	-0.0	-0.01592157028762378	0.0	0.0	0.0	0.0	0.0	0.0	-0.01204434055229754	0.0	-0.0	0.0	-0.0	0.0	0.0	0.0	-0.0	-0.0	0.0	-0.0	-0.0	-0.0	0.0	0.0	0.0
0.0	0.0537218814893198	0.14761842582007953	-0.01035781781397205	-0.06012793268244533	-0.0	-0.0	0.0	0.0	0.0	-0.0	-0.0	-0.0	0.0	-0.0	0.0	-0.0	-0.0	-0.0	-0.0	-0.0	-0.0	0.0012808915024175292	-0.0	-0.0	0.011419420475324862	-0.0	-0.0	-0.0	0.0	0.0	-0.0	-0.01015354925680342	-0.0	0.0	0.0	0.0	-0.0	-0.0	0.0	0.0	-0.0	-0.0	0.0	-0.0	0.0	0.0	0.0	-0.0
0.0	0.1918366477295922	0.2817452691627492	-0.0059794250505627	0.12639690054997205	-0.0	-0.0	-0.0	-0.0	-0.0	-0.0	-0.0	-0.0	0.0	0.0	0.0	0.0	0.0	-0.0	-0.0	-0.0	-0.0	-0.003602043471726757	0.0	0.0	-0.062401254584636474	-0.0	0.0	0.0	0.0	0.0	0.0	-0.03662462739372108	-0.0	0.0	0.0	-0.0	0.0	0.0	0.0	-0.0	0.0	0.0	0.0	0.0	0.0	0.0	0.0	0.0
-0.0	0.06324703778175235	0.08449991130588193	-0.01210917491933579	-0.07021957943600267	-0.0	-0.0	0.0	0.0	0.0	-0.0	-0.0	-0.0	-0.0	-0.0	0.0	-0.0	0.0	-0.0	-0.0	0.0	-0.0	0.002335605456832696	0.0	-0.0	0.04240587667333341	0.0	-0.0	-0.0	-0.0	-0.0	-0.0	0.014426737584620129	-0.0	0.0	-0.0	-0.0	-0.0	-0.0	0.0	-0.0	-0.0	0.0	-0.0	-0.0	-0.0	0.0	-0.0	0.0
0.0	0.09182250665905008	-0.07724128213674918	0.07823166243234378	0.712053675673085	0.0	-0.0	0.0	0.0	0.0	-0.0	-0.0	-0.0	-0.0	-0.0	-0.0	0.0	-0.0	-0.0	0.0	0.0	-0.0	0.0007340027853133667	0.0	0.0	0.0032171232464402776	-0.0	0.0	0.0	0.0	-0.0	0.0	0.027662276653078965	-0.0	-0.0	0.0	-0.0	0.0	0.0	-0.0	-0.0	0.0	0.0	0.0	0.0	-0.0	0.0	-0.0	0.0
0.0	-0.05105483772743865	-0.01806767477968899	-0.0023307644143882424	-0.04211409946776204	-0.0	-0.0	0.0	0.0	0.0	-0.0	-0.0	-0.0	0.0	-0.0	-0.0	-0.0	-0.0	-0.0	-0.0	-0.0	-0.0	0.0028434306941437005	-0.0	-0.0	0.035114945803213754	-0.0	0.0	-0.0	-0.0	-0.0	-0.0	-0.015825923143285778	0.0	0.0	0.0	-0.0	-0.0	-0.0	-0.0	0.0	-0.0	0.0	0.0	0.0	-0.0	-0.0	-0.0	-0.0
0.0	-0.0034290562652757425	-0.04173711772251313	-0.013422692748358594	-0.09076851231824624	-0.0	-0.0	0.0	0.0	0.0	-0.0	-0.0	-0.0	-0.0	-0.0	-0.0	0.0	-0.0	-0.0	0.0	0.0	-0.0	0.0018668436993148434	-0.0	-0.0	0.035114945803213754	-0.0	-0.0	-0.0	0.0	-0.0	-0.0	-0.01204434055229754	-0.0	-0.0	-0.0	0.0	-0.0	-0.0	0.0	0.0	-0.0	0.0	-0.0	-0.0	-0.0	0.0	0.0	0.0
0.0	0.025146412612021985	0.18706749739145298	-0.013568639173805574	-0.08777026944218935	-0.0	-0.0	-0.0	0.0	-0.0	-0.0	-0.0	-0.0	0.0	-0.0	0.0	-0.0	0.0	-0.0	-0.0	0.0	-0.0	-0.0022348216789663568	-0.0	0.0	-0.005896540341209242	-0.0	-0.0	-0.0	-0.0	-0.0	-0.0	-0.021498297029768132	-0.0	-0.0	-0.0	0.0	0.0	-0.0	-0.0	-0.0	0.0	0.0	-0.0	-0.0	-0.0	0.0	0.0	0.0
-0.0	0.12039797553634782	0.20284712602000232	0.005112503283407648	0.1241786883408568	-0.0	0.0	0.0	0.0	-0.0	-0.0	0.0	0.0	0.0	-0.0	0.0	-0.0	-0.0	-0.0	-0.0	-0.0	-0.0	-0.0018441868810348142	-0.0	0.0	-0.036882996539217706	-0.0	0.0	0.0	0.0	-0.0	-0.0	0.006863572402643651	-0.0	-0.0	-0.0	0.0	0.0	-0.0	-0.0	0.0	-0.0	-0.0	-0.0	-0.0	0.0	0.0	0.0	-0.0
-0.0	0.015621256319589438	0.009546675320272407	-0.009044299984949246	-0.06166361805798666	-0.0	-0.0	0.0	0.0	0.0	-0.0	-0.0	0.0	0.0	-0.0	0.0	-0.0	-0.0	-0.0	-0.0	0.0	-0.0	0.0006949393055202147	-0.0	-0.0	0.00048302417014538945	-0.0	-0.0	-0.0	0.0	0.0	-0.0	0.003081989811655414	-0.0	0.0	0.0	-0.0	0.0	-0.0	-0.0	0.0	0.0	-0.0	0.0	-0.0	-0.0	0.0	0.0	0.0
0.0	-0.0034290562652757425	-0.04568202487965053	-0.007730782155926441	-0.058543495390220135	-0.0	-0.0	0.0	0.0	0.0	-0.0	-0.0	-0.0	-0.0	0.0	0.0	-0.0	-0.0	-0.0	-0.0	-0.0	-0.0	0.006945096072424901	0.0	-0.0	0.057899104772337645	0.0	-0.0	-0.0	-0.0	-0.0	-0.0	-0.0025903840748269435	0.0	0.0	0.0	-0.0	-0.0	-0.0	-0.0	-0.0	0.0	0.0	0.0	0.0	-0.0	0.0	-0.0	0.0
-0.0	0.12039797553634782	-0.037792210565375725	-0.001892925138047309	0.0532690255241942	-0.0	-0.0	-0.0	-0.0	0.0	-0.0	-0.0	-0.0	-0.0	0.0	-0.0	-0.0	0.0	-0.0	-0.0	0.0	-0.0	0.002648113295177929	-0.0	-0.0	0.020533084062974463	-0.0	0.0	0.0	-0.0	-0.0	-0.0	0.014426737584620129	0.0	0.0	-0.0	-0.0	-0.0	-0.0	0.0	-0.0	0.0	0.0	-0.0	0.0	0.0	-0.0	0.0	0.0
0.0	-0.03200452514257347	0.013491582477409739	-0.0052496929233278086	-0.051986362596242064	-0.0	0.0	0.0	0.0	0.0	0.0	-0.0	-0.0	0.0	-0.0	0.0	-0.0	-0.0	-0.0	0.0	-0.0	-0.0	0.002452795896212158	-0.0	-0.0	-0.005896540341209242	-0.0	-0.0	-0.0	-0.0	0.0	0.0	0.020099111471102486	0.0	0.0	0.0	0.0	0.0	-0.0	0.0	0.0	-0.0	-0.0	0.0	-0.0	-0.0	0.0	0.0	0.0
0.0	0.07277219407418493	0.025326303948821738	-0.004665907221539898	-0.009840330623052092	-0.0	0.0	-0.0	-0.0	-0.0	-0.0	-0.0	-0.0	-0.0	0.0	-0.0	0.0	0.0	0.0	0.0	-0.0	-0.0	0.0014762089013833004	0.0	0.0	-0.025946600234038237	-0.0	-0.0	-0.0	-0.0	0.0	-0.0	-0.01015354925680342	-0.0	-0.0	-0.0	-0.0	0.0	-0.0	0.0	-0.0	-0.0	-0.0	-0.0	-0.0	0.0	-0.0	0.0	-0.0
0.0	0.1442108662674293	0.22651656896282646	-0.001892925138047309	0.08520153095211722	-0.0	-0.0	-0.0	-0.0	0.0	-0.0	0.0	0.0	-0.0	0.0	0.0	-0.0	0.0	-0.0	-0.0	0.0	-0.0	-0.0034067260727609857	-0.0	0.0	-0.026857966592803248	0.0	-0.0	0.0	0.0	0.0	-0.0	-0.01015354925680342	-0.0	-0.0	0.0	-0.0	-0.0	-0.0	-0.0	-0.0	-0.0	-0.0	-0.0	-0.0	-0.0	0.0	0.0	-0.0
0.0	-0.19869476026014365	-0.2587070113650672	-0.014152424875593485	-0.10744166782412361	-0.0	-0.0	0.0	0.0	0.0	-0.0	-0.0	-0.0	-0.0	0.0	-0.0	0.0	-0.0	-0.0	-0.0	0.0	-0.0	-0.0005941555276538757	0.0	0.0	-0.0022510749061494177	0.0	-0.0	-0.0	-0.0	-0.0	-0.0	0.0011911985161612946	-0.0	-0.0	-0.0	0.0	-0.0	0.0	0.0	0.0	-0.0	-0.0	-0.0	0.0	0.0	-0.0	-0.0	-0.0
-0.0	-0.05105483772743865	0.11605916856298074	-0.004228067945198962	-0.051303835762668136	-0.0	-0.0	0.0	0.0	-0.0	-0.0	-0.0	-0.0	0.0	-0.0	-0.0	0.0	0.0	-0.0	-0.0	0.0	-0.0	-0.0020395042800005854	0.0	0.0	-0.02412386751650836	0.0	-0.0	-0.0	-0.0	0.0	0.0	-0.02527987962075637	-0.0	0.0	0.0	0.0	-0.0	-0.0	-0.0	0.0	-0.0	-0.0	-0.0	0.0	-0.0	-0.0	-0.0	-0.0
-0.0	0.07277219407418493	0.0805550041487446	-0.004228067945198962	-0.006427696455182444	-0.0	0.0	-0.0	-0.0	-0.0	-0.0	-0.0	-0.0	-0.0	0.0	0.0	-0.0	0.0	-0.0	-0.0	-0.0	-0.0	0.0006949393055202147	-0.0	0.0	0.00959668775779499	-0.0	-0.0	-0.0	0.0	-0.0	-0.0	0.004972781107149533	-0.0	-0.0	0.0	0.0	-0.0	0.0	0.0	0.0	-0.0	-0.0	-0.0	-0.0	0.0	0.0	0.0	0.0
0.0	-0.07010515031230383	-0.16402923959377091	-0.0008713001599184594	-0.03999339109201449	0.0	0.0	0.0	-0.0	-0.0	-0.0	0.0	0.0	-0.0	0.0	0.0	-0.0	-0.0	-0.0	-0.0	-0.0	0.0	0.0010855741034517578	-0.0	-0.0	0.002305756887675342	-0.0	-0.0	-0.0	-0.0	0.0	-0.0	0.004972781107149533	-0.0	0.0	0.0	-0.0	0.0	-0.0	-0.0	-0.0	0.0	-0.0	-0.0	-0.0	-0.0	-0.0	0.0	-0.0
0.0	0.044196725196887165	0.07661009699160727	0.0010260033708922572	0.014803763260635042	-0.0	-0.0	-0.0	-0.0	-0.0	0.0	0.0	-0.0	0.0	0.0	0.0	-0.0	-0.0	-0.0	0.0	0.0	-0.0	-0.0012582346841374995	-0.0	0.0	-0.04235119469180748	0.0	-0.0	-0.0	-0.0	0.0	0.0	-0.040406209984709326	-0.0	-0.0	-0.0	-0.0	0.0	-0.0	0.0	0.0	0.0	0.0	0.0	-0.0	-0.0	-0.0	-0.0	0.0
-0.0	0.02038383446580571	-0.11274544655098538	0.0032151997525969316	0.015364410302499352	0.0	-0.0	0.0	0.0	0.0	0.0	0.0	0.0	0.0	0.0	-0.0	-0.0	-0.0	-0.0	-0.0	-0.0	0.0	0.002648113295177929	-0.0	-0.0	0.08068326374146152	-0.0	0.0	0.0	-0.0	0.0	0.0	0.025771485357584847	0.0	0.0	-0.0	0.0	-0.0	0.0	-0.0	0.0	-0.0	-0.0	0.0	0.0	-0.0	0.0	0.0	0.0
-0.0	0.0775347722204012	0.14367351866294215	-0.0011631930108124177	0.020775873054406913	-0.0	-0.0	-0.0	-0.0	-0.0	-0.0	0.0	0.0	-0.0	-0.0	0.0	-0.0	-0.0	-0.0	-0.0	-0.0	0.0	0.00010898710862290037	-0.0	0.0	0.00048302417014538945	-0.0	0.0	0.0	0.0	-0.0	0.0	0.0011911985161612946	-0.0	0.0	0.0	0.0	0.0	0.0	0.0	-0.0	0.0	0.0	-0.0	0.0	0.0	0.0	-0.0	-0.0
-0.0	0.13944828812121296	-0.02201258193682639	-0.004665907221539898	0.04598061397995836	-0.0	0.0	0.0	-0.0	0.0	0.0	0.0	0.0	0.0	-0.0	-0.0	0.0	0.0	-0.0	-0.0	-0.0	-0.0	-0.0012582346841374995	-0.0	0.0	-0.030503432027863077	0.0	-0.0	-0.0	-0.0	0.0	0.0	0.025771485357584847	-0.0	-0.0	-0.0	-0.0	0.0	0.0	0.0	0.0	0.0	-0.0	0.0	-0.0	-0.0	0.0	0.0	0.0
-0.0	0.10611024109769897	0.2146818474914144	-0.0034983358179640697	0.023481604430360695	-0.0	-0.0	0.0	0.0	0.0	-0.0	-0.0	0.0	-0.0	0.0	-0.0	-0.0	-0.0	-0.0	-0.0	-0.0	-0.0	0.002062161098280615	-0.0	-0.0	0.02417854949803429	-0.0	-0.0	-0.0	-0.0	0.0	0.0	0.003081989811655414	0.0	-0.0	0.0	-0.0	0.0	-0.0	-0.0	0.0	0.0	0.0	0.0	-0.0	0.0	-0.0	-0.0	0.0
-0.0	-0.11296835362825039	-0.18375377537945764	-0.0005794073090245038	-0.04818371309490161	0.0	-0.0	0.0	0.0	-0.0	-0.0	0.0	0.0	-0.0	-0.0	0.0	-0.0	-0.0	-0.0	-0.0	-0.0	-0.0	-0.0004769650882744139	0.0	0.0	0.00959668775779499	0.0	0.0	-0.0	0.0	0.0	-0.0	-0.0044811753703210624	0.0	0.0	-0.0	0.0	0.0	-0.0	0.0	0.0	0.0	0.0	-0.0	-0.0	-0.0	-0.0	-0.0	0.0
-0.0	0.13944828812121296	0.16339805444862887	-0.0008713001599184594	0.0897110832453735	-0.0	0.0	0.0	0.0	-0.0	-0.0	0.0	0.0	0.0	-0.0	0.0	0.0	0.0	-0.0	-0.0	-0.0	0.0	-0.0006722824872401853	0.0	0.0	-0.011364738493799018	-0.0	0.0	0.0	0.0	-0.0	-0.0	-0.02338908832526225	-0.0	-0.0	-0.0	-0.0	0.0	-0.0	-0.0	0.0	0.0	0.0	0.0	-0.0	-0.0	-0.0	0.0	0.0
0.0	-0.12249350992068303	-0.19953340400800698	-0.00787672858137342	-0.07904367635577986	-0.0	-0.0	0.0	0.0	-0.0	-0.0	-0.0	-0.0	0.0	0.0	0.0	0.0	-0.0	0.0	0.0	0.0	-0.0	-0.005164582663452928	-0.0	0.0	-0.09612180985893982	-0.0	0.0	0.0	0.0	0.0	0.0	-0.01204434055229754	-0.0	-0.0	-0.0	-0.0	0.0	0.0	-0.0	0.0	0.0	0.0	-0.0	-0.0	-0.0	-0.0	-0.0	0.0
-0.0	0.06324703778175235	0.04899574689164587	0.0037989854543848457	0.047857562772286644	0.0	-0.0	0.0	0.0	0.0	0.0	0.0	0.0	0.0	-0.0	-0.0	0.0	0.0	0.0	0.0	0.0	-0.0	-0.00028164768930864244	0.0	0.0	-0.03141479838662801	0.0	0.0	0.0	0.0	0.0	0.0	0.029553067948573084	-0.0	0.0	-0.0	-0.0	-0.0	-0.0	-0.0	-0.0	-0.0	-0.0	-0.0	-0.0	-0.0	0.0	0.0	-0.0
-0.0	0.044196725196887165	-0.037792210565375725	0.003069253327149954	0.0287468114322167	0.0	-0.0	0.0	0.0	-0.0	-0.0	-0.0	-0.0	-0.0	-0.0	0.0	-0.0	0.0	-0.0	-0.0	-0.0	0.0	0.0003043045075886718	0.0	-0.0	0.035114945803213754	-0.0	-0.0	-0.0	0.0	0.0	-0.0	0.008754363698137771	-0.0	-0.0	-0.0	-0.0	-0.0	-0.0	-0.0	0.0	-0.0	0.0	0.0	-0.0	0.0	-0.0	-0.0	0.0
-0.0	0.0965850848052664	-0.0022880461511396613	-0.0059794250505627	-0.006159560913421261	-0.0	-0.0	-0.0	-0.0	0.0	-0.0	-0.0	-0.0	-0.0	-0.0	0.0	-0.0	-0.0	-0.0	-0.0	0.0	-0.0	0.004405969885869872	-0.0	-0.0	0.06610140200122222	0.0	0.0	0.0	0.0	0.0	-0.0	0.003081989811655414	0.0	0.0	0.0	-0.0	-0.0	-0.0	-0.0	0.0	0.0	0.0	0.0	-0.0	-0.0	0.0	0.0	0.0
0.0	0.044196725196887165	0.17917768307717827	-0.010503764239419029	-0.06378432643373422	-0.0	-0.0	-0.0	-0.0	-0.0	0.0	-0.0	0.0	-0.0	-0.0	0.0	-0.0	-0.0	-0.0	-0.0	-0.0	0.0	-0.003602043471726757	-0.0	0.0	0.004128489605205214	0.0	0.0	0.0	0.0	-0.0	-0.0	-0.006371966665815182	-0.0	-0.0	0.0	-0.0	-0.0	0.0	0.0	-0.0	0.0	-0.0	-0.0	0.0	0.0	0.0	0.0	0.0
0.0	-0.12249350992068303	0.04505083973450846	-0.006271317901456659	-0.07265717527019526	-0.0	0.0	-0.0	-0.0	-0.0	-0.0	-0.0	-0.0	0.0	-0.0	0.0	-0.0	0.0	-0.0	-0.0	0.0	-0.0	-0.003602043471726757	-0.0	0.0	-0.0660467200196963	-0.0	0.0	-0.0	0.0	0.0	-0.0	-0.006371966665815182	-0.0	0.0	0.0	0.0	0.0	0.0	0.0	-0.0	-0.0	-0.0	0.0	0.0	0.0	0.0	0.0	-0.0
0.0	0.00609610002715689	0.009546675320272407	0.036199091903614034	0.20125546861802662	0.0	-0.0	-0.0	-0.0	-0.0	0.0	0.0	0.0	0.0	-0.0	-0.0	-0.0	0.0	0.0	0.0	-0.0	0.0	0.0018668436993148434	-0.0	0.0	-0.005896540341209242	0.0	0.0	0.0	0.0	-0.0	-0.0	-0.03284304480273285	0.0	-0.0	-0.0	0.0	0.0	0.0	-0.0	-0.0	0.0	0.0	0.0	0.0	-0.0	0.0	0.0	0.0
-0.0	-0.04629225958122238	0.009546675320272407	0.00015032481821038775	-0.028682946421360843	0.0	0.0	0.0	0.0	-0.0	-0.0	0.0	0.0	-0.0	0.0	-0.0	-0.0	-0.0	-0.0	-0.0	-0.0	0.0	0.0040153350879383294	-0.0	-0.0	0.06519003564245729	-0.0	-0.0	-0.0	-0.0	-0.0	-0.0	0.006863572402643651	0.0	-0.0	0.0	0.0	-0.0	-0.0	-0.0	0.0	-0.0	-0.0	0.0	-0.0	0.0	0.0	-0.0	-0.0
0.0	0.029908990758238344	-0.029902396251101058	0.04276668104872806	0.27484648685230106	0.0	0.0	0.0	-0.0	-0.0	-0.0	0.0	0.0	0.0	0.0	0.0	-0.0	0.0	0.0	0.0	0.0	-0.0	-0.0030160912748294424	0.0	0.0	-0.0459966601268673	0.0	0.0	0.0	0.0	0.0	0.0	0.0011911985161612946	-0.0	0.0	-0.0	0.0	0.0	-0.0	-0.0	0.0	0.0	-0.0	0.0	-0.0	-0.0	-0.0	-0.0	0.0
-0.0	0.06324703778175235	0.06477537552019519	-0.0008713001599184594	0.01319495001006794	-0.0	-0.0	-0.0	-0.0	0.0	-0.0	-0.0	-0.0	-0.0	0.0	-0.0	0.0	0.0	-0.0	-0.0	-0.0	-0.0	0.001671526300349072	-0.0	-0.0	0.02417854949803429	-0.0	0.0	-0.0	0.0	-0.0	-0.0	0.014426737584620129	-0.0	-0.0	0.0	-0.0	-0.0	0.0	0.0	-0.0	0.0	-0.0	0.0	0.0	-0.0	0.0	0.0	0.0
-0.0	0.00609610002715689	-0.0022880461511396613	-0.0059794250505627	-0.04594112492744442	-0.0	0.0	0.0	0.0	0.0	0.0	-0.0	0.0	-0.0	0.0	0.0	-0.0	-0.0	-0.0	0.0	-0.0	0.0	-0.0034067260727609857	0.0	0.0	-0.06695808637846123	0.0	-0.0	-0.0	-0.0	0.0	0.0	0.003081989811655414	-0.0	0.0	0.0	-0.0	-0.0	-0.0	-0.0	0.0	0.0	-0.0	-0.0	0.0	-0.0	-0.0	-0.0	0.0
-0.0	0.0870599285128338	0.07266518983446994	-0.0024767108398352227	0.017119479303118017	-0.0	-0.0	0.0	0.0	-0.0	0.0	0.0	0.0	0.0	-0.0	-0.0	0.0	-0.0	-0.0	-0.0	-0.0	-0.0	-0.0004769650882744139	-0.0	0.0	-0.025946600234038237	-0.0	0.0	0.0	0.0	-0.0	-0.0	-0.0006995927793328246	-0.0	0.0	0.0	-0.0	-0.0	0.0	0.0	-0.0	-0.0	-0.0	-0.0	-0.0	0.0	0.0	0.0	-0.0
-0.0	-0.0034290562652757425	-0.04173711772251313	-0.0052496929233278086	-0.0445029433852708	-0.0	0.0	0.0	-0.0	-0.0	-0.0	-0.0	-0.0	0.0	-0.0	-0.0	-0.0	0.0	-0.0	-0.0	-0.0	0.0	0.001671526300349072	-0.0	-0.0	0.002305756887675342	-0.0	-0.0	-0.0	-0.0	0.0	0.0	0.014426737584620129	0.0	-0.0	0.0	-0.0	-0.0	0.0	-0.0	0.0	0.0	0.0	0.0	0.0	0.0	-0.0	-0.0	0.0
0.0	0.05848445963553607	-0.10091072507957333	-0.008898353559502269	-0.04811058521987584	-0.0	0.0	-0.0	-0.0	-0.0	0.0	0.0	0.0	-0.0	-0.0	-0.0	0.0	-0.0	-0.0	-0.0	0.0	0.0	0.006945096072424901	-0.0	-0.0	-0.051464858279457	0.0	-0.0	-0.0	-0.0	-0.0	0.0	0.008754363698137771	-0.0	0.0	-0.0	0.0	0.0	0.0	0.0	0.0	0.0	-0.0	-0.0	0.0	0.0	0.0	0.0	-0.0
-0.0	0.07277219407418493	0.23440638327710114	0.020290931529893395	0.18404604202862695	0.0	0.0	0.0	0.0	-0.0	-0.0	0.0	-0.0	-0.0	-0.0	-0.0	0.0	-0.0	-0.0	-0.0	-0.0	0.0	0.0004996219065544433	0.0	-0.0	0.004128489605205214	0.0	0.0	-0.0	0.0	0.0	0.0	0.008754363698137771	-0.0	0.0	0.0	-0.0	0.0	-0.0	-0.0	0.0	0.0	0.0	0.0	-0.0	-0.0	-0.0	0.0	0.0
0.0	-0.022479368850140923	0.06083046836305786	0.01970714582810548	0.08269080724289883	0.0	-0.0	0.0	0.0	0.0	-0.0	-0.0	-0.0	-0.0	0.0	0.0	-0.0	0.0	0.0	0.0	0.0	-0.0	0.0008902567044859862	0.0	-0.0	-0.02868069931033312	-0.0	-0.0	0.0	-0.0	0.0	0.0	0.0314438592440672	0.0	-0.0	0.0	0.0	-0.0	-0.0	-0.0	-0.0	-0.0	-0.0	0.0	-0.0	-0.0	-0.0	-0.0	-0.0
0.0	-0.07963030660473638	-0.10091072507957333	-0.00962808568673716	-0.08128626452323705	-0.0	0.0	0.0	0.0	-0.0	0.0	-0.0	-0.0	0.0	-0.0	0.0	-0.0	0.0	-0.0	-0.0	0.0	-0.0	-0.0004769650882744139	-0.0	0.0	-0.00042834218861954616	-0.0	0.0	0.0	0.0	-0.0	0.0	-0.0006995927793328246	-0.0	-0.0	-0.0	0.0	-0.0	0.0	0.0	0.0	-0.0	-0.0	0.0	-0.0	0.0	0.0	0.0	-0.0
0.0	-0.11773093177446675	-0.12458016802239745	-0.00860646070860831	-0.08143252027328861	-0.0	-0.0	-0.0	-0.0	0.0	-0.0	-0.0	-0.0	-0.0	0.0	-0.0	-0.0	-0.0	-0.0	0.0	-0.0	0.0	0.0022574784972463863	-0.0	-0.0	0.03693767852074363	0.0	-0.0	-0.0	-0.0	-0.0	-0.0	-0.02338908832526225	0.0	-0.0	0.0	0.0	0.0	-0.0	-0.0	0.0	0.0	0.0	0.0	0.0	-0.0	-0.0	-0.0	0.0
0.0	0.09182250665905008	-0.02201258193682639	-0.008752407134055288	-0.0329731150895398	-0.0	-0.0	0.0	0.0	-0.0	0.0	-0.0	-0.0	-0.0	-0.0	-0.0	0.0	-0.0	-0.0	-0.0	-0.0	-0.0	-8.633029034287104e-05	0.0	-0.0	0.021444450421739397	0.0	-0.0	-0.0	-0.0	0.0	0.0	-0.0082627579613093	0.0	0.0	-0.0	0.0	-0.0	-0.0	0.0	-0.0	-0.0	0.0	0.0	0.0	0.0	0.0	0.0	-0.0
0.0	0.0537218814893198	-0.02201258193682639	-0.006125371476009681	-0.030048000088508702	-0.0	0.0	0.0	-0.0	-0.0	0.0	0.0	-0.0	-0.0	0.0	-0.0	0.0	-0.0	-0.0	-0.0	-0.0	-0.0	0.002062161098280615	-0.0	0.0	-0.19637210932308488	-0.0	0.0	-0.0	0.0	0.0	0.0	-0.0177167144387799	-0.0	-0.0	-0.0	-0.0	-0.0	-0.0	0.0	-0.0	0.0	0.0	-0.0	0.0	-0.0	0.0	0.0	0.0
-0.0	-0.04629225958122238	-0.05751674635106245	-0.004957800072433853	-0.05379018351354458	-0.0	-0.0	0.0	0.0	0.0	0.0	-0.0	-0.0	-0.0	-0.0	-0.0	-0.0	-0.0	0.0	0.0	0.0	0.0	0.001671526300349072	0.0	-0.0	0.01871035134544451	0.0	0.0	0.0	-0.0	0.0	0.0	0.012535946289126009	0.0	0.0	-0.0	-0.0	-0.0	0.0	0.0	-0.0	-0.0	-0.0	-0.0	0.0	0.0	-0.0	0.0	-0.0
-0.0	-0.0748677284585201	-0.08118618929388659	-0.015174049853722334	-0.10571097478184686	-0.0	-0.0	-0.0	0.0	-0.0	-0.0	-0.0	-0.0	0.0	0.0	0.0	-0.0	0.0	-0.0	-0.0	0.0	-0.0	0.0008902567044859862	0.0	-0.0	0.01871035134544451	0.0	-0.0	0.0	-0.0	0.0	0.0	-0.0006995927793328246	-0.0	0.0	0.0	0.0	-0.0	-0.0	0.0	-0.0	-0.0	-0.0	0.0	-0.0	-0.0	0.0	0.0	0.0
0.0	-0.027241946996357194	0.07266518983446994	-0.005395639348774789	-0.05159634726277124	-0.0	-0.0	0.0	0.0	0.0	-0.0	-0.0	-0.0	0.0	-0.0	-0.0	0.0	-0.0	-0.0	-0.0	0.0	-0.0	-0.0034067260727609857	0.0	0.0	-0.0870081462712903	-0.0	-0.0	-0.0	-0.0	0.0	-0.0	-0.0044811753703210624	-0.0	-0.0	-0.0	0.0	-0.0	-0.0	0.0	0.0	-0.0	-0.0	0.0	-0.0	-0.0	0.0	0.0	-0.0
-0.0	-0.008191634411492017	0.005601768163135003	-0.0010172465853654398	-0.022296445335776252	-0.0	-0.0	0.0	0.0	0.0	-0.0	-0.0	-0.0	-0.0	0.0	-0.0	0.0	-0.0	-0.0	-0.0	0.0	-0.0	-0.002820773875863671	0.0	0.0	-0.030503432027863077	-0.0	0.0	-0.0	0.0	0.0	0.0	0.027662276653078965	-0.0	-0.0	0.0	-0.0	-0.0	-0.0	-0.0	0.0	-0.0	-0.0	-0.0	-0.0	-0.0	0.0	0.0	-0.0
0.0	-0.11773093177446675	-0.13641488949380937	0.001171949796339235	-0.0420653475510782	0.0	-0.0	-0.0	-0.0	-0.0	-0.0	-0.0	-0.0	0.0	-0.0	-0.0	0.0	0.0	-0.0	-0.0	-0.0	-0.0	-0.002820773875863671	-0.0	0.0	-0.03506026382168783	0.0	0.0	-0.0	0.0	0.0	-0.0	-0.019607505734274014	-0.0	-0.0	-0.0	-0.0	-0.0	0.0	-0.0	-0.0	0.0	0.0	0.0	-0.0	-0.0	-0.0	-0.0	-0.0
-0.0	0.029908990758238344	0.02927121110595914	-0.0017469787126003315	-0.01110788045683223	-0.0	0.0	-0.0	-0.0	-0.0	-0.0	0.0	0.0	0.0	-0.0	-0.0	0.0	0.0	-0.0	-0.0	0.0	-0.0	-0.0053794318023152755	-0.0	0.0	-0.08245131447746547	0.0	-0.0	-0.0	0.0	0.0	0.0	0.003081989811655414	-0.0	-0.0	0.0	-0.0	0.0	0.0	0.0	-0.0	0.0	0.0	-0.0	0.0	0.0	0.0	0.0	-0.0
-0.0	0.0013335218809405306	-0.014122767622551727	0.004236824730725782	0.011537384842816977	0.0	0.0	0.0	0.0	0.0	0.0	-0.0	0.0	-0.0	-0.0	-0.0	-0.0	-0.0	-0.0	-0.0	0.0	-0.0	0.003820017688972558	0.0	-0.0	0.06154457020739747	0.0	-0.0	-0.0	-0.0	0.0	0.0	0.020099111471102486	0.0	-0.0	0.0	0.0	-0.0	0.0	0.0	-0.0	0.0	0.0	0.0	0.0	0.0	-0.0	-0.0	-0.0
