cg00574958	cg03767807	cg06500161	cg11078090	cg17722508	cg17901584	cg21055197	cg19076985	cg03629335	cg27352622	cg08726900	cg05484949	cg00827581	cg14153852
-0.039510850417523634	0.039913957780803054	-0.1122787222383993	0.0434773127053544	0.06158287223628233	-0.3868202508385003	-0.03199721484711287	-0.1876130876783776	-0.08850653760009174	-0.07956760051783172	0.009200003638379833	-0.10505998683295299	-0.0733508928684895	-0.0006460859379702014
0.038093510437912294	0.06216920212017677	0.050294892670023524	-0.1272628613057166	0.07692503656298333	0.1515561420320835	-0.1204431059654583	-0.03508487910492054	0.20190795936500938	0.1311747652148588	0.010334491103030266	-0.035881170118838034	-0.042693043241827204	-0.0588073009650144
0.014357453423431967	0.11615199858209953	0.06354508409742293	0.2616772533820263	0.0464504402863239	-0.0031344444741367994	-0.03368820377209016	-0.12287363796138123	0.14889539211754493	0.10630553561810151	0.004504616951024967	-0.08649258918177057	0.05295439150016679	0.24178956347878286
-0.026649558687636035	-0.009104509437662098	0.0086726969374745	-0.13989588074638926	-0.045393977511098665	0.058738078182403765	0.08034762419116133	-0.10298938584471484	-0.2847148289795514	-0.09905833666003856	0.005231574170642667	-0.08739799189698387	-0.07697678062179696	0.15174122424530712
0.011083929865632365	-0.027245445324384266	-0.07099085011982546	0.132956806937749	-0.025170872149519602	-0.08454850713467854	-0.08032751165076034	-0.011378148791300334	-0.3438752357402685	0.06763764739217214	-0.007984692590404	0.05513819794055907	-0.013315899902331702	0.06802839673405686
-0.031759721364558464	-0.13382963480517354	0.024912454957115665	0.011164130111638465	0.06709652355000546	0.2357579865150841	0.029988706143222132	0.09526237649985876	-0.4119034287293493	-0.10095866084637434	1.894353855759999e-05	0.01876029869359867	-0.057189674684459034	0.031419402612013765
-0.02293804055329444	-0.1221109880281267	0.0278224411129947	0.007346435305919534	-0.1190646259121072	-0.022828690685783203	-0.035529797132730634	0.155792690255505	-0.05322326335033597	-0.07635438518576136	0.0033471577955497666	-0.0839346552470037	-0.0714097687318467	-0.2052664785990154
0.03746167416356156	-0.0817286860328536	0.021570688660940335	-0.17565532726168542	-0.15498457763508516	-0.21591778217879778	0.12929422304315982	0.10493550911471856	-0.22318266226984784	0.10077924022865686	-0.007737638353759901	0.17706034679164342	0.04345892392919463	0.0405933546930101
-0.019886163292103465	-0.014725000557558265	0.05835861730368277	0.04272574677053017	0.03307891084722727	-0.12874156101569453	0.13228770754778646	-0.07685429469618577	-0.06693038263601635	0.06863191251649724	0.029927354358617233	0.27687797523252083	0.011904787664644062	0.042800574519718936
0.0134089223596726	0.09243503813610264	0.03687397918272923	-0.16356777253297325	0.0597972132924988	-0.11758042982384893	-0.09239621177370648	-0.11970186859111687	-0.007890657210791933	-0.0697615140891884	0.019836080142515432	-0.043465066893490605	0.04982723833106343	0.1973334494192693
-0.002679938999534536	-0.03883369583768087	0.01825178012338623	0.0063529508203926	0.03952001129371983	-0.12623833812704022	0.020728479167574934	-0.054672761384987965	-0.10869400378056666	-0.051226377818621736	0.0031909140046813673	-0.04868649981093313	0.0737996655092444	-0.04244585690974787
0.05780436781260077	-0.012891882850650299	-0.037357827285896365	0.16779295293727303	-0.03667018327329483	0.011462889187212602	0.13418955097677082	0.16801289449048348	0.1189248496577906	0.1297747304000077	0.008868373167159634	0.026039228950453103	-0.0506847551318973	-0.012759012462602132
0.010377225858057768	0.1361787951378484	0.06814601906366724	0.07290929271051749	0.0415434052283861	-0.15237572813282155	0.07023191571814243	-0.1854691993506968	0.06487198856118266	0.18105556681167936	0.009565288319679401	0.04938141414025817	-0.0012266835535372316	0.2754950624694463
-0.00769046489028197	0.1058369522352885	-0.09990413567265886	0.11639635068083487	0.03288820885172527	-0.15786276524035212	0.08011176848635793	-0.007206085534225901	0.038008431829514265	-0.0894125202808747	0.000501181935903867	-0.024826198194047838	-0.06467991485377614	0.012135456276293033
-0.04439068476367491	-0.0053950791075638715	-0.15472720346629168	0.03266632311902334	0.0762554223840571	-0.13838379582478386	0.0743319458571206	-0.19269325451537267	0.11191027745699865	-0.08928036948600061	0.010431782204085633	-0.05811103359322264	-0.05620653212858803	0.34519311304123645
0.008173057099370265	-0.25894357952461755	0.0189627841171877	-0.007987815588043934	-0.004132579096971002	-0.07785070478407546	0.0195103270681658	0.2311649117633893	0.10612476684235199	-0.08962614517512563	0.004452389844132167	0.11136669888325405	-0.05185158795365541	-0.049477899311711704
0.0021034027953961334	0.08675207794910829	0.03757992321941416	-0.0681219469046961	0.04587249035909837	0.16971472132350165	0.07870657629454962	0.16937692562507198	0.09941411852925519	0.13008208443166627	0.012059322963993932	0.030419894229482436	-0.060428088699420866	0.0463639627489644
-0.07298783241096564	0.031588766354770904	0.049373973182407195	-0.004606775045498033	0.0209896374433088	-0.024794024725694763	-0.09303021443782616	0.20601560038344502	0.16985785506432938	0.13132370568943588	0.007417796816028934	0.0346848479827561	-0.03408416323545916	-0.10075824141200884
0.01915941265104563	0.06679714552915543	0.038853397806595365	0.12799717965486843	0.03821879675402947	0.13553660563787398	-0.12294898690239726	0.1607446660382502	0.04900300740679847	-0.07004001364604161	0.002593531037206167	-0.0218586457995377	0.09556202994911088	0.1014092500598448
-0.04441735326321541	-0.09315733919867882	0.027706625874883203	0.028447340785064463	0.02740832628082047	0.013016365021607265	0.16653069353679234	-0.18451187613586675	0.05507151471023367	-0.08798890496762445	0.012151011565565402	-0.07557248441917329	-0.05940123796291027	-0.03676102213474836
-0.0083809939776213	-0.013797172747691233	0.047806696487999095	0.05981481535935967	0.011206396960062865	-0.12078091512301865	-0.07299807150169493	0.041907174050736205	0.1006575169760386	-0.07117402911543293	-0.0746411959041738	-0.12162786072363714	0.1103689448710586	-0.09384489559951849
0.0034586476325837354	-0.005345097684159435	0.0333069346456843	0.042524310574684275	0.09165210814943885	-0.0048022083291487	0.14612789526503706	0.14397131057648882	0.16993500282822124	0.102909405638322	0.007750365599271401	0.0579871424742869	0.030175425244678464	0.0748037869231347
-9.094715943023385e-05	0.12139591849590657	-0.124028090902648	0.08913792143608196	0.0696428709044625	0.014564789342843562	0.12304364421638807	-0.28123439606752415	-0.07295473658254391	-0.07804346996643292	0.011096193678343733	-0.11328768898036161	-0.0847348367154801	-0.010271570463747067
-0.08986250059911714	0.0953619892381038	-0.07584889884138263	0.027879376142027696	-0.12656020893048256	-0.1059549932979445	-0.07160062609382177	-0.0251234666253361	-0.22709037298034132	-0.0992533017752385	0.0090217440853413	0.05038574622172284	-0.060864360194447575	-0.013215302798530967
-0.05041047486205243	0.02622146630731766	-0.12060080884802539	0.059695070170528435	0.1301669151412217	-0.024544148348167535	-0.045102033596117606	-0.09438731393379914	0.06384229289503113	0.13014127291271413	0.0002711227080486334	0.014752975942258833	-0.031705212524843	0.2008423514266878
-0.029171477005348303	0.0529890827408373	0.022716491153932167	0.025546925407176135	-0.14679057229985262	-0.14875764977816738	-0.0121607201924473	0.0111756093972052	-0.271613179048293	-0.09922053426847927	0.0017757619384972667	0.046863061354059564	-0.08938310894001329	0.0376250696291806
-0.05160175319009894	0.0386123944898887	-0.14336462209963155	0.0412907086923342	0.05050769404744626	0.08264261727766781	0.07009421451752877	-0.2257467423517581	0.0359813429384832	-0.08931164971656784	0.014495852314686466	-0.055665409637210804	-0.045569070160006366	0.1301700717272923
-0.012640863345124634	-0.03731383011655141	0.04268275899825543	-0.08491043920725531	-0.014119159537445608	-0.10384994947757514	0.015060695396141374	0.22873561849214166	0.019503749972026634	0.1708978287223544	0.007218385565825133	0.027082370084262102	0.001989349605807202	-0.010767273535006868
0.0362168593265815	0.10365205992312256	0.05923513766401504	0.010830426070228966	0.07656569561749317	0.08980678426458404	-0.06846770815259064	0.3232493696122125	0.10007492261226007	0.16633165154101326	-0.002073807978757633	-0.043023876690844974	-0.05209867716264027	-0.08447107696730331
-0.06244436679846513	-0.026037255734792538	-0.1189197817694495	0.13651023930416106	-0.06505809090467937	0.015077282354162398	0.0570114938108654	-0.15606247149281063	-0.058323513930469466	-0.079788258744506	0.0060185430205605675	0.057718113772896894	-0.04910721695397611	0.17635098768670746
-0.012026134080377998	0.016664760526959237	0.0207517513968432	0.07406164078653776	0.08007807468603813	-0.0006038603917380009	-0.05573490135957859	0.005212031641236732	-0.054044767635712955	-0.0808016414116487	0.0006315914699250337	-0.019224728455480736	-0.063343213590591	0.061701463513829
0.04622329997449254	-0.04861707879650495	-0.06704474366804077	0.14187540145087787	0.04678108922143506	0.1602673924897692	0.08417426753862034	-0.22467234357358892	0.12057751948378453	0.10333074750386063	0.008187168933866633	0.038734247797560635	0.029361033081591933	0.06380591541859533
0.028223978318231664	0.04456864941672653	-0.10339936196519967	0.033254594790530334	0.0186797443964406	0.0007887222788303672	0.09340857294626499	-0.013573716375264435	-0.20480473120494982	-0.0828200751894686	0.03651103911135777	0.004714018510690767	-0.06760784524902604	0.1363259121366506
0.051487905275987976	-0.029937690603690864	-0.0614631201487309	0.16262610659423035	0.07515600289924947	0.08296005507732752	-0.0582738162787547	-0.25205241651811894	0.06768576463640767	0.09330816926348194	-0.08045695819025157	-0.05527304654193527	0.07784585223578927	0.1193710976756675
-0.013040550489902101	0.22813822213809712	0.031844167873624436	0.2544216527524989	0.016016981114664066	-0.14698530049919387	0.049473473725453236	0.12482239871431412	-0.14653983711434074	0.1829828135627657	0.003388281813348534	-0.12457658448280633	-0.04249520331839233	0.3281845386435816
-0.0024510963693172017	0.0034693985717129997	-0.12526770951961824	-0.11556367074361285	-0.032717687068767536	0.0403975385543329	0.07305106547451837	-0.2062784530416857	0.006807775856587465	-0.08767619463177463	0.01993627580385163	0.027451286829978067	-0.0666573073893983	-0.011143100069561032
0.06246185155355347	0.014608738645070165	-0.06092489244046754	0.09258455278592016	0.07304522763924126	0.051569168071217565	0.14791864042509525	-0.2791134505768627	0.0539941075384896	0.12998622135527807	0.004982309179887067	0.022345039390257632	-0.05435829334618167	0.07020206534436346
0.011318037770264668	-0.11094968889032349	0.06813190243832846	0.0032629889352443994	-0.014850743260100498	-0.15078638586809456	-0.06571506099351357	-0.27307622292788825	0.04150175030952107	-0.08807116078624071	0.008814321720611166	-0.06647742807538287	-0.0531258398273378	0.0396199495794925
0.013481926928953834	-0.22451344865276832	0.035283451508694934	0.08826628024618684	0.04487841360997923	0.03915246897232763	-0.051662949386791834	0.32879591378021905	0.10580140882676474	-0.05951524637083643	-0.0007833177584029664	-0.1314584019577648	0.12332442559700064	-0.18114282771235699
0.0007941916414584666	0.049853520385869064	0.07860681272341373	-0.0996354188185863	0.03803813658744546	-0.002876400592595134	0.01954109904773453	0.29846824026369667	0.16115263320048942	0.16477988078325453	0.009673821882233534	0.023604998396725068	-0.016282369519351334	-0.1766676355223454
-0.001875378107514263	0.0176702314951678	0.032143448824179764	-0.12887989930676	0.09978136651657656	0.08275012126723447	-0.12623696374194934	0.2074289774404389	0.2760711485848096	-0.08923981808318839	0.010976163262761967	-0.04492962805507527	-0.056627679584940936	-0.0116202203603583
-0.030131383332937838	-0.14020553063678234	-0.1336307530123977	0.17623580835918615	0.0075233006042625	0.11171309555456697	-0.07072213510092347	-0.12628688501328797	0.07481601437726364	-0.08778116566127624	0.0008057651218711	-0.09092974298518046	-0.0875122937580786	0.04867898081344424
0.010408037527610532	0.03256484665176553	-0.1452874583312981	0.09269636196659803	-0.0043691099366715	-0.12835743103062247	0.13201342094733534	-0.3065317791300695	-0.20875322031447152	-0.0828678045255187	-0.0148285217416832	0.0630353554238885	-0.05749913058125511	0.03794801550546587
0.01823117764707297	0.09388864611550246	0.032191309512012434	0.0527685581785527	-0.13419623629773922	-0.019882366594975335	-0.0623880830096856	0.19393830142812374	0.0999842579711736	-0.08926084628547222	0.00489958507411	0.0287701267486009	-0.04744005195649306	0.0010990809296281337
0.03441238430834827	0.09372044772731737	-0.06119889625025493	0.04730133465237593	0.06363997157377423	-0.0038010541955386993	0.15632151562693017	0.1949660492614237	0.16837313240827045	-0.07131990170207843	0.015971727529775968	-0.13782353611702503	0.10241898176025717	-0.10693004614223084
0.010152175566023436	0.10724204559788035	0.02337624460020543	0.0304798999825009	0.011956006208313394	0.25987878538576487	-0.17725143405825702	0.2572098791449922	0.04978562129719483	-0.07122362609733797	0.0085200791862035	-0.1429511170115974	0.08370395478494234	-0.23114737732727678
-0.0099910610105923	0.09065574839645836	0.043655344313980236	0.021081511137651304	0.05014238901996974	0.20132464001845563	-0.07884957232513266	0.2426184422677017	0.2611471202335431	0.12984229409430217	0.009522696004191034	-0.03217927971045243	-0.0577798576024865	-0.047077168617336934
-0.0451744751098182	-0.006065526682958196	-0.10270005710773818	-0.13774144008504743	-0.027861501092238335	0.05781275246167747	-0.12750024178752603	-0.17296932120742955	0.19318588222972255	-0.0899082310879108	-0.00026638892087859956	-0.05683400384711803	-0.07826274720250936	-0.06343012324196243
0.018382156251415333	-0.2240415272005428	0.057856179410090434	-0.12482959336389783	-0.11108399533611586	-0.11430159257883772	0.07526184676343367	0.41879191294814094	-0.10305954882385589	-0.07850283390286796	0.002586781406870667	0.10225331321001413	-0.04378821895563181	0.20126904092149522
0.0049931379112850005	-0.16835184292474048	0.03642183855766153	-0.07765549929373262	-0.0525235983744061	-0.15782579845262465	0.1259150559959238	-0.2973837992015182	-0.10313418219618033	-0.06815664774856153	0.009545683821645733	0.1143085274422266	-0.00415769627420956	-0.02063484319602987
-0.004318128453912599	-0.19385290816510628	0.044146524872971195	0.0517303000066505	0.061427679200877806	-0.1291911381146981	-0.07956536877592826	-0.005242194827439699	0.10859477984460401	-0.08913128297037326	-0.07844595186450361	0.14485014159990328	-0.06705175854866309	-0.0155241185818258
0.014608305442743302	0.0451409158787635	0.05094504963703983	0.008794522541973	-0.02581287725774503	0.01759609096222013	0.0168383185107057	-0.18803161631353046	0.18022298221178076	0.12962389684667838	0.0062654173510482	-0.053948448955596834	-0.0540700084717943	-0.015274828612758432
0.0005058219195175998	0.005016745801507734	0.0366506294506408	0.1024419828791	0.042563267716299806	0.09202677531576914	0.11505641348687073	-0.2563151296068951	0.16517043385112815	-0.0715883947386694	0.017192119585621366	-0.022289870303181362	0.11078464225676148	0.1407533143681147
-0.05258937071890854	0.04441704298338317	0.056960755833832234	-0.1376352978894655	-0.05754393003930277	-0.09074048346412039	-0.1049337774973265	0.11358746682938965	-0.411541088275502	-0.08817630421520513	0.016417346288008335	-0.08808881964592542	-0.07629447503876442	0.18266178488900855
-0.04124298567853607	-0.02174999520724243	-0.1115590955399905	0.14899872642441692	0.015613408501390402	0.1148768071766453	0.12545024081748027	-0.0838104339745271	-0.047100735033698604	-0.07936144261820936	0.016615673278740233	0.015735924213542165	-0.054250973859481466	0.022401500442417097
-0.04121348572576217	-0.09505316047249324	-0.0953828587604223	0.030713636269540063	0.0212327045689574	0.017018658619815403	-0.07361222498967607	0.08542910528268723	0.14616105990280237	0.08142045196175983	0.028447309123318665	0.17160586783797352	-0.06034822734013767	0.028030930650621
0.0756842688886645	-0.19252726434566736	-0.0186050013882981	0.05769650280931556	0.0652198288589072	-0.005447541041243467	0.1529065963139715	0.14379350630909568	-0.1270485378806884	-0.08013140581897674	-0.0761587584595366	0.024636247712466697	-0.0767842975625018	-0.10460117194112155
0.017852737959315	0.006703681736752734	0.03914439708445586	0.08039213208664876	0.09580970413377754	0.028990881579898698	-0.05344791715731537	0.13256703274549153	0.13614108303729502	-0.08945584649165052	0.005335018789851767	0.11087359888448607	-0.0348448238084602	-0.33607098074986735
0.007212857691381335	0.08249588027833472	0.035129732405482166	0.03300727001993157	0.05449667402854269	0.2220363266953814	-0.04963484646336173	-0.0930648616256171	0.09048637507657303	0.12995829079395224	0.007702985918874133	0.0006158866939908331	-0.07256094285181953	-0.048849768265952304
0.011950600564661634	0.0938917774726884	0.059133582164042464	0.030647122944975968	0.06156686285848497	0.0455208552419352	0.02409120678997557	0.26684861264588755	0.14115605802445036	0.1298311780870924	0.007787970645057272	0.0013431853486382001	-0.028094333456350633	-0.040293337655480405
-0.005930464099306933	-0.2692224552647416	0.008618521979073266	-0.19126098720228144	-0.1736725334707598	0.03497446329222477	-0.10856795986039107	-0.1873219631670462	-0.10963646726520367	0.06859095282352166	-0.04902343153603523	0.24690015647088606	0.0025230852417111684	0.05217927324135554
-0.0016548483153486333	-0.061277753675867595	0.052124482325385996	0.06728286324734127	0.022419595473475065	0.24343998517752666	-0.048978256137477	-0.06811545339673267	-0.04288187203999403	-0.07146222502170867	0.0121251973732057	-0.11868554500196389	0.09227492070140546	-0.10486063238967025
0.0006851716077161674	-0.01998063902196683	0.025925053756281635	0.013951579160409166	-0.010197375186481034	-0.15569104754068006	0.01581620945205237	0.16457418535608234	0.033699206440962165	0.14177291236556916	-0.048606233527135466	0.22445707792439554	-0.0003483836156681029	-0.04526296621625927
0.004523775025202633	0.07024400956276143	-0.14425935421685857	0.06032430184381987	0.09766850472145487	-0.25959063879730454	-0.047130664603180904	0.17496389942613164	-0.20675365434379553	-0.06396923389330783	-0.0800671886697122	-0.05328463180861847	0.11916922564578654	0.08785228452999216
-0.0414935006732206	0.07448219471813756	-0.049026341340017966	-0.042576706807437935	-0.07768445975165933	-0.1200114905323252	0.042881007343792375	0.19233037275731482	0.027680614536939898	0.16473608600090903	0.011628633306132168	0.06858212569346946	-0.02148733016376207	0.09767356386489244
-0.06242128115604064	-0.00785929132541417	0.0390956884641602	-0.16762903987271294	-0.020250952412639068	-0.1424077318157187	-0.11537630656192893	-0.19107274346506628	-0.3221280241539702	-0.07181819185550047	-0.0290137522531045	0.2588214949522473	-0.028180061211078366	0.027028631448507968
0.00013232442479963377	-0.17573607441587535	0.013471985234332134	0.04108447244996833	0.04122843788929783	0.03236596144698767	-0.08494642780234425	-0.06142444742997633	0.07892107555621683	0.1296661288862843	0.0066478210219738	0.024770607802382803	-0.024316492627360974	0.0787905420705851
0.03597206156767313	-0.019193882184881536	0.034966415586948664	-0.11007980675488904	-0.009909666994095267	-0.20242926130462235	-0.1071773538860224	0.23978264162243956	0.16433341505603707	-0.07614950016644383	0.012066259970342434	-0.06251192479265853	-0.07373598781915457	0.09390957420018313
0.010722281236134966	-0.1560622793919627	0.009643126946730233	-0.019841909754148897	-0.16890937440615197	0.02010114194385887	0.03695786209506043	-0.07102275162178599	0.019644454587024567	-0.08993502766657956	0.007026913658025067	0.0350688224382867	-0.01741353577421963	0.0137153970686967
0.006780483514034066	-0.22298316362484435	0.026525156957933133	-0.13905001998703204	0.09026117100902249	-0.15172375671754434	-0.1074390939654274	0.17712284189486827	0.07189671719322376	0.1740264978008276	0.011832244180983434	-0.08163576790459233	-0.0461594599292445	0.06061653306017914
-0.004140478625088498	0.00983591854335327	-0.042145587526910396	0.10258973250024517	0.03351667240499687	0.061313988847209205	-0.05722469695302654	-0.10677211101058821	-0.3283732713548173	-0.07150745322221594	0.0120488557338245	-0.06251332062955979	0.1493920771917866	0.0574006382506822
-0.07256176930328322	-0.02042799771935257	0.04199641785283703	0.014417149472010433	0.07001316048523336	0.2567992733715638	0.005823734580195833	-0.08606039594526087	-0.12310213723563242	-0.0014401474385047335	0.005068256856364933	-0.0683128372780515	-0.08836276169966922	-0.09618495894031054
-0.014714010508303565	-0.25983577887133075	0.025482356868504034	0.06608414312128406	-0.015163580666073635	-0.017668674399863003	-0.08035959411911399	-0.14586267279724993	0.21523846684277692	-0.06684355832310611	0.02346142402994103	0.309956933181369	-0.03452701205719247	-0.008524017886127435
-0.10689243025356443	0.10121289943437238	-0.13588761173959588	-0.09859935486033156	-0.05854014113929764	0.010861491860634296	0.1977546598845933	-0.17710378322086917	-0.10472289577739546	-0.0496731448642724	0.017056639721041267	-0.06628819584213896	0.07270365149922957	0.023468661269991736
0.02763367439163017	-0.0823273684976244	0.04671069326364124	0.006278215043519432	0.03589341659242163	0.24546030953474954	0.0010158239830295665	0.13071653158784446	0.22300411288534305	-0.060160056947631525	0.0003654334330046675	-0.0020541365733388003	0.12874976420840897	-0.0477604175019312
0.021881562608944433	-0.1125331335352684	0.012913366324613632	0.14517037355670787	0.02945176306235764	0.005314264997925633	-0.08118508009162857	0.1277328736602459	0.24536738962281127	0.1296891174117606	0.008929171712823933	-0.03987364139082656	-0.07865256026580177	-0.07659619352145823
-0.0014179860687463658	0.09469352987366286	0.038516319518800635	0.2231904157668426	0.10010828700429793	-0.1263076800713465	-0.03787896419437817	0.23797837102455	-0.13509602814851848	0.050553255613197366	0.002785809392247967	-0.13006445116684542	0.08934741726138112	-0.17145680896967344
0.039736211931652665	0.024830731191012565	-0.09727658578194846	-0.13811434139200093	0.013238831670353134	0.010739414667441965	0.09666177143833236	-0.10216625979324546	-0.2046714191135025	-0.0643554711811689	0.0307973723074164	-0.06732079400787996	0.05323947985019739	0.1402008463432531
0.16791962728041532	0.04975721219489713	-0.10263244289297263	0.05527052951076697	-0.041176427723779725	-0.10669906483416856	-0.02289493820958467	-0.33226588548910946	-0.30354892549268286	-0.054923750660917904	0.03400796446450093	-0.05671680964262133	0.06354663384760596	0.3663518886300814
-0.013254423315795197	0.03507291755504283	-0.0026364133906667023	-0.09911303114542691	-0.046713583745717935	0.12502472530379083	0.11512992198262767	0.17341127462960448	0.0690873404385542	0.11566643243555604	0.022218223191950968	0.007420784750270036	-0.03961274590791163	-0.03091671942259153
-0.005878226567049301	0.02492445115654503	-0.06025915969983686	-0.004535801811757699	0.06462497078808331	0.07112970063502268	-0.017572013577754234	0.3123351950560426	-0.26028666099815767	-0.09899211929978513	-0.043737332385148764	0.08400366137309473	-0.0740703398905589	-0.22152879624031518
0.007132482684481532	0.030454384613861962	0.0185113516605328	0.0845758910367747	0.023322279792334536	-0.1677183054663005	-0.059200068164037396	0.2624511389602784	0.17918255121488702	-0.06142503974919997	-0.0756325380437588	-0.019510428528150003	0.17896091201018405	-0.07669659824634051
-0.06941959934452857	-0.28085631330705635	0.0574385262302789	-0.15140306517732918	0.03961812677762753	0.03317400433462517	-0.10299562681808999	-0.17547437608529318	0.21573132338470177	-0.0881891093582649	-0.0014427552709263668	-0.06518505624624087	-0.05463525047095189	-0.2004106909720924
-0.0757627098778793	-0.20421909276625042	-0.11895959508298633	-0.19439665031180664	0.06423680183468279	-0.13766199992730635	-0.11302998607981084	-0.18096070519927124	0.10114507644287866	-0.09099275276057917	-0.08107464074651344	-0.03578496323903346	-0.05955457853174017	0.0894557437596361
-0.016504307121921902	-0.07887337007027816	0.03137535009085003	0.0602813782095733	0.029088244779269464	0.027761386781619064	0.13948086889466726	0.1264891753431576	-0.133066552242473	-0.07860453159676016	0.019848271098050534	-0.10053040766077075	-0.08571780240289517	-0.031878837361051494
0.0033804803165518684	-0.057571236397622065	0.016514122773517267	0.08117710090361097	0.02601517394301627	0.059895550907419194	0.1414811099103731	-0.21182277870061098	-0.0792523664261171	0.08769962532018423	0.010123790368841167	0.05172977676284251	-0.05824792448745733	-0.015703379025891365
-0.05331906543675193	-0.020341975192702436	-0.10020166545281833	-0.13289979186940246	0.0343212682665766	0.016034079729626966	-0.10844066472269794	0.15244943462173818	0.0673170350602007	0.13021144132057474	0.0066413294245052336	0.05349879498279453	-0.012113113770047562	0.05098376558169713
0.008696140368707599	-0.08199276986835846	0.07415147786433159	0.014145114065339033	0.06766185573417	0.11779434748426991	-0.14489820834630435	-0.06696682508327156	0.21700703743334537	-0.07776469309271809	0.007167567223131767	0.027848951183744003	-0.0337342879364125	-0.1916634341023458
0.007189840966878566	0.09360326241178084	0.03997133362601656	-0.1268678846105308	-0.03536293517822717	0.0163665189998904	0.08972788684491402	-0.0766362559557653	0.17381990278095638	-0.0085112931563902	-0.03727476417269394	0.1941359624057913	-0.035182575617321694	-0.08766943564339663
0.006600868541148069	0.038371669070048235	0.034258442647849	-0.1348419280867576	-0.0011812461615705039	0.07201303986061343	0.07238516545427373	0.0971557445543192	0.08752354995460916	-0.08943570558738395	0.0083750889464404	-0.06571889770950927	-0.1007666755801825	0.0069547610444879665
0.04866966957091629	0.0319828452253893	-0.0473474592102228	-0.15279195854013963	0.007876601509069667	-0.15785612816698508	-0.09093448641694264	0.1600110095889147	0.0747041195578431	-0.08960738502175426	0.005571123881363001	-0.06279894547023153	-0.07808663587274553	-0.2935716589850403
-0.03527633386825497	-0.14259408057066322	0.062339792667271195	0.12705595864997202	0.06378442170230317	-0.0024373680639995336	-0.07450082363557486	-0.09516826715312197	0.03734115235934467	-0.07658637851281437	0.007558087401670701	-0.04263237947420667	-0.08793626271201449	-0.08158261189555834
-0.0004898815328327668	0.0261511474129164	0.036746345569332366	-0.1579518797214449	-0.17205860974067935	-0.06785090050945115	-0.10357843686422674	-0.08475656409389883	-0.06001643676508017	-0.07933139798318634	0.0104790414548436	0.0240780005967354	-0.07769924353610046	-0.02537122384326827
-0.007635268930336063	0.07163162445814365	0.0231445609698738	0.009292906920079199	0.07942618779982334	0.03194796182415113	-0.0461274297991448	0.1527665800851832	-0.11931537283363532	-0.06415152588627153	-0.033474771386838534	0.21756419227801707	-0.04761844242336083	-0.1508526649711943
0.009117381981667769	0.1644842408981714	-0.06094561189043193	0.21480150145800336	0.057792228767154896	0.028151016490698233	-0.05724325631469682	-0.11789073975801063	0.05898163515113203	0.1296909931914614	0.008914303930565	0.00785260031910017	-0.036332700959322166	0.06712739995374144
0.001540345175980437	0.11080071480587357	0.033110245712274035	-0.1701786625166878	-0.0578609816333051	0.14983750672753	-0.10799888999855967	-0.005685315812974566	-0.11425523038031904	-0.080146366025828	0.017433829794142198	0.10232648699455606	-0.034569684915748335	-0.07810460637073884
0.012433133623410565	0.0086775315276652	0.04301261215680106	0.0901471322956518	-0.014713262086348834	-0.09349218457749464	-0.009773692607253467	-0.08575726127238137	0.10694400514844253	-0.08936115663694989	-0.0003590666550633663	-0.028955710251407796	-0.06229188594610487	0.06233885579892077
0.017863529009036167	0.04742031972655716	-0.0961671511035771	0.08321147963303839	0.0740525335210351	-0.011329594254884801	0.0836561516771507	-0.3082369499442491	0.1200246195538066	0.09345489015852643	0.012000835860834834	-0.026651400647971998	0.052535796328198596	0.19450957802133084
0.0038144703375959654	-0.15960412369621224	0.006660560267803099	0.1735139422713704	0.028789901073436236	-0.11752676475733727	-0.0691129056983446	0.18240367513391434	0.1923092287473249	-0.0715690994217409	0.005253107768247934	-0.14786438558323448	0.12776827251036507	-0.08478954077075773
0.03209259095800414	0.10847194515188542	-0.07315035391812563	0.05168801760138533	-0.024268100412559033	0.24312174015855834	-0.013085276555508498	-0.16165573986644044	0.0363273442462263	0.0818400709693764	-0.036671243085788466	0.22072222058627045	0.07315371274506118	-0.007480951893002699
-0.04181739217717333	0.1719720753444136	0.0337254583589848	0.27009803239826485	0.07472605036130144	-0.2885410564734521	0.12857711454086532	-0.1726593107457035	-0.14675818151464923	0.0626578064249165	-0.0049521972801904665	0.06784315684706028	0.09474309384657216	-0.012608045448033798
0.008770768907950631	0.07885956509385246	0.04295531305633593	0.025124215666791894	-0.022696604547788535	-0.14829072711783117	-0.07909905109066497	0.19708730340534955	0.09671418535880637	0.17404685158914002	0.0057429140201063	0.0250200065285711	-0.05508684407576883	0.014495787452449832
0.0018418338128440334	0.0032781894209725354	0.045751668987271156	0.027659893157315832	0.0390548538383321	-0.001503340296788234	-0.03420814408034547	0.13601897201954258	0.07243364920873928	-0.0891778880133469	0.008274544941614734	0.018388310656645934	-0.04378619803125497	-0.2213161032269092
0.05908077445040736	-0.1380988680426706	-0.04897436291438514	0.03988149754632057	0.05123408987101216	0.017728657218770903	-0.0684909566608774	-0.11804712431572521	-0.030402565638554035	0.13160470395397794	-0.002013768404129267	0.0030789583311177002	-0.0567010613562283	0.09353448708831617
-0.017344131613248066	0.013105559717009404	0.029000846364498165	-0.1596334512387814	0.0859601162345145	0.24420957378275202	-0.060158944182845196	-0.021242000147482995	0.15497525896267791	-0.08818235726959196	-6.654381749230005e-05	-0.0436304995976782	-0.0734998263873888	-0.11188001073952718
0.06769268689936844	-0.18556636781749403	-0.026985631335909466	-0.07097448731612266	-0.03924759703276679	0.013727149594234734	0.12592549631144442	-0.09320460581178824	0.011540520613836432	-0.0906703263352958	0.012784144394231367	-0.08353682035704289	-0.05883645329104897	0.031308266044940365
0.06612182544824297	0.0033503225743400735	-0.027436802653578368	0.09480635667138863	0.05641194030121486	0.1001390815445925	-0.0455430777202507	-0.16063746104616766	-0.11253718308194112	0.050681230737532966	0.0099460780746847	-0.001306213067232433	0.06518501007289003	-0.14031225465877908
-0.006613060844662166	0.1073106994980192	0.05043200234703863	0.06764487654780336	-0.006762912442771565	-0.1110180105965373	-0.06810659601499877	0.09044273195130853	-0.028416831266090636	-0.08916419681447617	0.013481000756377001	-0.08679763616539456	-0.053530960587400235	0.047643732892276726
0.079349028734358	0.0881482314980108	-0.0551512309712065	-0.17172139181622503	-0.034424659920727636	-0.1605257060976639	-0.040905746708970035	-0.030230222612862536	-0.07825209107835046	-0.06026552062236384	0.006379378431674733	-0.09430175075115836	0.09348669758349082	0.09638849054742656
0.014071852510613367	0.03950508475517827	0.053987697240900134	0.056433536015535433	0.0221567141463095	0.036129023419970034	-0.18803461581284106	0.3956928665467152	0.21688237509234365	0.1449403482006895	0.0038698534240579337	-0.09532629673332753	0.02246262279221417	-0.21680893231867834
-0.051301944238070864	-0.0480335597418742	-0.09322076388478655	-0.06440601548109404	0.06904161959787626	0.008934080173773529	0.2030341305513548	-0.15474872083408717	-0.09625876788024157	-0.07934219448038027	0.012671117694985566	-0.10095913969736399	-0.07874851809749607	-0.028657371995751035
-0.0123796516461261	0.073618134817372	-0.11107671810361917	0.033571167412633635	0.016797844581745533	0.01946340964078847	-0.12580171386999395	0.2706629181716113	-0.04198722550432273	-0.059567842615059374	-0.07686993347130079	-0.016107811363978836	0.05875041657192861	-0.0595917551893444
0.029452285050579164	0.003430061380965734	0.0667756876911413	0.08455265147137046	0.026149311211448933	0.15614954014816843	-0.0704845381703463	0.08825652405688306	-0.04221292715559257	0.15187315099245893	0.0045368970070588	0.018004652481077466	-0.006624236123095266	0.03361008033991777
0.010158076449291566	-0.0438372223876879	0.05622084580594346	0.10858407504686625	0.0822668244786428	-0.026122445343858866	-0.0851685068051391	0.22264657754520312	0.3015630040687128	0.12972838955319427	0.004972473954308234	-0.06390599804493342	-0.06315858684240737	0.014396374795832135
-0.005106011107699667	-0.054431781111051646	0.05905087371815434	-0.17054774505701312	0.012122459227455898	-0.1675892743142783	-0.09460983036410449	-0.15941630826225808	-0.08753144122009991	0.1745647535830475	0.014381264202561299	0.07200996275671002	-0.033432323602823465	0.370520072626147
0.001294157854805466	0.012435811072144568	0.052266564873586795	0.04289782079834237	0.0706508580313195	0.027047632549117462	-0.0825993154953407	-0.05993690008912537	0.04902613352069907	-0.08924681622896063	-0.07926515666933766	0.01709406452738333	-0.06338845227043599	-0.03455232998854713
0.007796482494250999	-0.265920662735918	0.0113508936759143	0.04339861731266476	0.03444080529204214	0.062481788638449796	-0.07737559240552007	0.21378610294128866	0.15281144097285007	0.12968254571893964	-0.07549169428978623	0.039070851129979565	-0.025752439438361235	-0.07658915428919176
0.0593770293563227	0.015042103370457268	-0.05471360726880533	0.0759228099635808	0.0908491450018742	0.16562151466203598	0.07627228753715067	-0.2261741611521179	-0.11170738432973981	0.08735733127927557	0.009619927257989633	0.007396293654912533	-0.05663555683459764	0.05275913938919686
-0.0006241535246168014	0.06873945198776273	-0.05436448323232703	0.036106381192682564	0.025037417651233032	-0.0954759696771789	-0.07631746070966504	-0.05773875969036127	-0.27944086640616744	-0.09906966116523504	0.0007935503815969	0.07317676231878513	-0.0752125200218712	0.0351288868077654
0.03131060823527264	-0.04563044689981683	-0.06847675995266357	0.13540484733712863	0.07907744840444902	0.06478096494069911	0.0329494448574928	0.17469284338151028	0.1899640889962988	-0.08939488619608806	0.012078481868182932	-0.06315633791706403	-0.06756615515904331	0.016495379691788267
-0.018004506629397597	0.03581829112712263	-0.10797234477155383	0.031325012253671736	0.08084793880749257	0.026062397609204997	-0.06704605214587331	0.21447826921724847	-0.21460919636046505	0.012400181657935766	-0.015342540783745135	-0.09433481020043577	0.0566775674981165	-0.09414864529285931
-0.06681171421153793	0.09047469388872648	0.034486162217992535	0.0460927807969728	-0.06357578701556814	-0.034386201431957135	0.11251823900106676	-0.2331465882269709	-0.32258155364994107	0.06726286027956997	0.014346906525098466	0.0663939645907589	-0.032749191307722934	-0.008515867860580935
-0.018625942299939066	0.08606968939725557	0.009071750784149268	-0.08062252851973085	-0.17828613025188442	-0.12105603609475536	0.08278804045977929	-0.21319812716503073	0.04285090686631124	-0.0893185465881855	0.012007628332397833	0.007661134027409232	-0.05041965399319876	0.1079912195378625
-0.07106855992946091	-0.2620921131424767	0.0261472299784332	0.024010163595918333	-0.0560038565311848	-0.16115557162664448	-0.08511115143524546	-0.16811676196240488	0.0145379125057956	0.0897937209201274	0.0275348668556995	0.33149346316961953	0.046453000377284205	-0.11430289358564649
0.04015554785986167	0.057136615252850464	-0.07189788060332943	-0.10851287227614866	0.0473711280180697	0.07547337579512324	0.05013416621068206	0.28778247318204425	0.12598564062635306	-0.07128851238197757	0.014096836880587533	-0.0630641800878686	0.07638067129132474	0.05727268308201983
0.01695688440109917	0.09659381083627966	0.0362598445444094	0.040265826593135864	0.041905216050817734	0.09433765654037969	-0.08109892862765053	0.2714257597134308	0.15406575601956654	-0.08949903629251156	0.008774520253714634	-0.056963083674829135	-0.08646463513964986	-0.04942047977537106
-0.008384062833866732	-0.18690085598313336	0.040109218000200134	0.16650814634163558	0.045203882149310204	-0.0030919828091855333	-0.07687056434495636	0.11039811616479327	0.14021409520510944	-0.08927621527430102	-0.07620229279665107	0.010763342668339601	-0.05594959013837981	-0.0025546844130618003
-0.04201859791098253	0.03565179639000637	0.038264578737056465	-0.10725550244538094	-0.038489306816994896	0.0374042829441427	-0.12474711442662802	-0.15223661485402593	-0.1138669990579985	-0.07825239085778547	0.003994298089501734	0.047029863042115566	-0.059651930370725	-0.08997618907872891
-0.04980893442482167	0.09279429314701336	-0.11140362189383653	0.05951188343350223	0.06288110505900026	0.0322899813048415	-0.02331331898591547	-0.07248161821230774	0.21348496435889008	-0.08912192133287855	-0.07457032743522767	0.019456797268769168	-0.05629387360765447	0.0813103266239147
0.07183585135816413	-0.017357569849977068	0.04518155356585227	0.17854067017503927	-0.013269906933700797	-0.12104989327728782	-0.07606780147568033	-0.048401011006236595	-0.2515102736267924	-0.02445591684289497	-0.003766106931927167	0.2838273486696516	-0.033356224451763804	0.06208495928990731
0.024993530708271438	0.0552679379719436	0.05902881637762286	-0.13459593255202057	0.05456138633774583	-0.15027755195617296	-0.0436251111630788	-0.05839020355022817	-0.1074851006348397	-0.0661147654079275	0.003726653678917634	0.06338281320591573	-0.033431169385914464	0.012926717459082268
0.029336732664892503	0.0237806121346483	0.03868022074808803	0.05017333910489367	0.026820458239219705	0.0692440041731416	-0.009890832494382367	0.11241836891845126	0.023609321341357736	-0.06970313698508217	0.006573293632031601	-0.12085108183613225	0.05570656756375627	-0.08633036226350584
0.01359820336848873	-0.09614601854186433	0.0420368042791849	-0.13272690396363715	-0.01949737178425813	-0.02649171525186397	-0.0056163387012256654	0.29287257802828587	0.2048294657439124	0.1739123353494012	0.011604255659464033	-0.007360482972974833	-0.038947689869698966	-0.18370174016972332
-0.074608619006003	-0.23134910595013222	0.054981613839371064	-0.11504202704543333	-0.05496069530248537	0.03354564446238913	-0.05655980631207357	-0.05322983113642634	0.1647223404467012	-0.08807957339484908	0.0007574484289740334	0.02587743433926824	-0.0329243970812003	-0.07482190402727074
0.0142140337546544	0.048434545894525366	0.0461392738856314	-0.1534028893016016	0.05487521144391307	0.1492181592726644	-0.0012964508992258997	0.24183483581517215	0.1302489642669493	-0.008428043227135232	0.0085367297526257	0.0265177204938709	0.0297898830667276	-0.15988561419018935
0.018935273431836333	-0.12242570898736127	0.033733713355237165	-0.12357847288269513	-0.15705019285665534	-0.0008741665342733672	-0.11114284748456023	-0.17747573383479373	0.028751539452573565	0.08300382924804796	-0.057721637916735034	0.27607863047337944	-0.010976706068835934	0.013872171532503768
-0.03552673157620954	0.029763987779078238	0.020031724585966266	0.05764633942559677	0.010355768237263733	-0.1347176393042388	0.10043670371081696	-0.19376651650933585	-0.3013036178772374	0.04898558037835014	-0.03631406693863567	0.2505304692238312	0.016467938420113033	0.11327699368918791
-0.0519450090594345	-0.571116772739651	-0.11799045767774553	-0.13269783326022258	0.008393247130246098	0.021491771018950695	-0.10783112171435494	-0.13572320565973672	-0.09564915513276727	-0.07930329775900717	0.0021764171858305336	-0.11856897971222267	-0.06637312626253503	0.0087706129427096
0.014022046171464735	-0.1657906293877514	0.009003332395024965	-0.0652503528925274	-0.012880833454081633	0.11832990505009643	0.051638200815113604	0.18917361171395908	0.18672672221211029	0.12971747558094168	0.0119021661476292	0.020831131817000966	-0.0374045900808046	-0.0625640483593906
-0.0539087174048297	0.016182938884453362	-0.08674309164813804	0.05073059820722763	-0.16374050691899888	-0.1660529675154547	0.07276172643370493	-0.4984785807355531	-0.06981048060450952	0.18368289304002539	0.009793379989110033	0.05785981533175357	-0.017162843304744834	0.32814540312425405
0.034313486286044165	0.13846946135074822	0.0683713135458155	0.21985879143703754	0.02882039458029456	0.08578329844156284	-0.06033113839056423	-0.26949042295748743	0.14716258947176053	0.1313064091216736	0.01683702442675643	-0.04709082345784743	-0.059604719660418665	-0.008514433444745699
0.005032682222711434	-0.10248408694774157	0.0066785079156965995	0.03276465022167303	0.05497609183268413	0.08736602879698396	-0.0655957327920557	-0.06236095718193304	-0.018095955793109034	-0.09095830940644613	0.008122844319828666	-0.08492914816895332	-0.05675110368067831	-0.17912687616636389
-0.0025519820229451	-0.3762480102563002	0.05076325724980743	-0.10901834515297687	0.07134723684605193	0.023299563787463465	-0.1058188424665031	-0.08614348714471316	-0.10202926697255987	-0.08097924112822753	-0.00042849544009006604	-0.026031431844405498	-0.04173452218260476	0.028147172329466768
0.025212610215912732	-0.1466346614716967	0.0450814486762696	0.0853601402993569	0.032078306226726666	0.037526755108162335	-0.08170094523673456	-0.18766991786461348	-0.10055422234726107	0.0887536547936455	0.009120550426342534	0.03211122581142383	-0.0062921705371291325	-0.006256297591234934
0.0053151530948709015	-0.05434193991448203	-0.0015540481713783004	-0.1478149549700072	-0.19067117065205166	0.04567772546465477	-0.043611379770569565	-0.22813747007166316	0.07893562126665393	0.0818718308085432	-0.03630557731905133	0.17831016241906752	0.0310041899542239	0.015376082058892163
-0.0017536558592122335	0.08183681378416764	0.06506592574014856	0.00045438840838369954	0.07255146478989233	-0.1040563580215419	0.017598883854472766	0.184826718073233	-0.04787096710354896	-0.07775409163659476	0.016814591231342532	0.0675459069252394	-0.06515048949242304	-0.03226489711014393
0.00034928378863349763	-0.07168586753050739	0.026722337545211198	0.0507988291645932	0.0572554484112974	-0.1087764402998303	-0.08560404321275883	0.19760753304422543	0.34782968977179	-0.09081981918156211	0.010965696229267068	-0.11234459876735174	-0.06566458953538844	-0.08327462072642693
1.208387145246644e-05	0.08547469124549929	-0.11506000411095758	-0.0123554937559606	0.06807008330442389	0.09147612182977798	0.0037612088103576324	-0.0442583172016262	0.06789054913622987	0.0951425309044534	0.010066874784584134	-0.06503730876541823	0.01047422863806067	0.05303468086542413
0.022383381083329466	-0.277183627662744	0.054662223658736166	-0.14542595792815716	0.058079435959550806	0.028842775099148427	-0.10056327961016404	-0.0498492799076845	-0.0572854606869693	-0.07607038026211087	0.017653969075759966	0.0031515859565674326	-0.07403587385291477	0.06545333523316173
0.018671889379068603	-0.12437344629984896	0.036960581911960604	0.029140980319784803	0.0640212626390865	0.057056261945689905	-0.0197459473032634	0.07495974598314054	-0.3035546636065991	0.04779650305668797	-0.022272268220221835	-0.0446704648304048	0.0536088107504468	0.0431552958472112
-0.056373242777014936	-0.10263838363103021	0.04940138269191124	-0.07640317754401087	-0.14417127140892302	-0.10180004059375347	0.0851450977357628	-0.15150348933121316	-0.35707657443426233	-0.09940898448884923	0.022883514931505897	0.08069570908443863	-0.041427005472505794	0.2706308630067949
-0.027785144827350994	0.06838829005870954	0.023248795206978368	0.14789949888343698	0.09400565991372554	0.16657010718619555	-0.05233588415495966	-0.05177087189089607	0.0491088337485746	-0.0708632069791375	0.000808994853926334	-0.0609111179471483	0.10446565871736495	0.0893950850625455
0.018181029956017034	-0.03489898619739417	0.015432751913989533	-0.17455288320159634	0.0607811982972472	-0.1408389090554424	-0.10975020833941362	-0.18881865132660192	0.044006962102630796	-0.061772294750423805	-0.0014976079928610993	0.0385483484329741	0.10255800465800934	-0.012582644161557166
0.007894090690345001	0.09101017754951989	0.015583979437092865	0.0572432021272286	-0.056566408037337805	0.058122890242831925	-0.0313000237498001	-0.06442341374229603	0.014463604873929331	-0.08920805248343118	0.013838476013486733	-0.017478922962196098	-0.04533974783495307	-0.005740759230174401
0.003238782622594367	0.10377944538714624	0.0625049683688826	0.0441148139323618	0.07109447133533757	0.08353688811734933	-0.0693170284149925	-0.0012842346576917019	0.280657276454575	-0.08921520653835256	-0.0772036612283341	-0.057953614008211106	-0.07066864405898819	-0.010661400907175331
-0.0188363073449259	-0.015522674798637401	-0.002607482596347868	-0.1986831403440464	-0.24579587640654668	-0.10433652400527309	0.0827191960362602	0.013110288021856799	-0.13353509629781557	0.13392373738787325	0.021547869694733365	0.11788179232022583	0.0008316160139952705	0.2399957095809184
-0.02984354530981721	-0.0451922856037752	0.019439726431017698	-0.10284801943828449	-0.17061924533762843	0.18871338972321786	0.05699651635099733	0.1660233451150606	-0.06769215650942703	-0.08810585306717882	0.004380980490675201	0.030225339492020765	-0.046149570345617265	-0.09243627946715553
0.012454667875293167	-0.018771479015511836	0.03910345422189677	0.09042915190128403	0.08013054746806343	0.08319867092090216	-0.07107793832602426	-0.17956992328485533	0.11745732832216133	-0.08827066378251687	0.018155459109541902	-0.0634304302339296	-0.08743839715741847	0.05721735888062716
-0.027144263424370135	0.17390523834026675	0.05750811840947987	-0.15563910398068817	0.03576137431719867	0.0080503775672926	-0.10768959620807383	-0.02820562209192683	-0.098019755980899	0.18726430568753286	-0.002879456049866133	-0.0011221029172176304	-0.0321187688886747	-0.09665146195297081
-0.043095551431671104	-0.07424754237962156	-0.10001212103627348	0.09530424231935473	0.0556876851221297	0.1110601448737914	-0.0010470224509853663	-0.12844529580479144	0.04476042802501546	0.08573222880689668	0.0076446188021668665	-0.030060856300667637	-0.046709611055414525	0.058502050912758265
-0.008182770361892069	-0.08308655337496636	0.029533217178205135	-0.12501314935565336	0.13126621963411397	0.04050563072276677	-0.10415143671176098	-0.2762910784636708	0.1052321747351143	-0.089494931360963	0.012305894634951834	-0.056068656829608064	-0.0665862463555766	0.0143202107359517
-0.0128122445252763	-0.0033012814273906976	0.0407171768339965	0.081093284894266	-0.0496796553235082	0.03426331283363753	-0.0618475910954762	-0.13371390225414886	0.07555207210368413	-0.07942532284362437	0.0130005413452636	-0.0003062197909966666	-0.05319760512847097	0.2809814602783182
-0.031371984337370366	-0.2849541255095161	0.034792172900612296	-0.14159146533883563	-0.04813282682201813	-0.019143119802816102	-0.1276930597755408	-0.13551607142807456	-0.042647362541359334	-0.0651457469010177	-0.031443999740307794	0.3021934604964263	-0.003078026824406601	-0.1050740793546006
-0.013500828784880667	0.054924300885133066	0.0464874394507112	-0.1970917205931689	0.06973336313436514	-0.21856187167541663	-0.11007977878166643	-0.10476840534194141	0.012118628399704531	0.1449332774372568	0.009953134515972399	-0.06219746539973736	0.0203867830125698	0.09459446788671715
0.018642644910746266	0.040684287632466565	0.032536270026028	-0.16773441871108996	-0.04594000057360927	0.10294772390510183	-0.10672885068654557	-0.17409818686447628	0.21817863094584	0.17975076374698995	0.012166964613976166	-0.03440670771411243	-0.03833172943720509	0.06234671349272377
-0.04321765145640636	0.022943503086701195	-0.1348406872368141	-0.15832410418331108	-0.021742973841137738	-0.12787095518854485	-0.11913603790662504	0.28886298205924343	0.07376466971530443	-0.09123570291146556	-0.08062441950365414	-0.0302566493453313	-0.05285885508355684	-0.1130410539616911
0.1018058293481048	0.009630362358130466	-0.022304491963309664	-0.13142935465695224	-0.13862129749338736	-0.1668592657863542	-0.10892826143666932	0.1628469858348156	-0.2686690794346494	-0.08292650881691253	0.03564681545312857	-0.09316032517067001	-0.0758291367445018	-0.01843148309155553
0.00010391986513876479	-0.12333442207698304	0.06565946969024707	0.05150724070530283	-0.04232426930112864	0.061746380957294934	0.13430499673277577	-0.2896063943119198	-0.13505379620758423	-0.07779736743620423	0.0078022750561171994	-0.06955581934800636	-0.05246518777566644	0.12738512970830032
0.007734221807546401	0.0060297870067802335	0.025094112928372835	0.04747905184734764	0.0609303130112119	0.07405343392993183	0.1395178545575191	-0.1644189162361902	0.08699143400013949	0.12963944632588206	-0.001681948357010233	-0.020189781785322866	-0.05523982282206124	0.0651541923086329
-0.020372421910518197	0.0913682051267989	-0.0856727843254096	0.009868406380261466	0.0500360593768123	-0.21830311715138925	0.02688226841985603	0.031149754475067834	-0.0841378435860141	0.18089954551741327	0.018200378142014133	-0.08929044156304744	-0.037944602176325566	0.06088151536734334
0.05419484166339056	-0.01959189492728063	-0.017283553185022702	0.0057369415022943	0.0772986134098812	0.011801126775120631	0.025879072543439668	-0.05070688746567326	0.11777462251442795	-0.08939358409240099	-0.07683817674792216	-6.708889726036772e-05	-0.0733879861382187	-0.07915565144553083
-0.03374762824133184	-0.05508505883782566	0.05231545343921363	0.022209801234783128	-0.018044706087307866	0.004129332321480033	-0.08666190593135399	0.20582996708347504	0.12061133913376317	0.16631241949944153	0.014665967138321	0.0238414251244143	-0.0477701146517902	-0.03421469835292243
0.0004356692708365666	0.03372559107833457	0.1149349906470924	0.051446309666152434	0.06299181034516783	-0.11811390199719966	-0.08434679134405888	-0.04479569575280953	0.07919616781192886	0.14124827200701168	0.007516179859796066	0.023808791243207828	-0.0393339437481499	-0.05111810578071966
0.03648919675972467	0.021997716736954703	0.04295601624851786	-0.0269671558118679	-0.014991986333099436	-0.027961534564005037	0.03367752056740283	0.11229382891492219	0.260059085666548	-0.08775327301415115	0.007957087764352234	0.07349673540179592	-0.051000535320424534	-0.012860279553875831
0.010861882135529133	0.0912226127752621	0.09155776678939982	0.0341336545955823	0.08396260005345224	-0.0015104573137140337	-0.0112101650257663	0.16148712182607802	0.08853377147328535	-0.050203107297943535	-0.0007002927011198999	-0.04722444072510307	0.10697223249989092	0.0200549908629051
0.0276526212690716	-0.09730186129537662	0.039112493939445034	-0.11845363211170361	-0.03453693664470856	0.04207462898551356	-0.12612533011606747	0.15528690422426153	0.09305906318734093	-0.0879641760932119	0.007522794253517667	0.016418947356754966	-0.08032267154763686	-0.08830392114657737
-0.013879691921575501	-0.01253634817640007	-0.0801525970475791	-0.09489632073378752	0.052860468922615866	-0.10313705879861713	0.08100543480365843	-0.32059019794592564	-0.22729865194896123	-0.099652131066115	0.009516894817630801	0.061878674344261496	0.0033838475828451655	0.2639192974880367
-0.015972190832219398	0.09281177822647109	0.023446358475545066	0.22463181239070243	-0.004948405368805868	-0.11825144811255923	-0.0657112715364854	0.09823850199676824	-0.1787976803363366	0.08705559858762173	0.0080169814300653	-0.10984135660774634	-0.06077580633465934	0.05100527202656413
-0.007583005335590161	0.12589135807798438	0.0165473405756368	0.03133177462568597	0.05565373382182714	0.13341145102941077	-0.02351048087805503	-0.1265273017759165	0.0106683869078855	-0.08782293302187823	-0.005767983266358633	-0.03532337816978586	-0.0384879301424132	-0.03825040551341486
0.0673717767043821	-0.0222364097124515	-0.003339622915180833	0.04609731958009503	0.021715751605471734	-0.19683983188426493	-0.009884338138834034	0.10658014536605209	-0.08832537304384487	0.1542971249389486	0.011432971064723	0.014512061979479296	-0.008332811054058633	0.07884286761028077
-0.008577964988716333	0.016072643754607735	0.06550147984361056	-0.07132087903447773	-0.012978706755613	-0.22870033997765757	0.0792703506846084	-0.19265771186218095	-0.060370134548965775	0.18343374223709122	0.003594190751549667	0.04949614030866523	0.00021366006900640222	0.09674566233380494
0.0010614522203152333	0.06513152803372635	0.019730431702138132	-0.0917206239271063	0.042559038805018434	-0.006162487502560234	0.11322531302267584	-0.1885722763239818	0.0415327262440351	-0.08962800651204589	0.015016072022579	0.0082646223280234	-0.06278053157555133	0.052495688390990336
-0.021044965266437034	-0.10812588353924608	0.047259851798583136	-0.12633580551668486	-0.0422574562936921	-0.21697740543892022	0.0848240991161785	-0.360927362319945	-0.08933532681930763	-0.08010609798408283	0.0141911024672791	0.032712522319491864	-0.07096874193866319	0.2949114984066876
-0.06894862497568549	-0.143573773141194	-0.09743284701535733	0.07870643276018714	-0.05188936004151857	0.013684881825302433	0.13170095198567042	-0.13330498824525083	0.04791589331703653	0.1647767572213855	0.012472384863053035	0.004062665784784934	-0.027658807700636667	0.05267385799476074
0.020608905752267898	-0.31023769449866095	0.0342538358193765	-0.11470211500278372	-0.14474010974910145	0.05018554463941557	-0.0158712995628341	0.4175377737533725	0.20939536302581263	0.1036211514297075	0.012332762651313634	-0.03831180009546093	0.030105149514322468	-0.18924832294253416
-0.04326524770193674	-0.1831074970090273	0.05823290795706874	-0.12857255142829896	-0.13310894831499262	-0.0952115269598639	-0.10349719163338457	-0.03301054029172824	-0.34241689890956084	-0.0837489241151421	-0.02198877063997037	0.4415292932261692	0.046347018952365364	0.18342613516785577
0.0657987278184054	-0.06569345607848896	-0.015496945256296931	-0.2064427499195175	-0.18122524844333418	-0.2325830734900595	0.12798928233815085	-0.2551706762532096	-0.1630503323183545	0.11041251918658562	0.040714935985159136	-0.032861156378914534	0.012940550326215364	0.09329207806566242
0.024733692867439067	-0.0491707692557202	0.059147055485254764	0.07711052180873613	0.09038809619770183	0.08140528504193974	0.1402365026583509	0.1492769022515795	0.2499950641936549	-0.0877634781160409	-0.07513299418890353	-0.0759569672791827	-0.08836071778555743	0.014846113737965997
-0.027442637885428733	0.10681818807667955	-0.10880841296708015	0.016248240781017567	0.02020444267510336	0.15049140580856873	-0.06333390455474523	0.058575336598495044	-0.07038530245325697	0.08719645138135619	0.006296731262674234	-0.0545501495353554	-0.08839985183562914	-0.06161846015823987
0.008226075016393572	0.18276523946309697	-0.1004092907581184	0.23589152137108627	0.018100461226205167	0.19799112885605463	0.10526797626586933	-0.1317403241999662	0.11353522437917303	0.12970432937779036	0.008977865799846567	0.04928882308350437	-0.05929469979687866	0.07157909718184043
0.03580267023776477	0.061818618530204074	0.0557507785900499	-0.020995796980573533	-0.0430405395136285	-0.12053128738261253	0.00013173215603700059	0.02387347283256	0.09709524044153713	-0.08987482693678754	0.0027340194204649	-0.10820398392588614	-0.036773906724031566	-0.07973487613509027
0.002854475068206764	0.03574140012203344	-0.014556435254423766	-0.0021742421240979657	-0.1343101332694895	-0.1346190687544433	-0.032643938984815934	-0.0009580865586388999	-0.26645934887183853	0.21899000725544307	0.020416684016113667	0.0785978359155823	-0.030904545834810903	0.06291711363554776
0.02792588251595023	-0.2509336354316461	0.056895647401360404	0.14622024595942154	0.07010191417914437	0.15531137293511546	0.12656030694263462	0.1204978497996263	-0.02307363820391914	-0.0792481516311175	0.020523032206424534	-0.05019761255841681	-0.03521800198186847	0.060783037807431266
0.012964361147939057	-0.23128251159942895	0.04134125288959283	0.032720136895030304	-0.1310177801753232	-0.10957154397202933	-0.07518922652486666	-0.00031766721429756645	0.006028793419190867	0.09460272956174741	-0.03858288045929823	0.270911914807678	0.03326630077683696	-0.03138159436845247
0.023706797832200834	-0.07572771841559343	0.050252385083663594	0.06979684431818696	0.08305948770788153	0.2139703757038717	-0.05081022737717911	0.261189644410623	0.1431655914163677	-0.06000203612134563	0.003851582702078567	-0.005729518980054131	0.13551218673388107	-0.13670119892565863
0.003807032189654868	-0.2325063251000317	0.054438092200584494	0.0848056619853859	-0.033625271368494136	-0.012285162173731967	0.10137538248264887	-0.10959619041711123	0.07052840548128914	-0.0779791554968	-0.004860512201053433	0.01532739955421523	-0.07179957396535856	0.091711627806821
0.03367183358539443	0.041392712317339535	-0.06435815082720917	0.14244149694172323	0.056034441408952335	0.007698896547220935	-0.0745686533935369	0.18265619626835053	0.17503193029762398	0.1295657269841406	-0.0002988231326680665	-0.04222398416845654	-0.062055319078835665	-0.07291921829890206
-0.01493782384873747	-0.2107058046151468	-0.1105739279532675	-0.09535084203784133	-0.05261425157287833	-0.19072094356455596	0.12187835129311064	-0.1407257965931952	0.0867380542671124	-0.08825498169640998	0.01564118923251163	0.0355238935306531	-0.0658266162694777	-0.038941396554125436
0.0656073711667912	0.021531439777355537	0.027878005122916997	-0.1254181764016802	-0.015988548926587232	-0.01267575110392917	-0.12881430406018476	0.14271790655227498	-0.1547608788721814	-0.0827811031720672	0.043539052192957034	0.08895049264001736	-0.04199124163186433	-0.046142919559494865
-0.022162556263602834	0.0335329522175545	0.04545636836395284	0.004666388341818868	0.07369087505203463	0.0002245156871245	0.03394001113270954	0.23125021469879914	-0.1378491499356387	0.1133319676869859	0.0032426014661014	-0.1088398519439016	0.013433792148363396	0.015550806229046733
0.038352025897508295	0.07302050545369304	0.02865364636971383	-0.1571750895031368	0.021886978394910134	-0.13535267756128944	-0.0654728268830253	-0.15887304736980634	0.07795793244710524	-0.08777487657106302	0.014370132311909102	0.07138274306216547	-0.0411624803520001	0.07674831822408197
0.011324843911017202	0.014330915471699457	0.032613853334948734	-0.10872363327917696	0.1360049381652525	0.18676809408991338	0.07542146251330117	-0.033991671982281535	-0.07531189094135833	-0.0808967421982051	0.0016016930071563334	0.011902716800782429	-0.05553705195277919	0.03298144891166369
-0.0029879110550291993	-0.05191696167737706	0.022450192502940298	-0.11561455205773423	0.075191924599664	0.09155899122558353	-0.10029221430079266	-0.1980543622003116	0.08949511947072257	0.12972104882300303	0.010739602331530401	-0.06402274374244137	-0.0522160380212694	0.04794991810911767
0.016001955720750898	-0.05815623035301167	0.030969981990151496	0.027340901011360535	0.08408725247680847	0.15595099031853904	-0.027772341434035067	0.1157512840862745	0.1473491877461464	0.12989590850223845	-0.0008684985745443669	0.010691525649343466	-0.07732644303649654	-0.16538671604009286
-0.041355277457872264	0.0603581738448821	0.050553672178242436	-0.20262197105778737	0.06693681130233163	0.24455669759521573	-0.07749582070344034	0.14479190254002233	-0.1315389861879462	0.15213263550153075	0.010923652838438333	0.03131285455412047	0.006639304993632004	0.008291186942135867
-0.0021076026433708983	0.045308145154358694	-0.004059001558549033	-0.02400055989762757	0.04104558617866303	-0.0264867753648932	-0.12582906978117397	0.36283860548817276	-0.07810105388538889	0.10531697106005511	0.008525835210828066	-0.07394404922901227	0.05887662127582386	-0.10037683792931502
-0.04207501773533173	-0.0457121054272106	0.04258222972504493	-0.07859495548145853	-0.04329243833312687	-0.10675128763304327	0.050988674969566765	0.21972386122953677	0.07442063656973717	-0.0601969771487528	0.013425450330363768	-0.015400045380513932	0.0765079994927271	-0.11238268412600354
0.019759690586803835	-0.25540517087267967	0.025640918426818968	0.1474917007664156	-0.16626750611116178	0.0541102763294647	-0.014189156714499301	-0.12709827073058677	0.10352700954475817	-0.07805501788128667	0.009870905581157732	0.04308836540289563	-0.05464037945030394	-0.013944256386891432
-0.034943060247537565	-0.006018840498994066	-0.12106273637088161	0.06737304320476704	0.06991302113964844	0.27344310850031767	-0.043061985978863904	-0.17815946686424308	0.1173769028975881	0.1296358140939677	-0.0745109401600802	-0.048157110105261865	-0.05991936104656747	-0.13351457480280424
0.0346745483913476	0.1276736595536819	0.04618985091506506	0.01800182946759027	0.0583268552956815	0.014592085418708767	-0.056748784166966465	-0.14287067171994797	-0.1158653641565718	0.08848342312684264	0.0007063496539112002	0.07787164982969413	-0.02199198164386097	-0.016587241494544835
